core   0: 0x0000000000001000 (0x00000297) auipc   t0, 0x0
core   0: 3 0x0000000000001000 (0x00000297) x5  0x0000000000001000
core   0: 0x0000000000001004 (0x02028593) addi    a1, t0, 32
core   0: 3 0x0000000000001004 (0x02028593) x11 0x0000000000001020
core   0: 0x0000000000001008 (0xf1402573) csrr    a0, mhartid
core   0: 3 0x0000000000001008 (0xf1402573) x10 0x0000000000000000
core   0: 0x000000000000100c (0x0182b283) ld      t0, 24(t0)
core   0: 3 0x000000000000100c (0x0182b283) x5  0x0000000080000000 mem 0x0000000000001018
core   0: 0x0000000000001010 (0x00028067) jr      t0
core   0: 3 0x0000000000001010 (0x00028067)
core   0: >>>>  $xrv64i2p1_m2p0_a2p1_f2p2_d2p2_c2p0_zicsr2p0_zifencei2p0_zmmul1p0_zaamo1p0_zalrsc1p0_zca1p0_zcd1p0
core   0: 0x0000000080000000 (0x30401073) csrw    mie, zero
core   0: 3 0x0000000080000000 (0x30401073) c772_mie 0x0000000000000000
core   0: 0x0000000080000004 (0x00004401) c.li    s0, 0
core   0: 3 0x0000000080000004 (0x4401) x8  0x0000000000000000
core   0: 0x0000000080000006 (0x00004481) c.li    s1, 0
core   0: 3 0x0000000080000006 (0x4481) x9  0x0000000000000000
core   0: 0x0000000080000008 (0x000052fd) c.li    t0, -1
core   0: 3 0x0000000080000008 (0x52fd) x5  0xffffffffffffffff
core   0: 0x000000008000000a (0x3b029073) csrw    pmpaddr0, t0
core   0: 3 0x000000008000000a (0x3b029073) c944_pmpaddr0 0x003fffffffffffff
core   0: 0x000000008000000e (0x000042fd) c.li    t0, 31
core   0: 3 0x000000008000000e (0x42fd) x5  0x000000000000001f
core   0: 0x0000000080000010 (0x3a029073) csrw    pmpcfg0, t0
core   0: 3 0x0000000080000010 (0x3a029073) c928_pmpcfg0 0x000000000000001f
core   0: 0x0000000080000014 (0x18001073) csrw    satp, zero
core   0: 3 0x0000000080000014 (0x18001073) c384_satp 0x0000000000000000
core   0: 0x0000000080000018 (0x02000293) li      t0, 32
core   0: 3 0x0000000080000018 (0x02000293) x5  0x0000000000000020
core   0: 0x000000008000001c (0x3032a073) csrs    mideleg, t0
core   0: 3 0x000000008000001c (0x3032a073) c771_mideleg 0x0000000000000020
core   0: 0x0000000080000020 (0x10400293) li      t0, 260
core   0: 3 0x0000000080000020 (0x10400293) x5  0x0000000000000104
core   0: 0x0000000080000024 (0x3022a073) csrs    medeleg, t0
core   0: 3 0x0000000080000024 (0x3022a073) c770_medeleg 0x0000000000000104
core   0: 0x0000000080000028 (0x00004301) c.li    t1, 0
core   0: 3 0x0000000080000028 (0x4301) x6  0x0000000000000000
core   0: 0x000000008000002a (0x00004285) c.li    t0, 1
core   0: 3 0x000000008000002a (0x4285) x5  0x0000000000000001
core   0: 0x000000008000002c (0x000012fe) c.slli  t0, 63
core   0: 3 0x000000008000002c (0x12fe) x5  0x8000000000000000
core   0: 0x000000008000002e (0x30a2a073) csrs    menvcfg, t0
core   0: 3 0x000000008000002e (0x30a2a073) c778_menvcfg 0x8000000000000000
core   0: 0x0000000080000032 (0x00004289) c.li    t0, 2
core   0: 3 0x0000000080000032 (0x4289) x5  0x0000000000000002
core   0: 0x0000000080000034 (0x3062a073) csrs    mcounteren, t0
core   0: 3 0x0000000080000034 (0x3062a073) c774_mcounteren 0x0000000000000002
core   0: 0x0000000080000038 (0x30a02373) csrr    t1, menvcfg
core   0: 3 0x0000000080000038 (0x30a02373) x6  0x8000000000000000
core   0: 0x000000008000003c (0x03f35a13) srli    s4, t1, 63
core   0: 3 0x000000008000003c (0x03f35a13) x20 0x0000000000000001
core   0: 0x0000000080000040 (0x00000297) auipc   t0, 0x0
core   0: 3 0x0000000080000040 (0x00000297) x5  0x0000000080000040
core   0: 0x0000000080000044 (0x0c028293) addi    t0, t0, 192
core   0: 3 0x0000000080000044 (0x0c028293) x5  0x0000000080000100
core   0: 0x0000000080000048 (0x30529073) csrw    mtvec, t0
core   0: 3 0x0000000080000048 (0x30529073) c773_mtvec 0x0000000080000100
core   0: 0x000000008000004c (0x020042b7) lui     t0, 0x2004
core   0: 3 0x000000008000004c (0x020042b7) x5  0x0000000002004000
core   0: 0x0000000080000050 (0x0000537d) c.li    t1, -1
core   0: 3 0x0000000080000050 (0x537d) x6  0xffffffffffffffff
core   0: 0x0000000080000052 (0x0062b023) sd      t1, 0(t0)
core   0: 3 0x0000000080000052 (0x0062b023) mem 0x0000000002004000 0xffffffffffffffff
core   0: 0x0000000080000056 (0x00000297) auipc   t0, 0x0
core   0: 3 0x0000000080000056 (0x00000297) x5  0x0000000080000056
core   0: 0x000000008000005a (0x02628293) addi    t0, t0, 38
core   0: 3 0x000000008000005a (0x02628293) x5  0x000000008000007c
core   0: 0x000000008000005e (0x34129073) csrw    mepc, t0
core   0: 3 0x000000008000005e (0x34129073) c833_mepc 0x000000008000007c
core   0: 0x0000000080000062 (0x00006289) c.lui   t0, 0x2
core   0: 3 0x0000000080000062 (0x6289) x5  0x0000000000002000
core   0: 0x0000000080000064 (0x8002829b) addiw   t0, t0, -2048
core   0: 3 0x0000000080000064 (0x8002829b) x5  0x0000000000001800
core   0: 0x0000000080000068 (0x3002b073) csrc    mstatus, t0
core   0: 3 0x0000000080000068 (0x3002b073) c768_mstatus 0x0000000a00000000
core   0: 0x000000008000006c (0x00006285) c.lui   t0, 0x1
core   0: 3 0x000000008000006c (0x6285) x5  0x0000000000001000
core   0: 0x000000008000006e (0x8002829b) addiw   t0, t0, -2048
core   0: 3 0x000000008000006e (0x8002829b) x5  0x0000000000000800
core   0: 0x0000000080000072 (0x3002a073) csrs    mstatus, t0
core   0: 3 0x0000000080000072 (0x3002a073) c768_mstatus 0x0000000a00000800
core   0: 0x0000000080000076 (0x30200073) mret
core   0: 3 0x0000000080000076 (0x30200073) c768_mstatus 0x0000000a00000080
core   0: >>>>  s_mode_kernel_entry
core   0: 0x000000008000007c (0x00000297) auipc   t0, 0x0
core   0: 1 0x000000008000007c (0x00000297) x5  0x000000008000007c
core   0: 0x0000000080000080 (0x05828293) addi    t0, t0, 88
core   0: 1 0x0000000080000080 (0x05828293) x5  0x00000000800000d4
core   0: 0x0000000080000084 (0x10529073) csrw    stvec, t0
core   0: 1 0x0000000080000084 (0x10529073) c261_stvec 0x00000000800000d4
core   0: 0x0000000080000088 (0x0200c2b7) lui     t0, 0x200c
core   0: 1 0x0000000080000088 (0x0200c2b7) x5  0x000000000200c000
core   0: 0x000000008000008c (0x000032e1) c.addiw t0, -8
core   0: 1 0x000000008000008c (0x32e1) x5  0x000000000200bff8
core   0: 0x000000008000008e (0x0002b303) ld      t1, 0(t0)
core   0: 1 0x000000008000008e (0x0002b303) x6  0x0000000000000000 mem 0x000000000200bff8
core   0: 0x0000000080000092 (0x03200393) li      t2, 50
core   0: 1 0x0000000080000092 (0x03200393) x7  0x0000000000000032
core   0: 0x0000000080000096 (0x0000931e) c.add   t1, t2
core   0: 1 0x0000000080000096 (0x931e) x6  0x0000000000000032
core   0: 0x0000000080000098 (0x14d31073) csrw    stimecmp, t1
core   0: 1 0x0000000080000098 (0x14d31073) c333_stimecmp 0x0000000000000032
core   0: 0x000000008000009c (0x02000293) li      t0, 32
core   0: 1 0x000000008000009c (0x02000293) x5  0x0000000000000020
core   0: 0x00000000800000a0 (0x1042a073) csrs    sie, t0
core   0: 1 0x00000000800000a0 (0x1042a073) c260_sie 0x0000000000000020 c772_mie 0x0000000000000020
core   0: 0x00000000800000a4 (0x10402cf3) csrr    s9, sie
core   0: 1 0x00000000800000a4 (0x10402cf3) x25 0x0000000000000020
core   0: 0x00000000800000a8 (0x00000297) auipc   t0, 0x0
core   0: 1 0x00000000800000a8 (0x00000297) x5  0x00000000800000a8
core   0: 0x00000000800000ac (0x02428293) addi    t0, t0, 36
core   0: 1 0x00000000800000ac (0x02428293) x5  0x00000000800000cc
core   0: 0x00000000800000b0 (0x14129073) csrw    sepc, t0
core   0: 1 0x00000000800000b0 (0x14129073) c321_sepc 0x00000000800000cc
core   0: 0x00000000800000b4 (0x10000293) li      t0, 256
core   0: 1 0x00000000800000b4 (0x10000293) x5  0x0000000000000100
core   0: 0x00000000800000b8 (0x1002b073) csrc    sstatus, t0
core   0: 1 0x00000000800000b8 (0x1002b073) c768_mstatus 0x0000000a00000080
core   0: 0x00000000800000bc (0x02000293) li      t0, 32
core   0: 1 0x00000000800000bc (0x02000293) x5  0x0000000000000020
core   0: 0x00000000800000c0 (0x1002a073) csrs    sstatus, t0
core   0: 1 0x00000000800000c0 (0x1002a073) c768_mstatus 0x0000000a000000a0
core   0: 0x00000000800000c4 (0x10200073) sret
core   0: 1 0x00000000800000c4 (0x10200073) c768_mstatus 0x0000000a000000a2
core   0: >>>>  u_mode_user_app
core   0: 0x00000000800000cc (0x00004501) c.li    a0, 0
core   0: 0 0x00000000800000cc (0x4501) x10 0x0000000000000000
core   0: 0x00000000800000ce (0x00000505) c.addi  a0, 1
core   0: 0 0x00000000800000ce (0x0505) x10 0x0000000000000001
core   0: 0x00000000800000d0 (0x0000bffd) c.j     pc - 2
core   0: 0 0x00000000800000d0 (0xbffd)
core   0: 0x00000000800000ce (0x00000505) c.addi  a0, 1
core   0: 0 0x00000000800000ce (0x0505) x10 0x0000000000000002
core   0: 0x00000000800000d0 (0x0000bffd) c.j     pc - 2
core   0: 0 0x00000000800000d0 (0xbffd)
core   0: 0x00000000800000ce (0x00000505) c.addi  a0, 1
core   0: 0 0x00000000800000ce (0x0505) x10 0x0000000000000003
core   0: 0x00000000800000d0 (0x0000bffd) c.j     pc - 2
core   0: 0 0x00000000800000d0 (0xbffd)
core   0: 0x00000000800000ce (0x00000505) c.addi  a0, 1
core   0: 0 0x00000000800000ce (0x0505) x10 0x0000000000000004
core   0: 0x00000000800000d0 (0x0000bffd) c.j     pc - 2
core   0: 0 0x00000000800000d0 (0xbffd)
core   0: 0x00000000800000ce (0x00000505) c.addi  a0, 1
core   0: 0 0x00000000800000ce (0x0505) x10 0x0000000000000005
core   0: 0x00000000800000d0 (0x0000bffd) c.j     pc - 2
core   0: 0 0x00000000800000d0 (0xbffd)
core   0: 0x00000000800000ce (0x00000505) c.addi  a0, 1
core   0: 0 0x00000000800000ce (0x0505) x10 0x0000000000000006
core   0: 0x00000000800000d0 (0x0000bffd) c.j     pc - 2
core   0: 0 0x00000000800000d0 (0xbffd)
core   0: 0x00000000800000ce (0x00000505) c.addi  a0, 1
core   0: 0 0x00000000800000ce (0x0505) x10 0x0000000000000007
core   0: 0x00000000800000d0 (0x0000bffd) c.j     pc - 2
core   0: 0 0x00000000800000d0 (0xbffd)
core   0: 0x00000000800000ce (0x00000505) c.addi  a0, 1
core   0: 0 0x00000000800000ce (0x0505) x10 0x0000000000000008
core   0: 0x00000000800000d0 (0x0000bffd) c.j     pc - 2
core   0: 0 0x00000000800000d0 (0xbffd)
core   0: 0x00000000800000ce (0x00000505) c.addi  a0, 1
core   0: 0 0x00000000800000ce (0x0505) x10 0x0000000000000009
core   0: 0x00000000800000d0 (0x0000bffd) c.j     pc - 2
core   0: 0 0x00000000800000d0 (0xbffd)
core   0: 0x00000000800000ce (0x00000505) c.addi  a0, 1
core   0: 0 0x00000000800000ce (0x0505) x10 0x000000000000000a
core   0: 0x00000000800000d0 (0x0000bffd) c.j     pc - 2
core   0: 0 0x00000000800000d0 (0xbffd)
core   0: 0x00000000800000ce (0x00000505) c.addi  a0, 1
core   0: 0 0x00000000800000ce (0x0505) x10 0x000000000000000b
core   0: 0x00000000800000d0 (0x0000bffd) c.j     pc - 2
core   0: 0 0x00000000800000d0 (0xbffd)
core   0: 0x00000000800000ce (0x00000505) c.addi  a0, 1
core   0: 0 0x00000000800000ce (0x0505) x10 0x000000000000000c
core   0: 0x00000000800000d0 (0x0000bffd) c.j     pc - 2
core   0: 0 0x00000000800000d0 (0xbffd)
core   0: 0x00000000800000ce (0x00000505) c.addi  a0, 1
core   0: 0 0x00000000800000ce (0x0505) x10 0x000000000000000d
core   0: 0x00000000800000d0 (0x0000bffd) c.j     pc - 2
core   0: 0 0x00000000800000d0 (0xbffd)
core   0: 0x00000000800000ce (0x00000505) c.addi  a0, 1
core   0: 0 0x00000000800000ce (0x0505) x10 0x000000000000000e
core   0: 0x00000000800000d0 (0x0000bffd) c.j     pc - 2
core   0: 0 0x00000000800000d0 (0xbffd)
core   0: 0x00000000800000ce (0x00000505) c.addi  a0, 1
core   0: 0 0x00000000800000ce (0x0505) x10 0x000000000000000f
core   0: 0x00000000800000d0 (0x0000bffd) c.j     pc - 2
core   0: 0 0x00000000800000d0 (0xbffd)
core   0: 0x00000000800000ce (0x00000505) c.addi  a0, 1
core   0: 0 0x00000000800000ce (0x0505) x10 0x0000000000000010
core   0: 0x00000000800000d0 (0x0000bffd) c.j     pc - 2
core   0: 0 0x00000000800000d0 (0xbffd)
core   0: 0x00000000800000ce (0x00000505) c.addi  a0, 1
core   0: 0 0x00000000800000ce (0x0505) x10 0x0000000000000011
core   0: 0x00000000800000d0 (0x0000bffd) c.j     pc - 2
core   0: 0 0x00000000800000d0 (0xbffd)
core   0: 0x00000000800000ce (0x00000505) c.addi  a0, 1
core   0: 0 0x00000000800000ce (0x0505) x10 0x0000000000000012
core   0: 0x00000000800000d0 (0x0000bffd) c.j     pc - 2
core   0: 0 0x00000000800000d0 (0xbffd)
core   0: 0x00000000800000ce (0x00000505) c.addi  a0, 1
core   0: 0 0x00000000800000ce (0x0505) x10 0x0000000000000013
core   0: 0x00000000800000d0 (0x0000bffd) c.j     pc - 2
core   0: 0 0x00000000800000d0 (0xbffd)
core   0: 0x00000000800000ce (0x00000505) c.addi  a0, 1
core   0: 0 0x00000000800000ce (0x0505) x10 0x0000000000000014
core   0: 0x00000000800000d0 (0x0000bffd) c.j     pc - 2
core   0: 0 0x00000000800000d0 (0xbffd)
core   0: 0x00000000800000ce (0x00000505) c.addi  a0, 1
core   0: 0 0x00000000800000ce (0x0505) x10 0x0000000000000015
core   0: 0x00000000800000d0 (0x0000bffd) c.j     pc - 2
core   0: 0 0x00000000800000d0 (0xbffd)
core   0: 0x00000000800000ce (0x00000505) c.addi  a0, 1
core   0: 0 0x00000000800000ce (0x0505) x10 0x0000000000000016
core   0: 0x00000000800000d0 (0x0000bffd) c.j     pc - 2
core   0: 0 0x00000000800000d0 (0xbffd)
core   0: 0x00000000800000ce (0x00000505) c.addi  a0, 1
core   0: 0 0x00000000800000ce (0x0505) x10 0x0000000000000017
core   0: 0x00000000800000d0 (0x0000bffd) c.j     pc - 2
core   0: 0 0x00000000800000d0 (0xbffd)
core   0: 0x00000000800000ce (0x00000505) c.addi  a0, 1
core   0: 0 0x00000000800000ce (0x0505) x10 0x0000000000000018
core   0: 0x00000000800000d0 (0x0000bffd) c.j     pc - 2
core   0: 0 0x00000000800000d0 (0xbffd)
core   0: 0x00000000800000ce (0x00000505) c.addi  a0, 1
core   0: 0 0x00000000800000ce (0x0505) x10 0x0000000000000019
core   0: 0x00000000800000d0 (0x0000bffd) c.j     pc - 2
core   0: 0 0x00000000800000d0 (0xbffd)
core   0: 0x00000000800000ce (0x00000505) c.addi  a0, 1
core   0: 0 0x00000000800000ce (0x0505) x10 0x000000000000001a
core   0: 0x00000000800000d0 (0x0000bffd) c.j     pc - 2
core   0: 0 0x00000000800000d0 (0xbffd)
core   0: 0x00000000800000ce (0x00000505) c.addi  a0, 1
core   0: 0 0x00000000800000ce (0x0505) x10 0x000000000000001b
core   0: 0x00000000800000d0 (0x0000bffd) c.j     pc - 2
core   0: 0 0x00000000800000d0 (0xbffd)
core   0: 0x00000000800000ce (0x00000505) c.addi  a0, 1
core   0: 0 0x00000000800000ce (0x0505) x10 0x000000000000001c
core   0: 0x00000000800000d0 (0x0000bffd) c.j     pc - 2
core   0: 0 0x00000000800000d0 (0xbffd)
core   0: 0x00000000800000ce (0x00000505) c.addi  a0, 1
core   0: 0 0x00000000800000ce (0x0505) x10 0x000000000000001d
core   0: 0x00000000800000d0 (0x0000bffd) c.j     pc - 2
core   0: 0 0x00000000800000d0 (0xbffd)
core   0: 0x00000000800000ce (0x00000505) c.addi  a0, 1
core   0: 0 0x00000000800000ce (0x0505) x10 0x000000000000001e
core   0: 0x00000000800000d0 (0x0000bffd) c.j     pc - 2
core   0: 0 0x00000000800000d0 (0xbffd)
core   0: 0x00000000800000ce (0x00000505) c.addi  a0, 1
core   0: 0 0x00000000800000ce (0x0505) x10 0x000000000000001f
core   0: 0x00000000800000d0 (0x0000bffd) c.j     pc - 2
core   0: 0 0x00000000800000d0 (0xbffd)
core   0: 0x00000000800000ce (0x00000505) c.addi  a0, 1
core   0: 0 0x00000000800000ce (0x0505) x10 0x0000000000000020
core   0: 0x00000000800000d0 (0x0000bffd) c.j     pc - 2
core   0: 0 0x00000000800000d0 (0xbffd)
core   0: 0x00000000800000ce (0x00000505) c.addi  a0, 1
core   0: 0 0x00000000800000ce (0x0505) x10 0x0000000000000021
core   0: 0x00000000800000d0 (0x0000bffd) c.j     pc - 2
core   0: 0 0x00000000800000d0 (0xbffd)
core   0: 0x00000000800000ce (0x00000505) c.addi  a0, 1
core   0: 0 0x00000000800000ce (0x0505) x10 0x0000000000000022
core   0: 0x00000000800000d0 (0x0000bffd) c.j     pc - 2
core   0: 0 0x00000000800000d0 (0xbffd)
core   0: 0x00000000800000ce (0x00000505) c.addi  a0, 1
core   0: 0 0x00000000800000ce (0x0505) x10 0x0000000000000023
core   0: 0x00000000800000d0 (0x0000bffd) c.j     pc - 2
core   0: 0 0x00000000800000d0 (0xbffd)
core   0: 0x00000000800000ce (0x00000505) c.addi  a0, 1
core   0: 0 0x00000000800000ce (0x0505) x10 0x0000000000000024
core   0: 0x00000000800000d0 (0x0000bffd) c.j     pc - 2
core   0: 0 0x00000000800000d0 (0xbffd)
core   0: 0x00000000800000ce (0x00000505) c.addi  a0, 1
core   0: 0 0x00000000800000ce (0x0505) x10 0x0000000000000025
core   0: 0x00000000800000d0 (0x0000bffd) c.j     pc - 2
core   0: 0 0x00000000800000d0 (0xbffd)
core   0: 0x00000000800000ce (0x00000505) c.addi  a0, 1
core   0: 0 0x00000000800000ce (0x0505) x10 0x0000000000000026
core   0: 0x00000000800000d0 (0x0000bffd) c.j     pc - 2
core   0: 0 0x00000000800000d0 (0xbffd)
core   0: 0x00000000800000ce (0x00000505) c.addi  a0, 1
core   0: 0 0x00000000800000ce (0x0505) x10 0x0000000000000027
core   0: 0x00000000800000d0 (0x0000bffd) c.j     pc - 2
core   0: 0 0x00000000800000d0 (0xbffd)
core   0: 0x00000000800000ce (0x00000505) c.addi  a0, 1
core   0: 0 0x00000000800000ce (0x0505) x10 0x0000000000000028
core   0: 0x00000000800000d0 (0x0000bffd) c.j     pc - 2
core   0: 0 0x00000000800000d0 (0xbffd)
core   0: 0x00000000800000ce (0x00000505) c.addi  a0, 1
core   0: 0 0x00000000800000ce (0x0505) x10 0x0000000000000029
core   0: 0x00000000800000d0 (0x0000bffd) c.j     pc - 2
core   0: 0 0x00000000800000d0 (0xbffd)
core   0: 0x00000000800000ce (0x00000505) c.addi  a0, 1
core   0: 0 0x00000000800000ce (0x0505) x10 0x000000000000002a
core   0: 0x00000000800000d0 (0x0000bffd) c.j     pc - 2
core   0: 0 0x00000000800000d0 (0xbffd)
core   0: 0x00000000800000ce (0x00000505) c.addi  a0, 1
core   0: 0 0x00000000800000ce (0x0505) x10 0x000000000000002b
core   0: 0x00000000800000d0 (0x0000bffd) c.j     pc - 2
core   0: 0 0x00000000800000d0 (0xbffd)
core   0: 0x00000000800000ce (0x00000505) c.addi  a0, 1
core   0: 0 0x00000000800000ce (0x0505) x10 0x000000000000002c
core   0: 0x00000000800000d0 (0x0000bffd) c.j     pc - 2
core   0: 0 0x00000000800000d0 (0xbffd)
core   0: 0x00000000800000ce (0x00000505) c.addi  a0, 1
core   0: 0 0x00000000800000ce (0x0505) x10 0x000000000000002d
core   0: 0x00000000800000d0 (0x0000bffd) c.j     pc - 2
core   0: 0 0x00000000800000d0 (0xbffd)
core   0: 0x00000000800000ce (0x00000505) c.addi  a0, 1
core   0: 0 0x00000000800000ce (0x0505) x10 0x000000000000002e
core   0: 0x00000000800000d0 (0x0000bffd) c.j     pc - 2
core   0: 0 0x00000000800000d0 (0xbffd)
core   0: 0x00000000800000ce (0x00000505) c.addi  a0, 1
core   0: 0 0x00000000800000ce (0x0505) x10 0x000000000000002f
core   0: 0x00000000800000d0 (0x0000bffd) c.j     pc - 2
core   0: 0 0x00000000800000d0 (0xbffd)
core   0: 0x00000000800000ce (0x00000505) c.addi  a0, 1
core   0: 0 0x00000000800000ce (0x0505) x10 0x0000000000000030
core   0: 0x00000000800000d0 (0x0000bffd) c.j     pc - 2
core   0: 0 0x00000000800000d0 (0xbffd)
core   0: 0x00000000800000ce (0x00000505) c.addi  a0, 1
core   0: 0 0x00000000800000ce (0x0505) x10 0x0000000000000031
core   0: 0x00000000800000d0 (0x0000bffd) c.j     pc - 2
core   0: 0 0x00000000800000d0 (0xbffd)
core   0: 0x00000000800000ce (0x00000505) c.addi  a0, 1
core   0: 0 0x00000000800000ce (0x0505) x10 0x0000000000000032
core   0: 0x00000000800000d0 (0x0000bffd) c.j     pc - 2
core   0: 0 0x00000000800000d0 (0xbffd)
core   0: 0x00000000800000ce (0x00000505) c.addi  a0, 1
core   0: 0 0x00000000800000ce (0x0505) x10 0x0000000000000033
core   0: 0x00000000800000d0 (0x0000bffd) c.j     pc - 2
core   0: 0 0x00000000800000d0 (0xbffd)
core   0: 0x00000000800000ce (0x00000505) c.addi  a0, 1
core   0: 0 0x00000000800000ce (0x0505) x10 0x0000000000000034
core   0: 0x00000000800000d0 (0x0000bffd) c.j     pc - 2
core   0: 0 0x00000000800000d0 (0xbffd)
core   0: 0x00000000800000ce (0x00000505) c.addi  a0, 1
core   0: 0 0x00000000800000ce (0x0505) x10 0x0000000000000035
core   0: 0x00000000800000d0 (0x0000bffd) c.j     pc - 2
core   0: 0 0x00000000800000d0 (0xbffd)
core   0: 0x00000000800000ce (0x00000505) c.addi  a0, 1
core   0: 0 0x00000000800000ce (0x0505) x10 0x0000000000000036
core   0: 0x00000000800000d0 (0x0000bffd) c.j     pc - 2
core   0: 0 0x00000000800000d0 (0xbffd)
core   0: 0x00000000800000ce (0x00000505) c.addi  a0, 1
core   0: 0 0x00000000800000ce (0x0505) x10 0x0000000000000037
core   0: 0x00000000800000d0 (0x0000bffd) c.j     pc - 2
core   0: 0 0x00000000800000d0 (0xbffd)
core   0: 0x00000000800000ce (0x00000505) c.addi  a0, 1
core   0: 0 0x00000000800000ce (0x0505) x10 0x0000000000000038
core   0: 0x00000000800000d0 (0x0000bffd) c.j     pc - 2
core   0: 0 0x00000000800000d0 (0xbffd)
core   0: 0x00000000800000ce (0x00000505) c.addi  a0, 1
core   0: 0 0x00000000800000ce (0x0505) x10 0x0000000000000039
core   0: 0x00000000800000d0 (0x0000bffd) c.j     pc - 2
core   0: 0 0x00000000800000d0 (0xbffd)
core   0: 0x00000000800000ce (0x00000505) c.addi  a0, 1
core   0: 0 0x00000000800000ce (0x0505) x10 0x000000000000003a
core   0: 0x00000000800000d0 (0x0000bffd) c.j     pc - 2
core   0: 0 0x00000000800000d0 (0xbffd)
core   0: 0x00000000800000ce (0x00000505) c.addi  a0, 1
core   0: 0 0x00000000800000ce (0x0505) x10 0x000000000000003b
core   0: 0x00000000800000d0 (0x0000bffd) c.j     pc - 2
core   0: 0 0x00000000800000d0 (0xbffd)
core   0: 0x00000000800000ce (0x00000505) c.addi  a0, 1
core   0: 0 0x00000000800000ce (0x0505) x10 0x000000000000003c
core   0: 0x00000000800000d0 (0x0000bffd) c.j     pc - 2
core   0: 0 0x00000000800000d0 (0xbffd)
core   0: 0x00000000800000ce (0x00000505) c.addi  a0, 1
core   0: 0 0x00000000800000ce (0x0505) x10 0x000000000000003d
core   0: 0x00000000800000d0 (0x0000bffd) c.j     pc - 2
core   0: 0 0x00000000800000d0 (0xbffd)
core   0: 0x00000000800000ce (0x00000505) c.addi  a0, 1
core   0: 0 0x00000000800000ce (0x0505) x10 0x000000000000003e
core   0: 0x00000000800000d0 (0x0000bffd) c.j     pc - 2
core   0: 0 0x00000000800000d0 (0xbffd)
core   0: 0x00000000800000ce (0x00000505) c.addi  a0, 1
core   0: 0 0x00000000800000ce (0x0505) x10 0x000000000000003f
core   0: 0x00000000800000d0 (0x0000bffd) c.j     pc - 2
core   0: 0 0x00000000800000d0 (0xbffd)
core   0: 0x00000000800000ce (0x00000505) c.addi  a0, 1
core   0: 0 0x00000000800000ce (0x0505) x10 0x0000000000000040
core   0: 0x00000000800000d0 (0x0000bffd) c.j     pc - 2
core   0: 0 0x00000000800000d0 (0xbffd)
core   0: 0x00000000800000ce (0x00000505) c.addi  a0, 1
core   0: 0 0x00000000800000ce (0x0505) x10 0x0000000000000041
core   0: 0x00000000800000d0 (0x0000bffd) c.j     pc - 2
core   0: 0 0x00000000800000d0 (0xbffd)
core   0: 0x00000000800000ce (0x00000505) c.addi  a0, 1
core   0: 0 0x00000000800000ce (0x0505) x10 0x0000000000000042
core   0: 0x00000000800000d0 (0x0000bffd) c.j     pc - 2
core   0: 0 0x00000000800000d0 (0xbffd)
core   0: 0x00000000800000ce (0x00000505) c.addi  a0, 1
core   0: 0 0x00000000800000ce (0x0505) x10 0x0000000000000043
core   0: 0x00000000800000d0 (0x0000bffd) c.j     pc - 2
core   0: 0 0x00000000800000d0 (0xbffd)
core   0: 0x00000000800000ce (0x00000505) c.addi  a0, 1
core   0: 0 0x00000000800000ce (0x0505) x10 0x0000000000000044
core   0: 0x00000000800000d0 (0x0000bffd) c.j     pc - 2
core   0: 0 0x00000000800000d0 (0xbffd)
core   0: 0x00000000800000ce (0x00000505) c.addi  a0, 1
core   0: 0 0x00000000800000ce (0x0505) x10 0x0000000000000045
core   0: 0x00000000800000d0 (0x0000bffd) c.j     pc - 2
core   0: 0 0x00000000800000d0 (0xbffd)
core   0: 0x00000000800000ce (0x00000505) c.addi  a0, 1
core   0: 0 0x00000000800000ce (0x0505) x10 0x0000000000000046
core   0: 0x00000000800000d0 (0x0000bffd) c.j     pc - 2
core   0: 0 0x00000000800000d0 (0xbffd)
core   0: 0x00000000800000ce (0x00000505) c.addi  a0, 1
core   0: 0 0x00000000800000ce (0x0505) x10 0x0000000000000047
core   0: 0x00000000800000d0 (0x0000bffd) c.j     pc - 2
core   0: 0 0x00000000800000d0 (0xbffd)
core   0: 0x00000000800000ce (0x00000505) c.addi  a0, 1
core   0: 0 0x00000000800000ce (0x0505) x10 0x0000000000000048
core   0: 0x00000000800000d0 (0x0000bffd) c.j     pc - 2
core   0: 0 0x00000000800000d0 (0xbffd)
core   0: 0x00000000800000ce (0x00000505) c.addi  a0, 1
core   0: 0 0x00000000800000ce (0x0505) x10 0x0000000000000049
core   0: 0x00000000800000d0 (0x0000bffd) c.j     pc - 2
core   0: 0 0x00000000800000d0 (0xbffd)
core   0: 0x00000000800000ce (0x00000505) c.addi  a0, 1
core   0: 0 0x00000000800000ce (0x0505) x10 0x000000000000004a
core   0: 0x00000000800000d0 (0x0000bffd) c.j     pc - 2
core   0: 0 0x00000000800000d0 (0xbffd)
core   0: 0x00000000800000ce (0x00000505) c.addi  a0, 1
core   0: 0 0x00000000800000ce (0x0505) x10 0x000000000000004b
core   0: 0x00000000800000d0 (0x0000bffd) c.j     pc - 2
core   0: 0 0x00000000800000d0 (0xbffd)
core   0: 0x00000000800000ce (0x00000505) c.addi  a0, 1
core   0: 0 0x00000000800000ce (0x0505) x10 0x000000000000004c
core   0: 0x00000000800000d0 (0x0000bffd) c.j     pc - 2
core   0: 0 0x00000000800000d0 (0xbffd)
core   0: 0x00000000800000ce (0x00000505) c.addi  a0, 1
core   0: 0 0x00000000800000ce (0x0505) x10 0x000000000000004d
core   0: 0x00000000800000d0 (0x0000bffd) c.j     pc - 2
core   0: 0 0x00000000800000d0 (0xbffd)
core   0: 0x00000000800000ce (0x00000505) c.addi  a0, 1
core   0: 0 0x00000000800000ce (0x0505) x10 0x000000000000004e
core   0: 0x00000000800000d0 (0x0000bffd) c.j     pc - 2
core   0: 0 0x00000000800000d0 (0xbffd)
core   0: 0x00000000800000ce (0x00000505) c.addi  a0, 1
core   0: 0 0x00000000800000ce (0x0505) x10 0x000000000000004f
core   0: 0x00000000800000d0 (0x0000bffd) c.j     pc - 2
core   0: 0 0x00000000800000d0 (0xbffd)
core   0: 0x00000000800000ce (0x00000505) c.addi  a0, 1
core   0: 0 0x00000000800000ce (0x0505) x10 0x0000000000000050
core   0: 0x00000000800000d0 (0x0000bffd) c.j     pc - 2
core   0: 0 0x00000000800000d0 (0xbffd)
core   0: 0x00000000800000ce (0x00000505) c.addi  a0, 1
core   0: 0 0x00000000800000ce (0x0505) x10 0x0000000000000051
core   0: 0x00000000800000d0 (0x0000bffd) c.j     pc - 2
core   0: 0 0x00000000800000d0 (0xbffd)
core   0: 0x00000000800000ce (0x00000505) c.addi  a0, 1
core   0: 0 0x00000000800000ce (0x0505) x10 0x0000000000000052
core   0: 0x00000000800000d0 (0x0000bffd) c.j     pc - 2
core   0: 0 0x00000000800000d0 (0xbffd)
core   0: 0x00000000800000ce (0x00000505) c.addi  a0, 1
core   0: 0 0x00000000800000ce (0x0505) x10 0x0000000000000053
core   0: 0x00000000800000d0 (0x0000bffd) c.j     pc - 2
core   0: 0 0x00000000800000d0 (0xbffd)
core   0: 0x00000000800000ce (0x00000505) c.addi  a0, 1
core   0: 0 0x00000000800000ce (0x0505) x10 0x0000000000000054
core   0: 0x00000000800000d0 (0x0000bffd) c.j     pc - 2
core   0: 0 0x00000000800000d0 (0xbffd)
core   0: 0x00000000800000ce (0x00000505) c.addi  a0, 1
core   0: 0 0x00000000800000ce (0x0505) x10 0x0000000000000055
core   0: 0x00000000800000d0 (0x0000bffd) c.j     pc - 2
core   0: 0 0x00000000800000d0 (0xbffd)
core   0: 0x00000000800000ce (0x00000505) c.addi  a0, 1
core   0: 0 0x00000000800000ce (0x0505) x10 0x0000000000000056
core   0: 0x00000000800000d0 (0x0000bffd) c.j     pc - 2
core   0: 0 0x00000000800000d0 (0xbffd)
core   0: 0x00000000800000ce (0x00000505) c.addi  a0, 1
core   0: 0 0x00000000800000ce (0x0505) x10 0x0000000000000057
core   0: 0x00000000800000d0 (0x0000bffd) c.j     pc - 2
core   0: 0 0x00000000800000d0 (0xbffd)
core   0: 0x00000000800000ce (0x00000505) c.addi  a0, 1
core   0: 0 0x00000000800000ce (0x0505) x10 0x0000000000000058
core   0: 0x00000000800000d0 (0x0000bffd) c.j     pc - 2
core   0: 0 0x00000000800000d0 (0xbffd)
core   0: 0x00000000800000ce (0x00000505) c.addi  a0, 1
core   0: 0 0x00000000800000ce (0x0505) x10 0x0000000000000059
core   0: 0x00000000800000d0 (0x0000bffd) c.j     pc - 2
core   0: 0 0x00000000800000d0 (0xbffd)
core   0: 0x00000000800000ce (0x00000505) c.addi  a0, 1
core   0: 0 0x00000000800000ce (0x0505) x10 0x000000000000005a
core   0: 0x00000000800000d0 (0x0000bffd) c.j     pc - 2
core   0: 0 0x00000000800000d0 (0xbffd)
core   0: 0x00000000800000ce (0x00000505) c.addi  a0, 1
core   0: 0 0x00000000800000ce (0x0505) x10 0x000000000000005b
core   0: 0x00000000800000d0 (0x0000bffd) c.j     pc - 2
core   0: 0 0x00000000800000d0 (0xbffd)
core   0: 0x00000000800000ce (0x00000505) c.addi  a0, 1
core   0: 0 0x00000000800000ce (0x0505) x10 0x000000000000005c
core   0: 0x00000000800000d0 (0x0000bffd) c.j     pc - 2
core   0: 0 0x00000000800000d0 (0xbffd)
core   0: 0x00000000800000ce (0x00000505) c.addi  a0, 1
core   0: 0 0x00000000800000ce (0x0505) x10 0x000000000000005d
core   0: 0x00000000800000d0 (0x0000bffd) c.j     pc - 2
core   0: 0 0x00000000800000d0 (0xbffd)
core   0: 0x00000000800000ce (0x00000505) c.addi  a0, 1
core   0: 0 0x00000000800000ce (0x0505) x10 0x000000000000005e
core   0: 0x00000000800000d0 (0x0000bffd) c.j     pc - 2
core   0: 0 0x00000000800000d0 (0xbffd)
core   0: 0x00000000800000ce (0x00000505) c.addi  a0, 1
core   0: 0 0x00000000800000ce (0x0505) x10 0x000000000000005f
core   0: 0x00000000800000d0 (0x0000bffd) c.j     pc - 2
core   0: 0 0x00000000800000d0 (0xbffd)
core   0: 0x00000000800000ce (0x00000505) c.addi  a0, 1
core   0: 0 0x00000000800000ce (0x0505) x10 0x0000000000000060
core   0: 0x00000000800000d0 (0x0000bffd) c.j     pc - 2
core   0: 0 0x00000000800000d0 (0xbffd)
core   0: 0x00000000800000ce (0x00000505) c.addi  a0, 1
core   0: 0 0x00000000800000ce (0x0505) x10 0x0000000000000061
core   0: 0x00000000800000d0 (0x0000bffd) c.j     pc - 2
core   0: 0 0x00000000800000d0 (0xbffd)
core   0: 0x00000000800000ce (0x00000505) c.addi  a0, 1
core   0: 0 0x00000000800000ce (0x0505) x10 0x0000000000000062
core   0: 0x00000000800000d0 (0x0000bffd) c.j     pc - 2
core   0: 0 0x00000000800000d0 (0xbffd)
core   0: 0x00000000800000ce (0x00000505) c.addi  a0, 1
core   0: 0 0x00000000800000ce (0x0505) x10 0x0000000000000063
core   0: 0x00000000800000d0 (0x0000bffd) c.j     pc - 2
core   0: 0 0x00000000800000d0 (0xbffd)
core   0: 0x00000000800000ce (0x00000505) c.addi  a0, 1
core   0: 0 0x00000000800000ce (0x0505) x10 0x0000000000000064
core   0: 0x00000000800000d0 (0x0000bffd) c.j     pc - 2
core   0: 0 0x00000000800000d0 (0xbffd)
core   0: 0x00000000800000ce (0x00000505) c.addi  a0, 1
core   0: 0 0x00000000800000ce (0x0505) x10 0x0000000000000065
core   0: 0x00000000800000d0 (0x0000bffd) c.j     pc - 2
core   0: 0 0x00000000800000d0 (0xbffd)
core   0: 0x00000000800000ce (0x00000505) c.addi  a0, 1
core   0: 0 0x00000000800000ce (0x0505) x10 0x0000000000000066
core   0: 0x00000000800000d0 (0x0000bffd) c.j     pc - 2
core   0: 0 0x00000000800000d0 (0xbffd)
core   0: 0x00000000800000ce (0x00000505) c.addi  a0, 1
core   0: 0 0x00000000800000ce (0x0505) x10 0x0000000000000067
core   0: 0x00000000800000d0 (0x0000bffd) c.j     pc - 2
core   0: 0 0x00000000800000d0 (0xbffd)
core   0: 0x00000000800000ce (0x00000505) c.addi  a0, 1
core   0: 0 0x00000000800000ce (0x0505) x10 0x0000000000000068
core   0: 0x00000000800000d0 (0x0000bffd) c.j     pc - 2
core   0: 0 0x00000000800000d0 (0xbffd)
core   0: 0x00000000800000ce (0x00000505) c.addi  a0, 1
core   0: 0 0x00000000800000ce (0x0505) x10 0x0000000000000069
core   0: 0x00000000800000d0 (0x0000bffd) c.j     pc - 2
core   0: 0 0x00000000800000d0 (0xbffd)
core   0: 0x00000000800000ce (0x00000505) c.addi  a0, 1
core   0: 0 0x00000000800000ce (0x0505) x10 0x000000000000006a
core   0: 0x00000000800000d0 (0x0000bffd) c.j     pc - 2
core   0: 0 0x00000000800000d0 (0xbffd)
core   0: 0x00000000800000ce (0x00000505) c.addi  a0, 1
core   0: 0 0x00000000800000ce (0x0505) x10 0x000000000000006b
core   0: 0x00000000800000d0 (0x0000bffd) c.j     pc - 2
core   0: 0 0x00000000800000d0 (0xbffd)
core   0: 0x00000000800000ce (0x00000505) c.addi  a0, 1
core   0: 0 0x00000000800000ce (0x0505) x10 0x000000000000006c
core   0: 0x00000000800000d0 (0x0000bffd) c.j     pc - 2
core   0: 0 0x00000000800000d0 (0xbffd)
core   0: 0x00000000800000ce (0x00000505) c.addi  a0, 1
core   0: 0 0x00000000800000ce (0x0505) x10 0x000000000000006d
core   0: 0x00000000800000d0 (0x0000bffd) c.j     pc - 2
core   0: 0 0x00000000800000d0 (0xbffd)
core   0: 0x00000000800000ce (0x00000505) c.addi  a0, 1
core   0: 0 0x00000000800000ce (0x0505) x10 0x000000000000006e
core   0: 0x00000000800000d0 (0x0000bffd) c.j     pc - 2
core   0: 0 0x00000000800000d0 (0xbffd)
core   0: 0x00000000800000ce (0x00000505) c.addi  a0, 1
core   0: 0 0x00000000800000ce (0x0505) x10 0x000000000000006f
core   0: 0x00000000800000d0 (0x0000bffd) c.j     pc - 2
core   0: 0 0x00000000800000d0 (0xbffd)
core   0: 0x00000000800000ce (0x00000505) c.addi  a0, 1
core   0: 0 0x00000000800000ce (0x0505) x10 0x0000000000000070
core   0: 0x00000000800000d0 (0x0000bffd) c.j     pc - 2
core   0: 0 0x00000000800000d0 (0xbffd)
core   0: 0x00000000800000ce (0x00000505) c.addi  a0, 1
core   0: 0 0x00000000800000ce (0x0505) x10 0x0000000000000071
core   0: 0x00000000800000d0 (0x0000bffd) c.j     pc - 2
core   0: 0 0x00000000800000d0 (0xbffd)
core   0: 0x00000000800000ce (0x00000505) c.addi  a0, 1
core   0: 0 0x00000000800000ce (0x0505) x10 0x0000000000000072
core   0: 0x00000000800000d0 (0x0000bffd) c.j     pc - 2
core   0: 0 0x00000000800000d0 (0xbffd)
core   0: 0x00000000800000ce (0x00000505) c.addi  a0, 1
core   0: 0 0x00000000800000ce (0x0505) x10 0x0000000000000073
core   0: 0x00000000800000d0 (0x0000bffd) c.j     pc - 2
core   0: 0 0x00000000800000d0 (0xbffd)
core   0: 0x00000000800000ce (0x00000505) c.addi  a0, 1
core   0: 0 0x00000000800000ce (0x0505) x10 0x0000000000000074
core   0: 0x00000000800000d0 (0x0000bffd) c.j     pc - 2
core   0: 0 0x00000000800000d0 (0xbffd)
core   0: 0x00000000800000ce (0x00000505) c.addi  a0, 1
core   0: 0 0x00000000800000ce (0x0505) x10 0x0000000000000075
core   0: 0x00000000800000d0 (0x0000bffd) c.j     pc - 2
core   0: 0 0x00000000800000d0 (0xbffd)
core   0: 0x00000000800000ce (0x00000505) c.addi  a0, 1
core   0: 0 0x00000000800000ce (0x0505) x10 0x0000000000000076
core   0: 0x00000000800000d0 (0x0000bffd) c.j     pc - 2
core   0: 0 0x00000000800000d0 (0xbffd)
core   0: 0x00000000800000ce (0x00000505) c.addi  a0, 1
core   0: 0 0x00000000800000ce (0x0505) x10 0x0000000000000077
core   0: 0x00000000800000d0 (0x0000bffd) c.j     pc - 2
core   0: 0 0x00000000800000d0 (0xbffd)
core   0: 0x00000000800000ce (0x00000505) c.addi  a0, 1
core   0: 0 0x00000000800000ce (0x0505) x10 0x0000000000000078
core   0: 0x00000000800000d0 (0x0000bffd) c.j     pc - 2
core   0: 0 0x00000000800000d0 (0xbffd)
core   0: 0x00000000800000ce (0x00000505) c.addi  a0, 1
core   0: 0 0x00000000800000ce (0x0505) x10 0x0000000000000079
core   0: 0x00000000800000d0 (0x0000bffd) c.j     pc - 2
core   0: 0 0x00000000800000d0 (0xbffd)
core   0: 0x00000000800000ce (0x00000505) c.addi  a0, 1
core   0: 0 0x00000000800000ce (0x0505) x10 0x000000000000007a
core   0: 0x00000000800000d0 (0x0000bffd) c.j     pc - 2
core   0: 0 0x00000000800000d0 (0xbffd)
core   0: 0x00000000800000ce (0x00000505) c.addi  a0, 1
core   0: 0 0x00000000800000ce (0x0505) x10 0x000000000000007b
core   0: 0x00000000800000d0 (0x0000bffd) c.j     pc - 2
core   0: 0 0x00000000800000d0 (0xbffd)
core   0: 0x00000000800000ce (0x00000505) c.addi  a0, 1
core   0: 0 0x00000000800000ce (0x0505) x10 0x000000000000007c
core   0: 0x00000000800000d0 (0x0000bffd) c.j     pc - 2
core   0: 0 0x00000000800000d0 (0xbffd)
core   0: 0x00000000800000ce (0x00000505) c.addi  a0, 1
core   0: 0 0x00000000800000ce (0x0505) x10 0x000000000000007d
core   0: 0x00000000800000d0 (0x0000bffd) c.j     pc - 2
core   0: 0 0x00000000800000d0 (0xbffd)
core   0: 0x00000000800000ce (0x00000505) c.addi  a0, 1
core   0: 0 0x00000000800000ce (0x0505) x10 0x000000000000007e
core   0: 0x00000000800000d0 (0x0000bffd) c.j     pc - 2
core   0: 0 0x00000000800000d0 (0xbffd)
core   0: 0x00000000800000ce (0x00000505) c.addi  a0, 1
core   0: 0 0x00000000800000ce (0x0505) x10 0x000000000000007f
core   0: 0x00000000800000d0 (0x0000bffd) c.j     pc - 2
core   0: 0 0x00000000800000d0 (0xbffd)
core   0: 0x00000000800000ce (0x00000505) c.addi  a0, 1
core   0: 0 0x00000000800000ce (0x0505) x10 0x0000000000000080
core   0: 0x00000000800000d0 (0x0000bffd) c.j     pc - 2
core   0: 0 0x00000000800000d0 (0xbffd)
core   0: 0x00000000800000ce (0x00000505) c.addi  a0, 1
core   0: 0 0x00000000800000ce (0x0505) x10 0x0000000000000081
core   0: 0x00000000800000d0 (0x0000bffd) c.j     pc - 2
core   0: 0 0x00000000800000d0 (0xbffd)
core   0: 0x00000000800000ce (0x00000505) c.addi  a0, 1
core   0: 0 0x00000000800000ce (0x0505) x10 0x0000000000000082
core   0: 0x00000000800000d0 (0x0000bffd) c.j     pc - 2
core   0: 0 0x00000000800000d0 (0xbffd)
core   0: 0x00000000800000ce (0x00000505) c.addi  a0, 1
core   0: 0 0x00000000800000ce (0x0505) x10 0x0000000000000083
core   0: 0x00000000800000d0 (0x0000bffd) c.j     pc - 2
core   0: 0 0x00000000800000d0 (0xbffd)
core   0: 0x00000000800000ce (0x00000505) c.addi  a0, 1
core   0: 0 0x00000000800000ce (0x0505) x10 0x0000000000000084
core   0: 0x00000000800000d0 (0x0000bffd) c.j     pc - 2
core   0: 0 0x00000000800000d0 (0xbffd)
core   0: 0x00000000800000ce (0x00000505) c.addi  a0, 1
core   0: 0 0x00000000800000ce (0x0505) x10 0x0000000000000085
core   0: 0x00000000800000d0 (0x0000bffd) c.j     pc - 2
core   0: 0 0x00000000800000d0 (0xbffd)
core   0: 0x00000000800000ce (0x00000505) c.addi  a0, 1
core   0: 0 0x00000000800000ce (0x0505) x10 0x0000000000000086
core   0: 0x00000000800000d0 (0x0000bffd) c.j     pc - 2
core   0: 0 0x00000000800000d0 (0xbffd)
core   0: 0x00000000800000ce (0x00000505) c.addi  a0, 1
core   0: 0 0x00000000800000ce (0x0505) x10 0x0000000000000087
core   0: 0x00000000800000d0 (0x0000bffd) c.j     pc - 2
core   0: 0 0x00000000800000d0 (0xbffd)
core   0: 0x00000000800000ce (0x00000505) c.addi  a0, 1
core   0: 0 0x00000000800000ce (0x0505) x10 0x0000000000000088
core   0: 0x00000000800000d0 (0x0000bffd) c.j     pc - 2
core   0: 0 0x00000000800000d0 (0xbffd)
core   0: 0x00000000800000ce (0x00000505) c.addi  a0, 1
core   0: 0 0x00000000800000ce (0x0505) x10 0x0000000000000089
core   0: 0x00000000800000d0 (0x0000bffd) c.j     pc - 2
core   0: 0 0x00000000800000d0 (0xbffd)
core   0: 0x00000000800000ce (0x00000505) c.addi  a0, 1
core   0: 0 0x00000000800000ce (0x0505) x10 0x000000000000008a
core   0: 0x00000000800000d0 (0x0000bffd) c.j     pc - 2
core   0: 0 0x00000000800000d0 (0xbffd)
core   0: 0x00000000800000ce (0x00000505) c.addi  a0, 1
core   0: 0 0x00000000800000ce (0x0505) x10 0x000000000000008b
core   0: 0x00000000800000d0 (0x0000bffd) c.j     pc - 2
core   0: 0 0x00000000800000d0 (0xbffd)
core   0: 0x00000000800000ce (0x00000505) c.addi  a0, 1
core   0: 0 0x00000000800000ce (0x0505) x10 0x000000000000008c
core   0: 0x00000000800000d0 (0x0000bffd) c.j     pc - 2
core   0: 0 0x00000000800000d0 (0xbffd)
core   0: 0x00000000800000ce (0x00000505) c.addi  a0, 1
core   0: 0 0x00000000800000ce (0x0505) x10 0x000000000000008d
core   0: 0x00000000800000d0 (0x0000bffd) c.j     pc - 2
core   0: 0 0x00000000800000d0 (0xbffd)
core   0: 0x00000000800000ce (0x00000505) c.addi  a0, 1
core   0: 0 0x00000000800000ce (0x0505) x10 0x000000000000008e
core   0: 0x00000000800000d0 (0x0000bffd) c.j     pc - 2
core   0: 0 0x00000000800000d0 (0xbffd)
core   0: 0x00000000800000ce (0x00000505) c.addi  a0, 1
core   0: 0 0x00000000800000ce (0x0505) x10 0x000000000000008f
core   0: 0x00000000800000d0 (0x0000bffd) c.j     pc - 2
core   0: 0 0x00000000800000d0 (0xbffd)
core   0: 0x00000000800000ce (0x00000505) c.addi  a0, 1
core   0: 0 0x00000000800000ce (0x0505) x10 0x0000000000000090
core   0: 0x00000000800000d0 (0x0000bffd) c.j     pc - 2
core   0: 0 0x00000000800000d0 (0xbffd)
core   0: 0x00000000800000ce (0x00000505) c.addi  a0, 1
core   0: 0 0x00000000800000ce (0x0505) x10 0x0000000000000091
core   0: 0x00000000800000d0 (0x0000bffd) c.j     pc - 2
core   0: 0 0x00000000800000d0 (0xbffd)
core   0: 0x00000000800000ce (0x00000505) c.addi  a0, 1
core   0: 0 0x00000000800000ce (0x0505) x10 0x0000000000000092
core   0: 0x00000000800000d0 (0x0000bffd) c.j     pc - 2
core   0: 0 0x00000000800000d0 (0xbffd)
core   0: 0x00000000800000ce (0x00000505) c.addi  a0, 1
core   0: 0 0x00000000800000ce (0x0505) x10 0x0000000000000093
core   0: 0x00000000800000d0 (0x0000bffd) c.j     pc - 2
core   0: 0 0x00000000800000d0 (0xbffd)
core   0: 0x00000000800000ce (0x00000505) c.addi  a0, 1
core   0: 0 0x00000000800000ce (0x0505) x10 0x0000000000000094
core   0: 0x00000000800000d0 (0x0000bffd) c.j     pc - 2
core   0: 0 0x00000000800000d0 (0xbffd)
core   0: 0x00000000800000ce (0x00000505) c.addi  a0, 1
core   0: 0 0x00000000800000ce (0x0505) x10 0x0000000000000095
core   0: 0x00000000800000d0 (0x0000bffd) c.j     pc - 2
core   0: 0 0x00000000800000d0 (0xbffd)
core   0: 0x00000000800000ce (0x00000505) c.addi  a0, 1
core   0: 0 0x00000000800000ce (0x0505) x10 0x0000000000000096
core   0: 0x00000000800000d0 (0x0000bffd) c.j     pc - 2
core   0: 0 0x00000000800000d0 (0xbffd)
core   0: 0x00000000800000ce (0x00000505) c.addi  a0, 1
core   0: 0 0x00000000800000ce (0x0505) x10 0x0000000000000097
core   0: 0x00000000800000d0 (0x0000bffd) c.j     pc - 2
core   0: 0 0x00000000800000d0 (0xbffd)
core   0: 0x00000000800000ce (0x00000505) c.addi  a0, 1
core   0: 0 0x00000000800000ce (0x0505) x10 0x0000000000000098
core   0: 0x00000000800000d0 (0x0000bffd) c.j     pc - 2
core   0: 0 0x00000000800000d0 (0xbffd)
core   0: 0x00000000800000ce (0x00000505) c.addi  a0, 1
core   0: 0 0x00000000800000ce (0x0505) x10 0x0000000000000099
core   0: 0x00000000800000d0 (0x0000bffd) c.j     pc - 2
core   0: 0 0x00000000800000d0 (0xbffd)
core   0: 0x00000000800000ce (0x00000505) c.addi  a0, 1
core   0: 0 0x00000000800000ce (0x0505) x10 0x000000000000009a
core   0: 0x00000000800000d0 (0x0000bffd) c.j     pc - 2
core   0: 0 0x00000000800000d0 (0xbffd)
core   0: 0x00000000800000ce (0x00000505) c.addi  a0, 1
core   0: 0 0x00000000800000ce (0x0505) x10 0x000000000000009b
core   0: 0x00000000800000d0 (0x0000bffd) c.j     pc - 2
core   0: 0 0x00000000800000d0 (0xbffd)
core   0: 0x00000000800000ce (0x00000505) c.addi  a0, 1
core   0: 0 0x00000000800000ce (0x0505) x10 0x000000000000009c
core   0: 0x00000000800000d0 (0x0000bffd) c.j     pc - 2
core   0: 0 0x00000000800000d0 (0xbffd)
core   0: 0x00000000800000ce (0x00000505) c.addi  a0, 1
core   0: 0 0x00000000800000ce (0x0505) x10 0x000000000000009d
core   0: 0x00000000800000d0 (0x0000bffd) c.j     pc - 2
core   0: 0 0x00000000800000d0 (0xbffd)
core   0: 0x00000000800000ce (0x00000505) c.addi  a0, 1
core   0: 0 0x00000000800000ce (0x0505) x10 0x000000000000009e
core   0: 0x00000000800000d0 (0x0000bffd) c.j     pc - 2
core   0: 0 0x00000000800000d0 (0xbffd)
core   0: 0x00000000800000ce (0x00000505) c.addi  a0, 1
core   0: 0 0x00000000800000ce (0x0505) x10 0x000000000000009f
core   0: 0x00000000800000d0 (0x0000bffd) c.j     pc - 2
core   0: 0 0x00000000800000d0 (0xbffd)
core   0: 0x00000000800000ce (0x00000505) c.addi  a0, 1
core   0: 0 0x00000000800000ce (0x0505) x10 0x00000000000000a0
core   0: 0x00000000800000d0 (0x0000bffd) c.j     pc - 2
core   0: 0 0x00000000800000d0 (0xbffd)
core   0: 0x00000000800000ce (0x00000505) c.addi  a0, 1
core   0: 0 0x00000000800000ce (0x0505) x10 0x00000000000000a1
core   0: 0x00000000800000d0 (0x0000bffd) c.j     pc - 2
core   0: 0 0x00000000800000d0 (0xbffd)
core   0: 0x00000000800000ce (0x00000505) c.addi  a0, 1
core   0: 0 0x00000000800000ce (0x0505) x10 0x00000000000000a2
core   0: 0x00000000800000d0 (0x0000bffd) c.j     pc - 2
core   0: 0 0x00000000800000d0 (0xbffd)
core   0: 0x00000000800000ce (0x00000505) c.addi  a0, 1
core   0: 0 0x00000000800000ce (0x0505) x10 0x00000000000000a3
core   0: 0x00000000800000d0 (0x0000bffd) c.j     pc - 2
core   0: 0 0x00000000800000d0 (0xbffd)
core   0: 0x00000000800000ce (0x00000505) c.addi  a0, 1
core   0: 0 0x00000000800000ce (0x0505) x10 0x00000000000000a4
core   0: 0x00000000800000d0 (0x0000bffd) c.j     pc - 2
core   0: 0 0x00000000800000d0 (0xbffd)
core   0: 0x00000000800000ce (0x00000505) c.addi  a0, 1
core   0: 0 0x00000000800000ce (0x0505) x10 0x00000000000000a5
core   0: 0x00000000800000d0 (0x0000bffd) c.j     pc - 2
core   0: 0 0x00000000800000d0 (0xbffd)
core   0: 0x00000000800000ce (0x00000505) c.addi  a0, 1
core   0: 0 0x00000000800000ce (0x0505) x10 0x00000000000000a6
core   0: 0x00000000800000d0 (0x0000bffd) c.j     pc - 2
core   0: 0 0x00000000800000d0 (0xbffd)
core   0: 0x00000000800000ce (0x00000505) c.addi  a0, 1
core   0: 0 0x00000000800000ce (0x0505) x10 0x00000000000000a7
core   0: 0x00000000800000d0 (0x0000bffd) c.j     pc - 2
core   0: 0 0x00000000800000d0 (0xbffd)
core   0: 0x00000000800000ce (0x00000505) c.addi  a0, 1
core   0: 0 0x00000000800000ce (0x0505) x10 0x00000000000000a8
core   0: 0x00000000800000d0 (0x0000bffd) c.j     pc - 2
core   0: 0 0x00000000800000d0 (0xbffd)
core   0: 0x00000000800000ce (0x00000505) c.addi  a0, 1
core   0: 0 0x00000000800000ce (0x0505) x10 0x00000000000000a9
core   0: 0x00000000800000d0 (0x0000bffd) c.j     pc - 2
core   0: 0 0x00000000800000d0 (0xbffd)
core   0: 0x00000000800000ce (0x00000505) c.addi  a0, 1
core   0: 0 0x00000000800000ce (0x0505) x10 0x00000000000000aa
core   0: 0x00000000800000d0 (0x0000bffd) c.j     pc - 2
core   0: 0 0x00000000800000d0 (0xbffd)
core   0: 0x00000000800000ce (0x00000505) c.addi  a0, 1
core   0: 0 0x00000000800000ce (0x0505) x10 0x00000000000000ab
core   0: 0x00000000800000d0 (0x0000bffd) c.j     pc - 2
core   0: 0 0x00000000800000d0 (0xbffd)
core   0: 0x00000000800000ce (0x00000505) c.addi  a0, 1
core   0: 0 0x00000000800000ce (0x0505) x10 0x00000000000000ac
core   0: 0x00000000800000d0 (0x0000bffd) c.j     pc - 2
core   0: 0 0x00000000800000d0 (0xbffd)
core   0: 0x00000000800000ce (0x00000505) c.addi  a0, 1
core   0: 0 0x00000000800000ce (0x0505) x10 0x00000000000000ad
core   0: 0x00000000800000d0 (0x0000bffd) c.j     pc - 2
core   0: 0 0x00000000800000d0 (0xbffd)
core   0: 0x00000000800000ce (0x00000505) c.addi  a0, 1
core   0: 0 0x00000000800000ce (0x0505) x10 0x00000000000000ae
core   0: 0x00000000800000d0 (0x0000bffd) c.j     pc - 2
core   0: 0 0x00000000800000d0 (0xbffd)
core   0: 0x00000000800000ce (0x00000505) c.addi  a0, 1
core   0: 0 0x00000000800000ce (0x0505) x10 0x00000000000000af
core   0: 0x00000000800000d0 (0x0000bffd) c.j     pc - 2
core   0: 0 0x00000000800000d0 (0xbffd)
core   0: 0x00000000800000ce (0x00000505) c.addi  a0, 1
core   0: 0 0x00000000800000ce (0x0505) x10 0x00000000000000b0
core   0: 0x00000000800000d0 (0x0000bffd) c.j     pc - 2
core   0: 0 0x00000000800000d0 (0xbffd)
core   0: 0x00000000800000ce (0x00000505) c.addi  a0, 1
core   0: 0 0x00000000800000ce (0x0505) x10 0x00000000000000b1
core   0: 0x00000000800000d0 (0x0000bffd) c.j     pc - 2
core   0: 0 0x00000000800000d0 (0xbffd)
core   0: 0x00000000800000ce (0x00000505) c.addi  a0, 1
core   0: 0 0x00000000800000ce (0x0505) x10 0x00000000000000b2
core   0: 0x00000000800000d0 (0x0000bffd) c.j     pc - 2
core   0: 0 0x00000000800000d0 (0xbffd)
core   0: 0x00000000800000ce (0x00000505) c.addi  a0, 1
core   0: 0 0x00000000800000ce (0x0505) x10 0x00000000000000b3
core   0: 0x00000000800000d0 (0x0000bffd) c.j     pc - 2
core   0: 0 0x00000000800000d0 (0xbffd)
core   0: 0x00000000800000ce (0x00000505) c.addi  a0, 1
core   0: 0 0x00000000800000ce (0x0505) x10 0x00000000000000b4
core   0: 0x00000000800000d0 (0x0000bffd) c.j     pc - 2
core   0: 0 0x00000000800000d0 (0xbffd)
core   0: 0x00000000800000ce (0x00000505) c.addi  a0, 1
core   0: 0 0x00000000800000ce (0x0505) x10 0x00000000000000b5
core   0: 0x00000000800000d0 (0x0000bffd) c.j     pc - 2
core   0: 0 0x00000000800000d0 (0xbffd)
core   0: 0x00000000800000ce (0x00000505) c.addi  a0, 1
core   0: 0 0x00000000800000ce (0x0505) x10 0x00000000000000b6
core   0: 0x00000000800000d0 (0x0000bffd) c.j     pc - 2
core   0: 0 0x00000000800000d0 (0xbffd)
core   0: 0x00000000800000ce (0x00000505) c.addi  a0, 1
core   0: 0 0x00000000800000ce (0x0505) x10 0x00000000000000b7
core   0: 0x00000000800000d0 (0x0000bffd) c.j     pc - 2
core   0: 0 0x00000000800000d0 (0xbffd)
core   0: 0x00000000800000ce (0x00000505) c.addi  a0, 1
core   0: 0 0x00000000800000ce (0x0505) x10 0x00000000000000b8
core   0: 0x00000000800000d0 (0x0000bffd) c.j     pc - 2
core   0: 0 0x00000000800000d0 (0xbffd)
core   0: 0x00000000800000ce (0x00000505) c.addi  a0, 1
core   0: 0 0x00000000800000ce (0x0505) x10 0x00000000000000b9
core   0: 0x00000000800000d0 (0x0000bffd) c.j     pc - 2
core   0: 0 0x00000000800000d0 (0xbffd)
core   0: 0x00000000800000ce (0x00000505) c.addi  a0, 1
core   0: 0 0x00000000800000ce (0x0505) x10 0x00000000000000ba
core   0: 0x00000000800000d0 (0x0000bffd) c.j     pc - 2
core   0: 0 0x00000000800000d0 (0xbffd)
core   0: 0x00000000800000ce (0x00000505) c.addi  a0, 1
core   0: 0 0x00000000800000ce (0x0505) x10 0x00000000000000bb
core   0: 0x00000000800000d0 (0x0000bffd) c.j     pc - 2
core   0: 0 0x00000000800000d0 (0xbffd)
core   0: 0x00000000800000ce (0x00000505) c.addi  a0, 1
core   0: 0 0x00000000800000ce (0x0505) x10 0x00000000000000bc
core   0: 0x00000000800000d0 (0x0000bffd) c.j     pc - 2
core   0: 0 0x00000000800000d0 (0xbffd)
core   0: 0x00000000800000ce (0x00000505) c.addi  a0, 1
core   0: 0 0x00000000800000ce (0x0505) x10 0x00000000000000bd
core   0: 0x00000000800000d0 (0x0000bffd) c.j     pc - 2
core   0: 0 0x00000000800000d0 (0xbffd)
core   0: 0x00000000800000ce (0x00000505) c.addi  a0, 1
core   0: 0 0x00000000800000ce (0x0505) x10 0x00000000000000be
core   0: 0x00000000800000d0 (0x0000bffd) c.j     pc - 2
core   0: 0 0x00000000800000d0 (0xbffd)
core   0: 0x00000000800000ce (0x00000505) c.addi  a0, 1
core   0: 0 0x00000000800000ce (0x0505) x10 0x00000000000000bf
core   0: 0x00000000800000d0 (0x0000bffd) c.j     pc - 2
core   0: 0 0x00000000800000d0 (0xbffd)
core   0: 0x00000000800000ce (0x00000505) c.addi  a0, 1
core   0: 0 0x00000000800000ce (0x0505) x10 0x00000000000000c0
core   0: 0x00000000800000d0 (0x0000bffd) c.j     pc - 2
core   0: 0 0x00000000800000d0 (0xbffd)
core   0: 0x00000000800000ce (0x00000505) c.addi  a0, 1
core   0: 0 0x00000000800000ce (0x0505) x10 0x00000000000000c1
core   0: 0x00000000800000d0 (0x0000bffd) c.j     pc - 2
core   0: 0 0x00000000800000d0 (0xbffd)
core   0: 0x00000000800000ce (0x00000505) c.addi  a0, 1
core   0: 0 0x00000000800000ce (0x0505) x10 0x00000000000000c2
core   0: 0x00000000800000d0 (0x0000bffd) c.j     pc - 2
core   0: 0 0x00000000800000d0 (0xbffd)
core   0: 0x00000000800000ce (0x00000505) c.addi  a0, 1
core   0: 0 0x00000000800000ce (0x0505) x10 0x00000000000000c3
core   0: 0x00000000800000d0 (0x0000bffd) c.j     pc - 2
core   0: 0 0x00000000800000d0 (0xbffd)
core   0: 0x00000000800000ce (0x00000505) c.addi  a0, 1
core   0: 0 0x00000000800000ce (0x0505) x10 0x00000000000000c4
core   0: 0x00000000800000d0 (0x0000bffd) c.j     pc - 2
core   0: 0 0x00000000800000d0 (0xbffd)
core   0: 0x00000000800000ce (0x00000505) c.addi  a0, 1
core   0: 0 0x00000000800000ce (0x0505) x10 0x00000000000000c5
core   0: 0x00000000800000d0 (0x0000bffd) c.j     pc - 2
core   0: 0 0x00000000800000d0 (0xbffd)
core   0: 0x00000000800000ce (0x00000505) c.addi  a0, 1
core   0: 0 0x00000000800000ce (0x0505) x10 0x00000000000000c6
core   0: 0x00000000800000d0 (0x0000bffd) c.j     pc - 2
core   0: 0 0x00000000800000d0 (0xbffd)
core   0: 0x00000000800000ce (0x00000505) c.addi  a0, 1
core   0: 0 0x00000000800000ce (0x0505) x10 0x00000000000000c7
core   0: 0x00000000800000d0 (0x0000bffd) c.j     pc - 2
core   0: 0 0x00000000800000d0 (0xbffd)
core   0: 0x00000000800000ce (0x00000505) c.addi  a0, 1
core   0: 0 0x00000000800000ce (0x0505) x10 0x00000000000000c8
core   0: 0x00000000800000d0 (0x0000bffd) c.j     pc - 2
core   0: 0 0x00000000800000d0 (0xbffd)
core   0: 0x00000000800000ce (0x00000505) c.addi  a0, 1
core   0: 0 0x00000000800000ce (0x0505) x10 0x00000000000000c9
core   0: 0x00000000800000d0 (0x0000bffd) c.j     pc - 2
core   0: 0 0x00000000800000d0 (0xbffd)
core   0: 0x00000000800000ce (0x00000505) c.addi  a0, 1
core   0: 0 0x00000000800000ce (0x0505) x10 0x00000000000000ca
core   0: 0x00000000800000d0 (0x0000bffd) c.j     pc - 2
core   0: 0 0x00000000800000d0 (0xbffd)
core   0: 0x00000000800000ce (0x00000505) c.addi  a0, 1
core   0: 0 0x00000000800000ce (0x0505) x10 0x00000000000000cb
core   0: 0x00000000800000d0 (0x0000bffd) c.j     pc - 2
core   0: 0 0x00000000800000d0 (0xbffd)
core   0: 0x00000000800000ce (0x00000505) c.addi  a0, 1
core   0: 0 0x00000000800000ce (0x0505) x10 0x00000000000000cc
core   0: 0x00000000800000d0 (0x0000bffd) c.j     pc - 2
core   0: 0 0x00000000800000d0 (0xbffd)
core   0: 0x00000000800000ce (0x00000505) c.addi  a0, 1
core   0: 0 0x00000000800000ce (0x0505) x10 0x00000000000000cd
core   0: 0x00000000800000d0 (0x0000bffd) c.j     pc - 2
core   0: 0 0x00000000800000d0 (0xbffd)
core   0: 0x00000000800000ce (0x00000505) c.addi  a0, 1
core   0: 0 0x00000000800000ce (0x0505) x10 0x00000000000000ce
core   0: 0x00000000800000d0 (0x0000bffd) c.j     pc - 2
core   0: 0 0x00000000800000d0 (0xbffd)
core   0: 0x00000000800000ce (0x00000505) c.addi  a0, 1
core   0: 0 0x00000000800000ce (0x0505) x10 0x00000000000000cf
core   0: 0x00000000800000d0 (0x0000bffd) c.j     pc - 2
core   0: 0 0x00000000800000d0 (0xbffd)
core   0: 0x00000000800000ce (0x00000505) c.addi  a0, 1
core   0: 0 0x00000000800000ce (0x0505) x10 0x00000000000000d0
core   0: 0x00000000800000d0 (0x0000bffd) c.j     pc - 2
core   0: 0 0x00000000800000d0 (0xbffd)
core   0: 0x00000000800000ce (0x00000505) c.addi  a0, 1
core   0: 0 0x00000000800000ce (0x0505) x10 0x00000000000000d1
core   0: 0x00000000800000d0 (0x0000bffd) c.j     pc - 2
core   0: 0 0x00000000800000d0 (0xbffd)
core   0: 0x00000000800000ce (0x00000505) c.addi  a0, 1
core   0: 0 0x00000000800000ce (0x0505) x10 0x00000000000000d2
core   0: 0x00000000800000d0 (0x0000bffd) c.j     pc - 2
core   0: 0 0x00000000800000d0 (0xbffd)
core   0: 0x00000000800000ce (0x00000505) c.addi  a0, 1
core   0: 0 0x00000000800000ce (0x0505) x10 0x00000000000000d3
core   0: 0x00000000800000d0 (0x0000bffd) c.j     pc - 2
core   0: 0 0x00000000800000d0 (0xbffd)
core   0: 0x00000000800000ce (0x00000505) c.addi  a0, 1
core   0: 0 0x00000000800000ce (0x0505) x10 0x00000000000000d4
core   0: 0x00000000800000d0 (0x0000bffd) c.j     pc - 2
core   0: 0 0x00000000800000d0 (0xbffd)
core   0: 0x00000000800000ce (0x00000505) c.addi  a0, 1
core   0: 0 0x00000000800000ce (0x0505) x10 0x00000000000000d5
core   0: 0x00000000800000d0 (0x0000bffd) c.j     pc - 2
core   0: 0 0x00000000800000d0 (0xbffd)
core   0: 0x00000000800000ce (0x00000505) c.addi  a0, 1
core   0: 0 0x00000000800000ce (0x0505) x10 0x00000000000000d6
core   0: 0x00000000800000d0 (0x0000bffd) c.j     pc - 2
core   0: 0 0x00000000800000d0 (0xbffd)
core   0: 0x00000000800000ce (0x00000505) c.addi  a0, 1
core   0: 0 0x00000000800000ce (0x0505) x10 0x00000000000000d7
core   0: 0x00000000800000d0 (0x0000bffd) c.j     pc - 2
core   0: 0 0x00000000800000d0 (0xbffd)
core   0: 0x00000000800000ce (0x00000505) c.addi  a0, 1
core   0: 0 0x00000000800000ce (0x0505) x10 0x00000000000000d8
core   0: 0x00000000800000d0 (0x0000bffd) c.j     pc - 2
core   0: 0 0x00000000800000d0 (0xbffd)
core   0: 0x00000000800000ce (0x00000505) c.addi  a0, 1
core   0: 0 0x00000000800000ce (0x0505) x10 0x00000000000000d9
core   0: 0x00000000800000d0 (0x0000bffd) c.j     pc - 2
core   0: 0 0x00000000800000d0 (0xbffd)
core   0: 0x00000000800000ce (0x00000505) c.addi  a0, 1
core   0: 0 0x00000000800000ce (0x0505) x10 0x00000000000000da
core   0: 0x00000000800000d0 (0x0000bffd) c.j     pc - 2
core   0: 0 0x00000000800000d0 (0xbffd)
core   0: 0x00000000800000ce (0x00000505) c.addi  a0, 1
core   0: 0 0x00000000800000ce (0x0505) x10 0x00000000000000db
core   0: 0x00000000800000d0 (0x0000bffd) c.j     pc - 2
core   0: 0 0x00000000800000d0 (0xbffd)
core   0: 0x00000000800000ce (0x00000505) c.addi  a0, 1
core   0: 0 0x00000000800000ce (0x0505) x10 0x00000000000000dc
core   0: 0x00000000800000d0 (0x0000bffd) c.j     pc - 2
core   0: 0 0x00000000800000d0 (0xbffd)
core   0: 0x00000000800000ce (0x00000505) c.addi  a0, 1
core   0: 0 0x00000000800000ce (0x0505) x10 0x00000000000000dd
core   0: 0x00000000800000d0 (0x0000bffd) c.j     pc - 2
core   0: 0 0x00000000800000d0 (0xbffd)
core   0: 0x00000000800000ce (0x00000505) c.addi  a0, 1
core   0: 0 0x00000000800000ce (0x0505) x10 0x00000000000000de
core   0: 0x00000000800000d0 (0x0000bffd) c.j     pc - 2
core   0: 0 0x00000000800000d0 (0xbffd)
core   0: 0x00000000800000ce (0x00000505) c.addi  a0, 1
core   0: 0 0x00000000800000ce (0x0505) x10 0x00000000000000df
core   0: 0x00000000800000d0 (0x0000bffd) c.j     pc - 2
core   0: 0 0x00000000800000d0 (0xbffd)
core   0: 0x00000000800000ce (0x00000505) c.addi  a0, 1
core   0: 0 0x00000000800000ce (0x0505) x10 0x00000000000000e0
core   0: 0x00000000800000d0 (0x0000bffd) c.j     pc - 2
core   0: 0 0x00000000800000d0 (0xbffd)
core   0: 0x00000000800000ce (0x00000505) c.addi  a0, 1
core   0: 0 0x00000000800000ce (0x0505) x10 0x00000000000000e1
core   0: 0x00000000800000d0 (0x0000bffd) c.j     pc - 2
core   0: 0 0x00000000800000d0 (0xbffd)
core   0: 0x00000000800000ce (0x00000505) c.addi  a0, 1
core   0: 0 0x00000000800000ce (0x0505) x10 0x00000000000000e2
core   0: 0x00000000800000d0 (0x0000bffd) c.j     pc - 2
core   0: 0 0x00000000800000d0 (0xbffd)
core   0: 0x00000000800000ce (0x00000505) c.addi  a0, 1
core   0: 0 0x00000000800000ce (0x0505) x10 0x00000000000000e3
core   0: 0x00000000800000d0 (0x0000bffd) c.j     pc - 2
core   0: 0 0x00000000800000d0 (0xbffd)
core   0: 0x00000000800000ce (0x00000505) c.addi  a0, 1
core   0: 0 0x00000000800000ce (0x0505) x10 0x00000000000000e4
core   0: 0x00000000800000d0 (0x0000bffd) c.j     pc - 2
core   0: 0 0x00000000800000d0 (0xbffd)
core   0: 0x00000000800000ce (0x00000505) c.addi  a0, 1
core   0: 0 0x00000000800000ce (0x0505) x10 0x00000000000000e5
core   0: 0x00000000800000d0 (0x0000bffd) c.j     pc - 2
core   0: 0 0x00000000800000d0 (0xbffd)
core   0: 0x00000000800000ce (0x00000505) c.addi  a0, 1
core   0: 0 0x00000000800000ce (0x0505) x10 0x00000000000000e6
core   0: 0x00000000800000d0 (0x0000bffd) c.j     pc - 2
core   0: 0 0x00000000800000d0 (0xbffd)
core   0: 0x00000000800000ce (0x00000505) c.addi  a0, 1
core   0: 0 0x00000000800000ce (0x0505) x10 0x00000000000000e7
core   0: 0x00000000800000d0 (0x0000bffd) c.j     pc - 2
core   0: 0 0x00000000800000d0 (0xbffd)
core   0: 0x00000000800000ce (0x00000505) c.addi  a0, 1
core   0: 0 0x00000000800000ce (0x0505) x10 0x00000000000000e8
core   0: 0x00000000800000d0 (0x0000bffd) c.j     pc - 2
core   0: 0 0x00000000800000d0 (0xbffd)
core   0: 0x00000000800000ce (0x00000505) c.addi  a0, 1
core   0: 0 0x00000000800000ce (0x0505) x10 0x00000000000000e9
core   0: 0x00000000800000d0 (0x0000bffd) c.j     pc - 2
core   0: 0 0x00000000800000d0 (0xbffd)
core   0: 0x00000000800000ce (0x00000505) c.addi  a0, 1
core   0: 0 0x00000000800000ce (0x0505) x10 0x00000000000000ea
core   0: 0x00000000800000d0 (0x0000bffd) c.j     pc - 2
core   0: 0 0x00000000800000d0 (0xbffd)
core   0: 0x00000000800000ce (0x00000505) c.addi  a0, 1
core   0: 0 0x00000000800000ce (0x0505) x10 0x00000000000000eb
core   0: 0x00000000800000d0 (0x0000bffd) c.j     pc - 2
core   0: 0 0x00000000800000d0 (0xbffd)
core   0: 0x00000000800000ce (0x00000505) c.addi  a0, 1
core   0: 0 0x00000000800000ce (0x0505) x10 0x00000000000000ec
core   0: 0x00000000800000d0 (0x0000bffd) c.j     pc - 2
core   0: 0 0x00000000800000d0 (0xbffd)
core   0: 0x00000000800000ce (0x00000505) c.addi  a0, 1
core   0: 0 0x00000000800000ce (0x0505) x10 0x00000000000000ed
core   0: 0x00000000800000d0 (0x0000bffd) c.j     pc - 2
core   0: 0 0x00000000800000d0 (0xbffd)
core   0: 0x00000000800000ce (0x00000505) c.addi  a0, 1
core   0: 0 0x00000000800000ce (0x0505) x10 0x00000000000000ee
core   0: 0x00000000800000d0 (0x0000bffd) c.j     pc - 2
core   0: 0 0x00000000800000d0 (0xbffd)
core   0: 0x00000000800000ce (0x00000505) c.addi  a0, 1
core   0: 0 0x00000000800000ce (0x0505) x10 0x00000000000000ef
core   0: 0x00000000800000d0 (0x0000bffd) c.j     pc - 2
core   0: 0 0x00000000800000d0 (0xbffd)
core   0: 0x00000000800000ce (0x00000505) c.addi  a0, 1
core   0: 0 0x00000000800000ce (0x0505) x10 0x00000000000000f0
core   0: 0x00000000800000d0 (0x0000bffd) c.j     pc - 2
core   0: 0 0x00000000800000d0 (0xbffd)
core   0: 0x00000000800000ce (0x00000505) c.addi  a0, 1
core   0: 0 0x00000000800000ce (0x0505) x10 0x00000000000000f1
core   0: 0x00000000800000d0 (0x0000bffd) c.j     pc - 2
core   0: 0 0x00000000800000d0 (0xbffd)
core   0: 0x00000000800000ce (0x00000505) c.addi  a0, 1
core   0: 0 0x00000000800000ce (0x0505) x10 0x00000000000000f2
core   0: 0x00000000800000d0 (0x0000bffd) c.j     pc - 2
core   0: 0 0x00000000800000d0 (0xbffd)
core   0: 0x00000000800000ce (0x00000505) c.addi  a0, 1
core   0: 0 0x00000000800000ce (0x0505) x10 0x00000000000000f3
core   0: 0x00000000800000d0 (0x0000bffd) c.j     pc - 2
core   0: 0 0x00000000800000d0 (0xbffd)
core   0: 0x00000000800000ce (0x00000505) c.addi  a0, 1
core   0: 0 0x00000000800000ce (0x0505) x10 0x00000000000000f4
core   0: 0x00000000800000d0 (0x0000bffd) c.j     pc - 2
core   0: 0 0x00000000800000d0 (0xbffd)
core   0: 0x00000000800000ce (0x00000505) c.addi  a0, 1
core   0: 0 0x00000000800000ce (0x0505) x10 0x00000000000000f5
core   0: 0x00000000800000d0 (0x0000bffd) c.j     pc - 2
core   0: 0 0x00000000800000d0 (0xbffd)
core   0: 0x00000000800000ce (0x00000505) c.addi  a0, 1
core   0: 0 0x00000000800000ce (0x0505) x10 0x00000000000000f6
core   0: 0x00000000800000d0 (0x0000bffd) c.j     pc - 2
core   0: 0 0x00000000800000d0 (0xbffd)
core   0: 0x00000000800000ce (0x00000505) c.addi  a0, 1
core   0: 0 0x00000000800000ce (0x0505) x10 0x00000000000000f7
core   0: 0x00000000800000d0 (0x0000bffd) c.j     pc - 2
core   0: 0 0x00000000800000d0 (0xbffd)
core   0: 0x00000000800000ce (0x00000505) c.addi  a0, 1
core   0: 0 0x00000000800000ce (0x0505) x10 0x00000000000000f8
core   0: 0x00000000800000d0 (0x0000bffd) c.j     pc - 2
core   0: 0 0x00000000800000d0 (0xbffd)
core   0: 0x00000000800000ce (0x00000505) c.addi  a0, 1
core   0: 0 0x00000000800000ce (0x0505) x10 0x00000000000000f9
core   0: 0x00000000800000d0 (0x0000bffd) c.j     pc - 2
core   0: 0 0x00000000800000d0 (0xbffd)
core   0: 0x00000000800000ce (0x00000505) c.addi  a0, 1
core   0: 0 0x00000000800000ce (0x0505) x10 0x00000000000000fa
core   0: 0x00000000800000d0 (0x0000bffd) c.j     pc - 2
core   0: 0 0x00000000800000d0 (0xbffd)
core   0: 0x00000000800000ce (0x00000505) c.addi  a0, 1
core   0: 0 0x00000000800000ce (0x0505) x10 0x00000000000000fb
core   0: 0x00000000800000d0 (0x0000bffd) c.j     pc - 2
core   0: 0 0x00000000800000d0 (0xbffd)
core   0: 0x00000000800000ce (0x00000505) c.addi  a0, 1
core   0: 0 0x00000000800000ce (0x0505) x10 0x00000000000000fc
core   0: 0x00000000800000d0 (0x0000bffd) c.j     pc - 2
core   0: 0 0x00000000800000d0 (0xbffd)
core   0: 0x00000000800000ce (0x00000505) c.addi  a0, 1
core   0: 0 0x00000000800000ce (0x0505) x10 0x00000000000000fd
core   0: 0x00000000800000d0 (0x0000bffd) c.j     pc - 2
core   0: 0 0x00000000800000d0 (0xbffd)
core   0: 0x00000000800000ce (0x00000505) c.addi  a0, 1
core   0: 0 0x00000000800000ce (0x0505) x10 0x00000000000000fe
core   0: 0x00000000800000d0 (0x0000bffd) c.j     pc - 2
core   0: 0 0x00000000800000d0 (0xbffd)
core   0: 0x00000000800000ce (0x00000505) c.addi  a0, 1
core   0: 0 0x00000000800000ce (0x0505) x10 0x00000000000000ff
core   0: 0x00000000800000d0 (0x0000bffd) c.j     pc - 2
core   0: 0 0x00000000800000d0 (0xbffd)
core   0: 0x00000000800000ce (0x00000505) c.addi  a0, 1
core   0: 0 0x00000000800000ce (0x0505) x10 0x0000000000000100
core   0: 0x00000000800000d0 (0x0000bffd) c.j     pc - 2
core   0: 0 0x00000000800000d0 (0xbffd)
core   0: 0x00000000800000ce (0x00000505) c.addi  a0, 1
core   0: 0 0x00000000800000ce (0x0505) x10 0x0000000000000101
core   0: 0x00000000800000d0 (0x0000bffd) c.j     pc - 2
core   0: 0 0x00000000800000d0 (0xbffd)
core   0: 0x00000000800000ce (0x00000505) c.addi  a0, 1
core   0: 0 0x00000000800000ce (0x0505) x10 0x0000000000000102
core   0: 0x00000000800000d0 (0x0000bffd) c.j     pc - 2
core   0: 0 0x00000000800000d0 (0xbffd)
core   0: 0x00000000800000ce (0x00000505) c.addi  a0, 1
core   0: 0 0x00000000800000ce (0x0505) x10 0x0000000000000103
core   0: 0x00000000800000d0 (0x0000bffd) c.j     pc - 2
core   0: 0 0x00000000800000d0 (0xbffd)
core   0: 0x00000000800000ce (0x00000505) c.addi  a0, 1
core   0: 0 0x00000000800000ce (0x0505) x10 0x0000000000000104
core   0: 0x00000000800000d0 (0x0000bffd) c.j     pc - 2
core   0: 0 0x00000000800000d0 (0xbffd)
core   0: 0x00000000800000ce (0x00000505) c.addi  a0, 1
core   0: 0 0x00000000800000ce (0x0505) x10 0x0000000000000105
core   0: 0x00000000800000d0 (0x0000bffd) c.j     pc - 2
core   0: 0 0x00000000800000d0 (0xbffd)
core   0: 0x00000000800000ce (0x00000505) c.addi  a0, 1
core   0: 0 0x00000000800000ce (0x0505) x10 0x0000000000000106
core   0: 0x00000000800000d0 (0x0000bffd) c.j     pc - 2
core   0: 0 0x00000000800000d0 (0xbffd)
core   0: 0x00000000800000ce (0x00000505) c.addi  a0, 1
core   0: 0 0x00000000800000ce (0x0505) x10 0x0000000000000107
core   0: 0x00000000800000d0 (0x0000bffd) c.j     pc - 2
core   0: 0 0x00000000800000d0 (0xbffd)
core   0: 0x00000000800000ce (0x00000505) c.addi  a0, 1
core   0: 0 0x00000000800000ce (0x0505) x10 0x0000000000000108
core   0: 0x00000000800000d0 (0x0000bffd) c.j     pc - 2
core   0: 0 0x00000000800000d0 (0xbffd)
core   0: 0x00000000800000ce (0x00000505) c.addi  a0, 1
core   0: 0 0x00000000800000ce (0x0505) x10 0x0000000000000109
core   0: 0x00000000800000d0 (0x0000bffd) c.j     pc - 2
core   0: 0 0x00000000800000d0 (0xbffd)
core   0: 0x00000000800000ce (0x00000505) c.addi  a0, 1
core   0: 0 0x00000000800000ce (0x0505) x10 0x000000000000010a
core   0: 0x00000000800000d0 (0x0000bffd) c.j     pc - 2
core   0: 0 0x00000000800000d0 (0xbffd)
core   0: 0x00000000800000ce (0x00000505) c.addi  a0, 1
core   0: 0 0x00000000800000ce (0x0505) x10 0x000000000000010b
core   0: 0x00000000800000d0 (0x0000bffd) c.j     pc - 2
core   0: 0 0x00000000800000d0 (0xbffd)
core   0: 0x00000000800000ce (0x00000505) c.addi  a0, 1
core   0: 0 0x00000000800000ce (0x0505) x10 0x000000000000010c
core   0: 0x00000000800000d0 (0x0000bffd) c.j     pc - 2
core   0: 0 0x00000000800000d0 (0xbffd)
core   0: 0x00000000800000ce (0x00000505) c.addi  a0, 1
core   0: 0 0x00000000800000ce (0x0505) x10 0x000000000000010d
core   0: 0x00000000800000d0 (0x0000bffd) c.j     pc - 2
core   0: 0 0x00000000800000d0 (0xbffd)
core   0: 0x00000000800000ce (0x00000505) c.addi  a0, 1
core   0: 0 0x00000000800000ce (0x0505) x10 0x000000000000010e
core   0: 0x00000000800000d0 (0x0000bffd) c.j     pc - 2
core   0: 0 0x00000000800000d0 (0xbffd)
core   0: 0x00000000800000ce (0x00000505) c.addi  a0, 1
core   0: 0 0x00000000800000ce (0x0505) x10 0x000000000000010f
core   0: 0x00000000800000d0 (0x0000bffd) c.j     pc - 2
core   0: 0 0x00000000800000d0 (0xbffd)
core   0: 0x00000000800000ce (0x00000505) c.addi  a0, 1
core   0: 0 0x00000000800000ce (0x0505) x10 0x0000000000000110
core   0: 0x00000000800000d0 (0x0000bffd) c.j     pc - 2
core   0: 0 0x00000000800000d0 (0xbffd)
core   0: 0x00000000800000ce (0x00000505) c.addi  a0, 1
core   0: 0 0x00000000800000ce (0x0505) x10 0x0000000000000111
core   0: 0x00000000800000d0 (0x0000bffd) c.j     pc - 2
core   0: 0 0x00000000800000d0 (0xbffd)
core   0: 0x00000000800000ce (0x00000505) c.addi  a0, 1
core   0: 0 0x00000000800000ce (0x0505) x10 0x0000000000000112
core   0: 0x00000000800000d0 (0x0000bffd) c.j     pc - 2
core   0: 0 0x00000000800000d0 (0xbffd)
core   0: 0x00000000800000ce (0x00000505) c.addi  a0, 1
core   0: 0 0x00000000800000ce (0x0505) x10 0x0000000000000113
core   0: 0x00000000800000d0 (0x0000bffd) c.j     pc - 2
core   0: 0 0x00000000800000d0 (0xbffd)
core   0: 0x00000000800000ce (0x00000505) c.addi  a0, 1
core   0: 0 0x00000000800000ce (0x0505) x10 0x0000000000000114
core   0: 0x00000000800000d0 (0x0000bffd) c.j     pc - 2
core   0: 0 0x00000000800000d0 (0xbffd)
core   0: 0x00000000800000ce (0x00000505) c.addi  a0, 1
core   0: 0 0x00000000800000ce (0x0505) x10 0x0000000000000115
core   0: 0x00000000800000d0 (0x0000bffd) c.j     pc - 2
core   0: 0 0x00000000800000d0 (0xbffd)
core   0: 0x00000000800000ce (0x00000505) c.addi  a0, 1
core   0: 0 0x00000000800000ce (0x0505) x10 0x0000000000000116
core   0: 0x00000000800000d0 (0x0000bffd) c.j     pc - 2
core   0: 0 0x00000000800000d0 (0xbffd)
core   0: 0x00000000800000ce (0x00000505) c.addi  a0, 1
core   0: 0 0x00000000800000ce (0x0505) x10 0x0000000000000117
core   0: 0x00000000800000d0 (0x0000bffd) c.j     pc - 2
core   0: 0 0x00000000800000d0 (0xbffd)
core   0: 0x00000000800000ce (0x00000505) c.addi  a0, 1
core   0: 0 0x00000000800000ce (0x0505) x10 0x0000000000000118
core   0: 0x00000000800000d0 (0x0000bffd) c.j     pc - 2
core   0: 0 0x00000000800000d0 (0xbffd)
core   0: 0x00000000800000ce (0x00000505) c.addi  a0, 1
core   0: 0 0x00000000800000ce (0x0505) x10 0x0000000000000119
core   0: 0x00000000800000d0 (0x0000bffd) c.j     pc - 2
core   0: 0 0x00000000800000d0 (0xbffd)
core   0: 0x00000000800000ce (0x00000505) c.addi  a0, 1
core   0: 0 0x00000000800000ce (0x0505) x10 0x000000000000011a
core   0: 0x00000000800000d0 (0x0000bffd) c.j     pc - 2
core   0: 0 0x00000000800000d0 (0xbffd)
core   0: 0x00000000800000ce (0x00000505) c.addi  a0, 1
core   0: 0 0x00000000800000ce (0x0505) x10 0x000000000000011b
core   0: 0x00000000800000d0 (0x0000bffd) c.j     pc - 2
core   0: 0 0x00000000800000d0 (0xbffd)
core   0: 0x00000000800000ce (0x00000505) c.addi  a0, 1
core   0: 0 0x00000000800000ce (0x0505) x10 0x000000000000011c
core   0: 0x00000000800000d0 (0x0000bffd) c.j     pc - 2
core   0: 0 0x00000000800000d0 (0xbffd)
core   0: 0x00000000800000ce (0x00000505) c.addi  a0, 1
core   0: 0 0x00000000800000ce (0x0505) x10 0x000000000000011d
core   0: 0x00000000800000d0 (0x0000bffd) c.j     pc - 2
core   0: 0 0x00000000800000d0 (0xbffd)
core   0: 0x00000000800000ce (0x00000505) c.addi  a0, 1
core   0: 0 0x00000000800000ce (0x0505) x10 0x000000000000011e
core   0: 0x00000000800000d0 (0x0000bffd) c.j     pc - 2
core   0: 0 0x00000000800000d0 (0xbffd)
core   0: 0x00000000800000ce (0x00000505) c.addi  a0, 1
core   0: 0 0x00000000800000ce (0x0505) x10 0x000000000000011f
core   0: 0x00000000800000d0 (0x0000bffd) c.j     pc - 2
core   0: 0 0x00000000800000d0 (0xbffd)
core   0: 0x00000000800000ce (0x00000505) c.addi  a0, 1
core   0: 0 0x00000000800000ce (0x0505) x10 0x0000000000000120
core   0: 0x00000000800000d0 (0x0000bffd) c.j     pc - 2
core   0: 0 0x00000000800000d0 (0xbffd)
core   0: 0x00000000800000ce (0x00000505) c.addi  a0, 1
core   0: 0 0x00000000800000ce (0x0505) x10 0x0000000000000121
core   0: 0x00000000800000d0 (0x0000bffd) c.j     pc - 2
core   0: 0 0x00000000800000d0 (0xbffd)
core   0: 0x00000000800000ce (0x00000505) c.addi  a0, 1
core   0: 0 0x00000000800000ce (0x0505) x10 0x0000000000000122
core   0: 0x00000000800000d0 (0x0000bffd) c.j     pc - 2
core   0: 0 0x00000000800000d0 (0xbffd)
core   0: 0x00000000800000ce (0x00000505) c.addi  a0, 1
core   0: 0 0x00000000800000ce (0x0505) x10 0x0000000000000123
core   0: 0x00000000800000d0 (0x0000bffd) c.j     pc - 2
core   0: 0 0x00000000800000d0 (0xbffd)
core   0: 0x00000000800000ce (0x00000505) c.addi  a0, 1
core   0: 0 0x00000000800000ce (0x0505) x10 0x0000000000000124
core   0: 0x00000000800000d0 (0x0000bffd) c.j     pc - 2
core   0: 0 0x00000000800000d0 (0xbffd)
core   0: 0x00000000800000ce (0x00000505) c.addi  a0, 1
core   0: 0 0x00000000800000ce (0x0505) x10 0x0000000000000125
core   0: 0x00000000800000d0 (0x0000bffd) c.j     pc - 2
core   0: 0 0x00000000800000d0 (0xbffd)
core   0: 0x00000000800000ce (0x00000505) c.addi  a0, 1
core   0: 0 0x00000000800000ce (0x0505) x10 0x0000000000000126
core   0: 0x00000000800000d0 (0x0000bffd) c.j     pc - 2
core   0: 0 0x00000000800000d0 (0xbffd)
core   0: 0x00000000800000ce (0x00000505) c.addi  a0, 1
core   0: 0 0x00000000800000ce (0x0505) x10 0x0000000000000127
core   0: 0x00000000800000d0 (0x0000bffd) c.j     pc - 2
core   0: 0 0x00000000800000d0 (0xbffd)
core   0: 0x00000000800000ce (0x00000505) c.addi  a0, 1
core   0: 0 0x00000000800000ce (0x0505) x10 0x0000000000000128
core   0: 0x00000000800000d0 (0x0000bffd) c.j     pc - 2
core   0: 0 0x00000000800000d0 (0xbffd)
core   0: 0x00000000800000ce (0x00000505) c.addi  a0, 1
core   0: 0 0x00000000800000ce (0x0505) x10 0x0000000000000129
core   0: 0x00000000800000d0 (0x0000bffd) c.j     pc - 2
core   0: 0 0x00000000800000d0 (0xbffd)
core   0: 0x00000000800000ce (0x00000505) c.addi  a0, 1
core   0: 0 0x00000000800000ce (0x0505) x10 0x000000000000012a
core   0: 0x00000000800000d0 (0x0000bffd) c.j     pc - 2
core   0: 0 0x00000000800000d0 (0xbffd)
core   0: 0x00000000800000ce (0x00000505) c.addi  a0, 1
core   0: 0 0x00000000800000ce (0x0505) x10 0x000000000000012b
core   0: 0x00000000800000d0 (0x0000bffd) c.j     pc - 2
core   0: 0 0x00000000800000d0 (0xbffd)
core   0: 0x00000000800000ce (0x00000505) c.addi  a0, 1
core   0: 0 0x00000000800000ce (0x0505) x10 0x000000000000012c
core   0: 0x00000000800000d0 (0x0000bffd) c.j     pc - 2
core   0: 0 0x00000000800000d0 (0xbffd)
core   0: 0x00000000800000ce (0x00000505) c.addi  a0, 1
core   0: 0 0x00000000800000ce (0x0505) x10 0x000000000000012d
core   0: 0x00000000800000d0 (0x0000bffd) c.j     pc - 2
core   0: 0 0x00000000800000d0 (0xbffd)
core   0: 0x00000000800000ce (0x00000505) c.addi  a0, 1
core   0: 0 0x00000000800000ce (0x0505) x10 0x000000000000012e
core   0: 0x00000000800000d0 (0x0000bffd) c.j     pc - 2
core   0: 0 0x00000000800000d0 (0xbffd)
core   0: 0x00000000800000ce (0x00000505) c.addi  a0, 1
core   0: 0 0x00000000800000ce (0x0505) x10 0x000000000000012f
core   0: 0x00000000800000d0 (0x0000bffd) c.j     pc - 2
core   0: 0 0x00000000800000d0 (0xbffd)
core   0: 0x00000000800000ce (0x00000505) c.addi  a0, 1
core   0: 0 0x00000000800000ce (0x0505) x10 0x0000000000000130
core   0: 0x00000000800000d0 (0x0000bffd) c.j     pc - 2
core   0: 0 0x00000000800000d0 (0xbffd)
core   0: 0x00000000800000ce (0x00000505) c.addi  a0, 1
core   0: 0 0x00000000800000ce (0x0505) x10 0x0000000000000131
core   0: 0x00000000800000d0 (0x0000bffd) c.j     pc - 2
core   0: 0 0x00000000800000d0 (0xbffd)
core   0: 0x00000000800000ce (0x00000505) c.addi  a0, 1
core   0: 0 0x00000000800000ce (0x0505) x10 0x0000000000000132
core   0: 0x00000000800000d0 (0x0000bffd) c.j     pc - 2
core   0: 0 0x00000000800000d0 (0xbffd)
core   0: 0x00000000800000ce (0x00000505) c.addi  a0, 1
core   0: 0 0x00000000800000ce (0x0505) x10 0x0000000000000133
core   0: 0x00000000800000d0 (0x0000bffd) c.j     pc - 2
core   0: 0 0x00000000800000d0 (0xbffd)
core   0: 0x00000000800000ce (0x00000505) c.addi  a0, 1
core   0: 0 0x00000000800000ce (0x0505) x10 0x0000000000000134
core   0: 0x00000000800000d0 (0x0000bffd) c.j     pc - 2
core   0: 0 0x00000000800000d0 (0xbffd)
core   0: 0x00000000800000ce (0x00000505) c.addi  a0, 1
core   0: 0 0x00000000800000ce (0x0505) x10 0x0000000000000135
core   0: 0x00000000800000d0 (0x0000bffd) c.j     pc - 2
core   0: 0 0x00000000800000d0 (0xbffd)
core   0: 0x00000000800000ce (0x00000505) c.addi  a0, 1
core   0: 0 0x00000000800000ce (0x0505) x10 0x0000000000000136
core   0: 0x00000000800000d0 (0x0000bffd) c.j     pc - 2
core   0: 0 0x00000000800000d0 (0xbffd)
core   0: 0x00000000800000ce (0x00000505) c.addi  a0, 1
core   0: 0 0x00000000800000ce (0x0505) x10 0x0000000000000137
core   0: 0x00000000800000d0 (0x0000bffd) c.j     pc - 2
core   0: 0 0x00000000800000d0 (0xbffd)
core   0: 0x00000000800000ce (0x00000505) c.addi  a0, 1
core   0: 0 0x00000000800000ce (0x0505) x10 0x0000000000000138
core   0: 0x00000000800000d0 (0x0000bffd) c.j     pc - 2
core   0: 0 0x00000000800000d0 (0xbffd)
core   0: 0x00000000800000ce (0x00000505) c.addi  a0, 1
core   0: 0 0x00000000800000ce (0x0505) x10 0x0000000000000139
core   0: 0x00000000800000d0 (0x0000bffd) c.j     pc - 2
core   0: 0 0x00000000800000d0 (0xbffd)
core   0: 0x00000000800000ce (0x00000505) c.addi  a0, 1
core   0: 0 0x00000000800000ce (0x0505) x10 0x000000000000013a
core   0: 0x00000000800000d0 (0x0000bffd) c.j     pc - 2
core   0: 0 0x00000000800000d0 (0xbffd)
core   0: 0x00000000800000ce (0x00000505) c.addi  a0, 1
core   0: 0 0x00000000800000ce (0x0505) x10 0x000000000000013b
core   0: 0x00000000800000d0 (0x0000bffd) c.j     pc - 2
core   0: 0 0x00000000800000d0 (0xbffd)
core   0: 0x00000000800000ce (0x00000505) c.addi  a0, 1
core   0: 0 0x00000000800000ce (0x0505) x10 0x000000000000013c
core   0: 0x00000000800000d0 (0x0000bffd) c.j     pc - 2
core   0: 0 0x00000000800000d0 (0xbffd)
core   0: 0x00000000800000ce (0x00000505) c.addi  a0, 1
core   0: 0 0x00000000800000ce (0x0505) x10 0x000000000000013d
core   0: 0x00000000800000d0 (0x0000bffd) c.j     pc - 2
core   0: 0 0x00000000800000d0 (0xbffd)
core   0: 0x00000000800000ce (0x00000505) c.addi  a0, 1
core   0: 0 0x00000000800000ce (0x0505) x10 0x000000000000013e
core   0: 0x00000000800000d0 (0x0000bffd) c.j     pc - 2
core   0: 0 0x00000000800000d0 (0xbffd)
core   0: 0x00000000800000ce (0x00000505) c.addi  a0, 1
core   0: 0 0x00000000800000ce (0x0505) x10 0x000000000000013f
core   0: 0x00000000800000d0 (0x0000bffd) c.j     pc - 2
core   0: 0 0x00000000800000d0 (0xbffd)
core   0: 0x00000000800000ce (0x00000505) c.addi  a0, 1
core   0: 0 0x00000000800000ce (0x0505) x10 0x0000000000000140
core   0: 0x00000000800000d0 (0x0000bffd) c.j     pc - 2
core   0: 0 0x00000000800000d0 (0xbffd)
core   0: 0x00000000800000ce (0x00000505) c.addi  a0, 1
core   0: 0 0x00000000800000ce (0x0505) x10 0x0000000000000141
core   0: 0x00000000800000d0 (0x0000bffd) c.j     pc - 2
core   0: 0 0x00000000800000d0 (0xbffd)
core   0: 0x00000000800000ce (0x00000505) c.addi  a0, 1
core   0: 0 0x00000000800000ce (0x0505) x10 0x0000000000000142
core   0: 0x00000000800000d0 (0x0000bffd) c.j     pc - 2
core   0: 0 0x00000000800000d0 (0xbffd)
core   0: 0x00000000800000ce (0x00000505) c.addi  a0, 1
core   0: 0 0x00000000800000ce (0x0505) x10 0x0000000000000143
core   0: 0x00000000800000d0 (0x0000bffd) c.j     pc - 2
core   0: 0 0x00000000800000d0 (0xbffd)
core   0: 0x00000000800000ce (0x00000505) c.addi  a0, 1
core   0: 0 0x00000000800000ce (0x0505) x10 0x0000000000000144
core   0: 0x00000000800000d0 (0x0000bffd) c.j     pc - 2
core   0: 0 0x00000000800000d0 (0xbffd)
core   0: 0x00000000800000ce (0x00000505) c.addi  a0, 1
core   0: 0 0x00000000800000ce (0x0505) x10 0x0000000000000145
core   0: 0x00000000800000d0 (0x0000bffd) c.j     pc - 2
core   0: 0 0x00000000800000d0 (0xbffd)
core   0: 0x00000000800000ce (0x00000505) c.addi  a0, 1
core   0: 0 0x00000000800000ce (0x0505) x10 0x0000000000000146
core   0: 0x00000000800000d0 (0x0000bffd) c.j     pc - 2
core   0: 0 0x00000000800000d0 (0xbffd)
core   0: 0x00000000800000ce (0x00000505) c.addi  a0, 1
core   0: 0 0x00000000800000ce (0x0505) x10 0x0000000000000147
core   0: 0x00000000800000d0 (0x0000bffd) c.j     pc - 2
core   0: 0 0x00000000800000d0 (0xbffd)
core   0: 0x00000000800000ce (0x00000505) c.addi  a0, 1
core   0: 0 0x00000000800000ce (0x0505) x10 0x0000000000000148
core   0: 0x00000000800000d0 (0x0000bffd) c.j     pc - 2
core   0: 0 0x00000000800000d0 (0xbffd)
core   0: 0x00000000800000ce (0x00000505) c.addi  a0, 1
core   0: 0 0x00000000800000ce (0x0505) x10 0x0000000000000149
core   0: 0x00000000800000d0 (0x0000bffd) c.j     pc - 2
core   0: 0 0x00000000800000d0 (0xbffd)
core   0: 0x00000000800000ce (0x00000505) c.addi  a0, 1
core   0: 0 0x00000000800000ce (0x0505) x10 0x000000000000014a
core   0: 0x00000000800000d0 (0x0000bffd) c.j     pc - 2
core   0: 0 0x00000000800000d0 (0xbffd)
core   0: 0x00000000800000ce (0x00000505) c.addi  a0, 1
core   0: 0 0x00000000800000ce (0x0505) x10 0x000000000000014b
core   0: 0x00000000800000d0 (0x0000bffd) c.j     pc - 2
core   0: 0 0x00000000800000d0 (0xbffd)
core   0: 0x00000000800000ce (0x00000505) c.addi  a0, 1
core   0: 0 0x00000000800000ce (0x0505) x10 0x000000000000014c
core   0: 0x00000000800000d0 (0x0000bffd) c.j     pc - 2
core   0: 0 0x00000000800000d0 (0xbffd)
core   0: 0x00000000800000ce (0x00000505) c.addi  a0, 1
core   0: 0 0x00000000800000ce (0x0505) x10 0x000000000000014d
core   0: 0x00000000800000d0 (0x0000bffd) c.j     pc - 2
core   0: 0 0x00000000800000d0 (0xbffd)
core   0: 0x00000000800000ce (0x00000505) c.addi  a0, 1
core   0: 0 0x00000000800000ce (0x0505) x10 0x000000000000014e
core   0: 0x00000000800000d0 (0x0000bffd) c.j     pc - 2
core   0: 0 0x00000000800000d0 (0xbffd)
core   0: 0x00000000800000ce (0x00000505) c.addi  a0, 1
core   0: 0 0x00000000800000ce (0x0505) x10 0x000000000000014f
core   0: 0x00000000800000d0 (0x0000bffd) c.j     pc - 2
core   0: 0 0x00000000800000d0 (0xbffd)
core   0: 0x00000000800000ce (0x00000505) c.addi  a0, 1
core   0: 0 0x00000000800000ce (0x0505) x10 0x0000000000000150
core   0: 0x00000000800000d0 (0x0000bffd) c.j     pc - 2
core   0: 0 0x00000000800000d0 (0xbffd)
core   0: 0x00000000800000ce (0x00000505) c.addi  a0, 1
core   0: 0 0x00000000800000ce (0x0505) x10 0x0000000000000151
core   0: 0x00000000800000d0 (0x0000bffd) c.j     pc - 2
core   0: 0 0x00000000800000d0 (0xbffd)
core   0: 0x00000000800000ce (0x00000505) c.addi  a0, 1
core   0: 0 0x00000000800000ce (0x0505) x10 0x0000000000000152
core   0: 0x00000000800000d0 (0x0000bffd) c.j     pc - 2
core   0: 0 0x00000000800000d0 (0xbffd)
core   0: 0x00000000800000ce (0x00000505) c.addi  a0, 1
core   0: 0 0x00000000800000ce (0x0505) x10 0x0000000000000153
core   0: 0x00000000800000d0 (0x0000bffd) c.j     pc - 2
core   0: 0 0x00000000800000d0 (0xbffd)
core   0: 0x00000000800000ce (0x00000505) c.addi  a0, 1
core   0: 0 0x00000000800000ce (0x0505) x10 0x0000000000000154
core   0: 0x00000000800000d0 (0x0000bffd) c.j     pc - 2
core   0: 0 0x00000000800000d0 (0xbffd)
core   0: 0x00000000800000ce (0x00000505) c.addi  a0, 1
core   0: 0 0x00000000800000ce (0x0505) x10 0x0000000000000155
core   0: 0x00000000800000d0 (0x0000bffd) c.j     pc - 2
core   0: 0 0x00000000800000d0 (0xbffd)
core   0: 0x00000000800000ce (0x00000505) c.addi  a0, 1
core   0: 0 0x00000000800000ce (0x0505) x10 0x0000000000000156
core   0: 0x00000000800000d0 (0x0000bffd) c.j     pc - 2
core   0: 0 0x00000000800000d0 (0xbffd)
core   0: 0x00000000800000ce (0x00000505) c.addi  a0, 1
core   0: 0 0x00000000800000ce (0x0505) x10 0x0000000000000157
core   0: 0x00000000800000d0 (0x0000bffd) c.j     pc - 2
core   0: 0 0x00000000800000d0 (0xbffd)
core   0: 0x00000000800000ce (0x00000505) c.addi  a0, 1
core   0: 0 0x00000000800000ce (0x0505) x10 0x0000000000000158
core   0: 0x00000000800000d0 (0x0000bffd) c.j     pc - 2
core   0: 0 0x00000000800000d0 (0xbffd)
core   0: 0x00000000800000ce (0x00000505) c.addi  a0, 1
core   0: 0 0x00000000800000ce (0x0505) x10 0x0000000000000159
core   0: 0x00000000800000d0 (0x0000bffd) c.j     pc - 2
core   0: 0 0x00000000800000d0 (0xbffd)
core   0: 0x00000000800000ce (0x00000505) c.addi  a0, 1
core   0: 0 0x00000000800000ce (0x0505) x10 0x000000000000015a
core   0: 0x00000000800000d0 (0x0000bffd) c.j     pc - 2
core   0: 0 0x00000000800000d0 (0xbffd)
core   0: 0x00000000800000ce (0x00000505) c.addi  a0, 1
core   0: 0 0x00000000800000ce (0x0505) x10 0x000000000000015b
core   0: 0x00000000800000d0 (0x0000bffd) c.j     pc - 2
core   0: 0 0x00000000800000d0 (0xbffd)
core   0: 0x00000000800000ce (0x00000505) c.addi  a0, 1
core   0: 0 0x00000000800000ce (0x0505) x10 0x000000000000015c
core   0: 0x00000000800000d0 (0x0000bffd) c.j     pc - 2
core   0: 0 0x00000000800000d0 (0xbffd)
core   0: 0x00000000800000ce (0x00000505) c.addi  a0, 1
core   0: 0 0x00000000800000ce (0x0505) x10 0x000000000000015d
core   0: 0x00000000800000d0 (0x0000bffd) c.j     pc - 2
core   0: 0 0x00000000800000d0 (0xbffd)
core   0: 0x00000000800000ce (0x00000505) c.addi  a0, 1
core   0: 0 0x00000000800000ce (0x0505) x10 0x000000000000015e
core   0: 0x00000000800000d0 (0x0000bffd) c.j     pc - 2
core   0: 0 0x00000000800000d0 (0xbffd)
core   0: 0x00000000800000ce (0x00000505) c.addi  a0, 1
core   0: 0 0x00000000800000ce (0x0505) x10 0x000000000000015f
core   0: 0x00000000800000d0 (0x0000bffd) c.j     pc - 2
core   0: 0 0x00000000800000d0 (0xbffd)
core   0: 0x00000000800000ce (0x00000505) c.addi  a0, 1
core   0: 0 0x00000000800000ce (0x0505) x10 0x0000000000000160
core   0: 0x00000000800000d0 (0x0000bffd) c.j     pc - 2
core   0: 0 0x00000000800000d0 (0xbffd)
core   0: 0x00000000800000ce (0x00000505) c.addi  a0, 1
core   0: 0 0x00000000800000ce (0x0505) x10 0x0000000000000161
core   0: 0x00000000800000d0 (0x0000bffd) c.j     pc - 2
core   0: 0 0x00000000800000d0 (0xbffd)
core   0: 0x00000000800000ce (0x00000505) c.addi  a0, 1
core   0: 0 0x00000000800000ce (0x0505) x10 0x0000000000000162
core   0: 0x00000000800000d0 (0x0000bffd) c.j     pc - 2
core   0: 0 0x00000000800000d0 (0xbffd)
core   0: 0x00000000800000ce (0x00000505) c.addi  a0, 1
core   0: 0 0x00000000800000ce (0x0505) x10 0x0000000000000163
core   0: 0x00000000800000d0 (0x0000bffd) c.j     pc - 2
core   0: 0 0x00000000800000d0 (0xbffd)
core   0: 0x00000000800000ce (0x00000505) c.addi  a0, 1
core   0: 0 0x00000000800000ce (0x0505) x10 0x0000000000000164
core   0: 0x00000000800000d0 (0x0000bffd) c.j     pc - 2
core   0: 0 0x00000000800000d0 (0xbffd)
core   0: 0x00000000800000ce (0x00000505) c.addi  a0, 1
core   0: 0 0x00000000800000ce (0x0505) x10 0x0000000000000165
core   0: 0x00000000800000d0 (0x0000bffd) c.j     pc - 2
core   0: 0 0x00000000800000d0 (0xbffd)
core   0: 0x00000000800000ce (0x00000505) c.addi  a0, 1
core   0: 0 0x00000000800000ce (0x0505) x10 0x0000000000000166
core   0: 0x00000000800000d0 (0x0000bffd) c.j     pc - 2
core   0: 0 0x00000000800000d0 (0xbffd)
core   0: 0x00000000800000ce (0x00000505) c.addi  a0, 1
core   0: 0 0x00000000800000ce (0x0505) x10 0x0000000000000167
core   0: 0x00000000800000d0 (0x0000bffd) c.j     pc - 2
core   0: 0 0x00000000800000d0 (0xbffd)
core   0: 0x00000000800000ce (0x00000505) c.addi  a0, 1
core   0: 0 0x00000000800000ce (0x0505) x10 0x0000000000000168
core   0: 0x00000000800000d0 (0x0000bffd) c.j     pc - 2
core   0: 0 0x00000000800000d0 (0xbffd)
core   0: 0x00000000800000ce (0x00000505) c.addi  a0, 1
core   0: 0 0x00000000800000ce (0x0505) x10 0x0000000000000169
core   0: 0x00000000800000d0 (0x0000bffd) c.j     pc - 2
core   0: 0 0x00000000800000d0 (0xbffd)
core   0: 0x00000000800000ce (0x00000505) c.addi  a0, 1
core   0: 0 0x00000000800000ce (0x0505) x10 0x000000000000016a
core   0: 0x00000000800000d0 (0x0000bffd) c.j     pc - 2
core   0: 0 0x00000000800000d0 (0xbffd)
core   0: 0x00000000800000ce (0x00000505) c.addi  a0, 1
core   0: 0 0x00000000800000ce (0x0505) x10 0x000000000000016b
core   0: 0x00000000800000d0 (0x0000bffd) c.j     pc - 2
core   0: 0 0x00000000800000d0 (0xbffd)
core   0: 0x00000000800000ce (0x00000505) c.addi  a0, 1
core   0: 0 0x00000000800000ce (0x0505) x10 0x000000000000016c
core   0: 0x00000000800000d0 (0x0000bffd) c.j     pc - 2
core   0: 0 0x00000000800000d0 (0xbffd)
core   0: 0x00000000800000ce (0x00000505) c.addi  a0, 1
core   0: 0 0x00000000800000ce (0x0505) x10 0x000000000000016d
core   0: 0x00000000800000d0 (0x0000bffd) c.j     pc - 2
core   0: 0 0x00000000800000d0 (0xbffd)
core   0: 0x00000000800000ce (0x00000505) c.addi  a0, 1
core   0: 0 0x00000000800000ce (0x0505) x10 0x000000000000016e
core   0: 0x00000000800000d0 (0x0000bffd) c.j     pc - 2
core   0: 0 0x00000000800000d0 (0xbffd)
core   0: 0x00000000800000ce (0x00000505) c.addi  a0, 1
core   0: 0 0x00000000800000ce (0x0505) x10 0x000000000000016f
core   0: 0x00000000800000d0 (0x0000bffd) c.j     pc - 2
core   0: 0 0x00000000800000d0 (0xbffd)
core   0: 0x00000000800000ce (0x00000505) c.addi  a0, 1
core   0: 0 0x00000000800000ce (0x0505) x10 0x0000000000000170
core   0: 0x00000000800000d0 (0x0000bffd) c.j     pc - 2
core   0: 0 0x00000000800000d0 (0xbffd)
core   0: 0x00000000800000ce (0x00000505) c.addi  a0, 1
core   0: 0 0x00000000800000ce (0x0505) x10 0x0000000000000171
core   0: 0x00000000800000d0 (0x0000bffd) c.j     pc - 2
core   0: 0 0x00000000800000d0 (0xbffd)
core   0: 0x00000000800000ce (0x00000505) c.addi  a0, 1
core   0: 0 0x00000000800000ce (0x0505) x10 0x0000000000000172
core   0: 0x00000000800000d0 (0x0000bffd) c.j     pc - 2
core   0: 0 0x00000000800000d0 (0xbffd)
core   0: 0x00000000800000ce (0x00000505) c.addi  a0, 1
core   0: 0 0x00000000800000ce (0x0505) x10 0x0000000000000173
core   0: 0x00000000800000d0 (0x0000bffd) c.j     pc - 2
core   0: 0 0x00000000800000d0 (0xbffd)
core   0: 0x00000000800000ce (0x00000505) c.addi  a0, 1
core   0: 0 0x00000000800000ce (0x0505) x10 0x0000000000000174
core   0: 0x00000000800000d0 (0x0000bffd) c.j     pc - 2
core   0: 0 0x00000000800000d0 (0xbffd)
core   0: 0x00000000800000ce (0x00000505) c.addi  a0, 1
core   0: 0 0x00000000800000ce (0x0505) x10 0x0000000000000175
core   0: 0x00000000800000d0 (0x0000bffd) c.j     pc - 2
core   0: 0 0x00000000800000d0 (0xbffd)
core   0: 0x00000000800000ce (0x00000505) c.addi  a0, 1
core   0: 0 0x00000000800000ce (0x0505) x10 0x0000000000000176
core   0: 0x00000000800000d0 (0x0000bffd) c.j     pc - 2
core   0: 0 0x00000000800000d0 (0xbffd)
core   0: 0x00000000800000ce (0x00000505) c.addi  a0, 1
core   0: 0 0x00000000800000ce (0x0505) x10 0x0000000000000177
core   0: 0x00000000800000d0 (0x0000bffd) c.j     pc - 2
core   0: 0 0x00000000800000d0 (0xbffd)
core   0: 0x00000000800000ce (0x00000505) c.addi  a0, 1
core   0: 0 0x00000000800000ce (0x0505) x10 0x0000000000000178
core   0: 0x00000000800000d0 (0x0000bffd) c.j     pc - 2
core   0: 0 0x00000000800000d0 (0xbffd)
core   0: 0x00000000800000ce (0x00000505) c.addi  a0, 1
core   0: 0 0x00000000800000ce (0x0505) x10 0x0000000000000179
core   0: 0x00000000800000d0 (0x0000bffd) c.j     pc - 2
core   0: 0 0x00000000800000d0 (0xbffd)
core   0: 0x00000000800000ce (0x00000505) c.addi  a0, 1
core   0: 0 0x00000000800000ce (0x0505) x10 0x000000000000017a
core   0: 0x00000000800000d0 (0x0000bffd) c.j     pc - 2
core   0: 0 0x00000000800000d0 (0xbffd)
core   0: 0x00000000800000ce (0x00000505) c.addi  a0, 1
core   0: 0 0x00000000800000ce (0x0505) x10 0x000000000000017b
core   0: 0x00000000800000d0 (0x0000bffd) c.j     pc - 2
core   0: 0 0x00000000800000d0 (0xbffd)
core   0: 0x00000000800000ce (0x00000505) c.addi  a0, 1
core   0: 0 0x00000000800000ce (0x0505) x10 0x000000000000017c
core   0: 0x00000000800000d0 (0x0000bffd) c.j     pc - 2
core   0: 0 0x00000000800000d0 (0xbffd)
core   0: 0x00000000800000ce (0x00000505) c.addi  a0, 1
core   0: 0 0x00000000800000ce (0x0505) x10 0x000000000000017d
core   0: 0x00000000800000d0 (0x0000bffd) c.j     pc - 2
core   0: 0 0x00000000800000d0 (0xbffd)
core   0: 0x00000000800000ce (0x00000505) c.addi  a0, 1
core   0: 0 0x00000000800000ce (0x0505) x10 0x000000000000017e
core   0: 0x00000000800000d0 (0x0000bffd) c.j     pc - 2
core   0: 0 0x00000000800000d0 (0xbffd)
core   0: 0x00000000800000ce (0x00000505) c.addi  a0, 1
core   0: 0 0x00000000800000ce (0x0505) x10 0x000000000000017f
core   0: 0x00000000800000d0 (0x0000bffd) c.j     pc - 2
core   0: 0 0x00000000800000d0 (0xbffd)
core   0: 0x00000000800000ce (0x00000505) c.addi  a0, 1
core   0: 0 0x00000000800000ce (0x0505) x10 0x0000000000000180
core   0: 0x00000000800000d0 (0x0000bffd) c.j     pc - 2
core   0: 0 0x00000000800000d0 (0xbffd)
core   0: 0x00000000800000ce (0x00000505) c.addi  a0, 1
core   0: 0 0x00000000800000ce (0x0505) x10 0x0000000000000181
core   0: 0x00000000800000d0 (0x0000bffd) c.j     pc - 2
core   0: 0 0x00000000800000d0 (0xbffd)
core   0: 0x00000000800000ce (0x00000505) c.addi  a0, 1
core   0: 0 0x00000000800000ce (0x0505) x10 0x0000000000000182
core   0: 0x00000000800000d0 (0x0000bffd) c.j     pc - 2
core   0: 0 0x00000000800000d0 (0xbffd)
core   0: 0x00000000800000ce (0x00000505) c.addi  a0, 1
core   0: 0 0x00000000800000ce (0x0505) x10 0x0000000000000183
core   0: 0x00000000800000d0 (0x0000bffd) c.j     pc - 2
core   0: 0 0x00000000800000d0 (0xbffd)
core   0: 0x00000000800000ce (0x00000505) c.addi  a0, 1
core   0: 0 0x00000000800000ce (0x0505) x10 0x0000000000000184
core   0: 0x00000000800000d0 (0x0000bffd) c.j     pc - 2
core   0: 0 0x00000000800000d0 (0xbffd)
core   0: 0x00000000800000ce (0x00000505) c.addi  a0, 1
core   0: 0 0x00000000800000ce (0x0505) x10 0x0000000000000185
core   0: 0x00000000800000d0 (0x0000bffd) c.j     pc - 2
core   0: 0 0x00000000800000d0 (0xbffd)
core   0: 0x00000000800000ce (0x00000505) c.addi  a0, 1
core   0: 0 0x00000000800000ce (0x0505) x10 0x0000000000000186
core   0: 0x00000000800000d0 (0x0000bffd) c.j     pc - 2
core   0: 0 0x00000000800000d0 (0xbffd)
core   0: 0x00000000800000ce (0x00000505) c.addi  a0, 1
core   0: 0 0x00000000800000ce (0x0505) x10 0x0000000000000187
core   0: 0x00000000800000d0 (0x0000bffd) c.j     pc - 2
core   0: 0 0x00000000800000d0 (0xbffd)
core   0: 0x00000000800000ce (0x00000505) c.addi  a0, 1
core   0: 0 0x00000000800000ce (0x0505) x10 0x0000000000000188
core   0: 0x00000000800000d0 (0x0000bffd) c.j     pc - 2
core   0: 0 0x00000000800000d0 (0xbffd)
core   0: 0x00000000800000ce (0x00000505) c.addi  a0, 1
core   0: 0 0x00000000800000ce (0x0505) x10 0x0000000000000189
core   0: 0x00000000800000d0 (0x0000bffd) c.j     pc - 2
core   0: 0 0x00000000800000d0 (0xbffd)
core   0: 0x00000000800000ce (0x00000505) c.addi  a0, 1
core   0: 0 0x00000000800000ce (0x0505) x10 0x000000000000018a
core   0: 0x00000000800000d0 (0x0000bffd) c.j     pc - 2
core   0: 0 0x00000000800000d0 (0xbffd)
core   0: 0x00000000800000ce (0x00000505) c.addi  a0, 1
core   0: 0 0x00000000800000ce (0x0505) x10 0x000000000000018b
core   0: 0x00000000800000d0 (0x0000bffd) c.j     pc - 2
core   0: 0 0x00000000800000d0 (0xbffd)
core   0: 0x00000000800000ce (0x00000505) c.addi  a0, 1
core   0: 0 0x00000000800000ce (0x0505) x10 0x000000000000018c
core   0: 0x00000000800000d0 (0x0000bffd) c.j     pc - 2
core   0: 0 0x00000000800000d0 (0xbffd)
core   0: 0x00000000800000ce (0x00000505) c.addi  a0, 1
core   0: 0 0x00000000800000ce (0x0505) x10 0x000000000000018d
core   0: 0x00000000800000d0 (0x0000bffd) c.j     pc - 2
core   0: 0 0x00000000800000d0 (0xbffd)
core   0: 0x00000000800000ce (0x00000505) c.addi  a0, 1
core   0: 0 0x00000000800000ce (0x0505) x10 0x000000000000018e
core   0: 0x00000000800000d0 (0x0000bffd) c.j     pc - 2
core   0: 0 0x00000000800000d0 (0xbffd)
core   0: 0x00000000800000ce (0x00000505) c.addi  a0, 1
core   0: 0 0x00000000800000ce (0x0505) x10 0x000000000000018f
core   0: 0x00000000800000d0 (0x0000bffd) c.j     pc - 2
core   0: 0 0x00000000800000d0 (0xbffd)
core   0: 0x00000000800000ce (0x00000505) c.addi  a0, 1
core   0: 0 0x00000000800000ce (0x0505) x10 0x0000000000000190
core   0: 0x00000000800000d0 (0x0000bffd) c.j     pc - 2
core   0: 0 0x00000000800000d0 (0xbffd)
core   0: 0x00000000800000ce (0x00000505) c.addi  a0, 1
core   0: 0 0x00000000800000ce (0x0505) x10 0x0000000000000191
core   0: 0x00000000800000d0 (0x0000bffd) c.j     pc - 2
core   0: 0 0x00000000800000d0 (0xbffd)
core   0: 0x00000000800000ce (0x00000505) c.addi  a0, 1
core   0: 0 0x00000000800000ce (0x0505) x10 0x0000000000000192
core   0: 0x00000000800000d0 (0x0000bffd) c.j     pc - 2
core   0: 0 0x00000000800000d0 (0xbffd)
core   0: 0x00000000800000ce (0x00000505) c.addi  a0, 1
core   0: 0 0x00000000800000ce (0x0505) x10 0x0000000000000193
core   0: 0x00000000800000d0 (0x0000bffd) c.j     pc - 2
core   0: 0 0x00000000800000d0 (0xbffd)
core   0: 0x00000000800000ce (0x00000505) c.addi  a0, 1
core   0: 0 0x00000000800000ce (0x0505) x10 0x0000000000000194
core   0: 0x00000000800000d0 (0x0000bffd) c.j     pc - 2
core   0: 0 0x00000000800000d0 (0xbffd)
core   0: 0x00000000800000ce (0x00000505) c.addi  a0, 1
core   0: 0 0x00000000800000ce (0x0505) x10 0x0000000000000195
core   0: 0x00000000800000d0 (0x0000bffd) c.j     pc - 2
core   0: 0 0x00000000800000d0 (0xbffd)
core   0: 0x00000000800000ce (0x00000505) c.addi  a0, 1
core   0: 0 0x00000000800000ce (0x0505) x10 0x0000000000000196
core   0: 0x00000000800000d0 (0x0000bffd) c.j     pc - 2
core   0: 0 0x00000000800000d0 (0xbffd)
core   0: 0x00000000800000ce (0x00000505) c.addi  a0, 1
core   0: 0 0x00000000800000ce (0x0505) x10 0x0000000000000197
core   0: 0x00000000800000d0 (0x0000bffd) c.j     pc - 2
core   0: 0 0x00000000800000d0 (0xbffd)
core   0: 0x00000000800000ce (0x00000505) c.addi  a0, 1
core   0: 0 0x00000000800000ce (0x0505) x10 0x0000000000000198
core   0: 0x00000000800000d0 (0x0000bffd) c.j     pc - 2
core   0: 0 0x00000000800000d0 (0xbffd)
core   0: 0x00000000800000ce (0x00000505) c.addi  a0, 1
core   0: 0 0x00000000800000ce (0x0505) x10 0x0000000000000199
core   0: 0x00000000800000d0 (0x0000bffd) c.j     pc - 2
core   0: 0 0x00000000800000d0 (0xbffd)
core   0: 0x00000000800000ce (0x00000505) c.addi  a0, 1
core   0: 0 0x00000000800000ce (0x0505) x10 0x000000000000019a
core   0: 0x00000000800000d0 (0x0000bffd) c.j     pc - 2
core   0: 0 0x00000000800000d0 (0xbffd)
core   0: 0x00000000800000ce (0x00000505) c.addi  a0, 1
core   0: 0 0x00000000800000ce (0x0505) x10 0x000000000000019b
core   0: 0x00000000800000d0 (0x0000bffd) c.j     pc - 2
core   0: 0 0x00000000800000d0 (0xbffd)
core   0: 0x00000000800000ce (0x00000505) c.addi  a0, 1
core   0: 0 0x00000000800000ce (0x0505) x10 0x000000000000019c
core   0: 0x00000000800000d0 (0x0000bffd) c.j     pc - 2
core   0: 0 0x00000000800000d0 (0xbffd)
core   0: 0x00000000800000ce (0x00000505) c.addi  a0, 1
core   0: 0 0x00000000800000ce (0x0505) x10 0x000000000000019d
core   0: 0x00000000800000d0 (0x0000bffd) c.j     pc - 2
core   0: 0 0x00000000800000d0 (0xbffd)
core   0: 0x00000000800000ce (0x00000505) c.addi  a0, 1
core   0: 0 0x00000000800000ce (0x0505) x10 0x000000000000019e
core   0: 0x00000000800000d0 (0x0000bffd) c.j     pc - 2
core   0: 0 0x00000000800000d0 (0xbffd)
core   0: 0x00000000800000ce (0x00000505) c.addi  a0, 1
core   0: 0 0x00000000800000ce (0x0505) x10 0x000000000000019f
core   0: 0x00000000800000d0 (0x0000bffd) c.j     pc - 2
core   0: 0 0x00000000800000d0 (0xbffd)
core   0: 0x00000000800000ce (0x00000505) c.addi  a0, 1
core   0: 0 0x00000000800000ce (0x0505) x10 0x00000000000001a0
core   0: 0x00000000800000d0 (0x0000bffd) c.j     pc - 2
core   0: 0 0x00000000800000d0 (0xbffd)
core   0: 0x00000000800000ce (0x00000505) c.addi  a0, 1
core   0: 0 0x00000000800000ce (0x0505) x10 0x00000000000001a1
core   0: 0x00000000800000d0 (0x0000bffd) c.j     pc - 2
core   0: 0 0x00000000800000d0 (0xbffd)
core   0: 0x00000000800000ce (0x00000505) c.addi  a0, 1
core   0: 0 0x00000000800000ce (0x0505) x10 0x00000000000001a2
core   0: 0x00000000800000d0 (0x0000bffd) c.j     pc - 2
core   0: 0 0x00000000800000d0 (0xbffd)
core   0: 0x00000000800000ce (0x00000505) c.addi  a0, 1
core   0: 0 0x00000000800000ce (0x0505) x10 0x00000000000001a3
core   0: 0x00000000800000d0 (0x0000bffd) c.j     pc - 2
core   0: 0 0x00000000800000d0 (0xbffd)
core   0: 0x00000000800000ce (0x00000505) c.addi  a0, 1
core   0: 0 0x00000000800000ce (0x0505) x10 0x00000000000001a4
core   0: 0x00000000800000d0 (0x0000bffd) c.j     pc - 2
core   0: 0 0x00000000800000d0 (0xbffd)
core   0: 0x00000000800000ce (0x00000505) c.addi  a0, 1
core   0: 0 0x00000000800000ce (0x0505) x10 0x00000000000001a5
core   0: 0x00000000800000d0 (0x0000bffd) c.j     pc - 2
core   0: 0 0x00000000800000d0 (0xbffd)
core   0: 0x00000000800000ce (0x00000505) c.addi  a0, 1
core   0: 0 0x00000000800000ce (0x0505) x10 0x00000000000001a6
core   0: 0x00000000800000d0 (0x0000bffd) c.j     pc - 2
core   0: 0 0x00000000800000d0 (0xbffd)
core   0: 0x00000000800000ce (0x00000505) c.addi  a0, 1
core   0: 0 0x00000000800000ce (0x0505) x10 0x00000000000001a7
core   0: 0x00000000800000d0 (0x0000bffd) c.j     pc - 2
core   0: 0 0x00000000800000d0 (0xbffd)
core   0: 0x00000000800000ce (0x00000505) c.addi  a0, 1
core   0: 0 0x00000000800000ce (0x0505) x10 0x00000000000001a8
core   0: 0x00000000800000d0 (0x0000bffd) c.j     pc - 2
core   0: 0 0x00000000800000d0 (0xbffd)
core   0: 0x00000000800000ce (0x00000505) c.addi  a0, 1
core   0: 0 0x00000000800000ce (0x0505) x10 0x00000000000001a9
core   0: 0x00000000800000d0 (0x0000bffd) c.j     pc - 2
core   0: 0 0x00000000800000d0 (0xbffd)
core   0: 0x00000000800000ce (0x00000505) c.addi  a0, 1
core   0: 0 0x00000000800000ce (0x0505) x10 0x00000000000001aa
core   0: 0x00000000800000d0 (0x0000bffd) c.j     pc - 2
core   0: 0 0x00000000800000d0 (0xbffd)
core   0: 0x00000000800000ce (0x00000505) c.addi  a0, 1
core   0: 0 0x00000000800000ce (0x0505) x10 0x00000000000001ab
core   0: 0x00000000800000d0 (0x0000bffd) c.j     pc - 2
core   0: 0 0x00000000800000d0 (0xbffd)
core   0: 0x00000000800000ce (0x00000505) c.addi  a0, 1
core   0: 0 0x00000000800000ce (0x0505) x10 0x00000000000001ac
core   0: 0x00000000800000d0 (0x0000bffd) c.j     pc - 2
core   0: 0 0x00000000800000d0 (0xbffd)
core   0: 0x00000000800000ce (0x00000505) c.addi  a0, 1
core   0: 0 0x00000000800000ce (0x0505) x10 0x00000000000001ad
core   0: 0x00000000800000d0 (0x0000bffd) c.j     pc - 2
core   0: 0 0x00000000800000d0 (0xbffd)
core   0: 0x00000000800000ce (0x00000505) c.addi  a0, 1
core   0: 0 0x00000000800000ce (0x0505) x10 0x00000000000001ae
core   0: 0x00000000800000d0 (0x0000bffd) c.j     pc - 2
core   0: 0 0x00000000800000d0 (0xbffd)
core   0: 0x00000000800000ce (0x00000505) c.addi  a0, 1
core   0: 0 0x00000000800000ce (0x0505) x10 0x00000000000001af
core   0: 0x00000000800000d0 (0x0000bffd) c.j     pc - 2
core   0: 0 0x00000000800000d0 (0xbffd)
core   0: 0x00000000800000ce (0x00000505) c.addi  a0, 1
core   0: 0 0x00000000800000ce (0x0505) x10 0x00000000000001b0
core   0: 0x00000000800000d0 (0x0000bffd) c.j     pc - 2
core   0: 0 0x00000000800000d0 (0xbffd)
core   0: 0x00000000800000ce (0x00000505) c.addi  a0, 1
core   0: 0 0x00000000800000ce (0x0505) x10 0x00000000000001b1
core   0: 0x00000000800000d0 (0x0000bffd) c.j     pc - 2
core   0: 0 0x00000000800000d0 (0xbffd)
core   0: 0x00000000800000ce (0x00000505) c.addi  a0, 1
core   0: 0 0x00000000800000ce (0x0505) x10 0x00000000000001b2
core   0: 0x00000000800000d0 (0x0000bffd) c.j     pc - 2
core   0: 0 0x00000000800000d0 (0xbffd)
core   0: 0x00000000800000ce (0x00000505) c.addi  a0, 1
core   0: 0 0x00000000800000ce (0x0505) x10 0x00000000000001b3
core   0: 0x00000000800000d0 (0x0000bffd) c.j     pc - 2
core   0: 0 0x00000000800000d0 (0xbffd)
core   0: 0x00000000800000ce (0x00000505) c.addi  a0, 1
core   0: 0 0x00000000800000ce (0x0505) x10 0x00000000000001b4
core   0: 0x00000000800000d0 (0x0000bffd) c.j     pc - 2
core   0: 0 0x00000000800000d0 (0xbffd)
core   0: 0x00000000800000ce (0x00000505) c.addi  a0, 1
core   0: 0 0x00000000800000ce (0x0505) x10 0x00000000000001b5
core   0: 0x00000000800000d0 (0x0000bffd) c.j     pc - 2
core   0: 0 0x00000000800000d0 (0xbffd)
core   0: 0x00000000800000ce (0x00000505) c.addi  a0, 1
core   0: 0 0x00000000800000ce (0x0505) x10 0x00000000000001b6
core   0: 0x00000000800000d0 (0x0000bffd) c.j     pc - 2
core   0: 0 0x00000000800000d0 (0xbffd)
core   0: 0x00000000800000ce (0x00000505) c.addi  a0, 1
core   0: 0 0x00000000800000ce (0x0505) x10 0x00000000000001b7
core   0: 0x00000000800000d0 (0x0000bffd) c.j     pc - 2
core   0: 0 0x00000000800000d0 (0xbffd)
core   0: 0x00000000800000ce (0x00000505) c.addi  a0, 1
core   0: 0 0x00000000800000ce (0x0505) x10 0x00000000000001b8
core   0: 0x00000000800000d0 (0x0000bffd) c.j     pc - 2
core   0: 0 0x00000000800000d0 (0xbffd)
core   0: 0x00000000800000ce (0x00000505) c.addi  a0, 1
core   0: 0 0x00000000800000ce (0x0505) x10 0x00000000000001b9
core   0: 0x00000000800000d0 (0x0000bffd) c.j     pc - 2
core   0: 0 0x00000000800000d0 (0xbffd)
core   0: 0x00000000800000ce (0x00000505) c.addi  a0, 1
core   0: 0 0x00000000800000ce (0x0505) x10 0x00000000000001ba
core   0: 0x00000000800000d0 (0x0000bffd) c.j     pc - 2
core   0: 0 0x00000000800000d0 (0xbffd)
core   0: 0x00000000800000ce (0x00000505) c.addi  a0, 1
core   0: 0 0x00000000800000ce (0x0505) x10 0x00000000000001bb
core   0: 0x00000000800000d0 (0x0000bffd) c.j     pc - 2
core   0: 0 0x00000000800000d0 (0xbffd)
core   0: 0x00000000800000ce (0x00000505) c.addi  a0, 1
core   0: 0 0x00000000800000ce (0x0505) x10 0x00000000000001bc
core   0: 0x00000000800000d0 (0x0000bffd) c.j     pc - 2
core   0: 0 0x00000000800000d0 (0xbffd)
core   0: 0x00000000800000ce (0x00000505) c.addi  a0, 1
core   0: 0 0x00000000800000ce (0x0505) x10 0x00000000000001bd
core   0: 0x00000000800000d0 (0x0000bffd) c.j     pc - 2
core   0: 0 0x00000000800000d0 (0xbffd)
core   0: 0x00000000800000ce (0x00000505) c.addi  a0, 1
core   0: 0 0x00000000800000ce (0x0505) x10 0x00000000000001be
core   0: 0x00000000800000d0 (0x0000bffd) c.j     pc - 2
core   0: 0 0x00000000800000d0 (0xbffd)
core   0: 0x00000000800000ce (0x00000505) c.addi  a0, 1
core   0: 0 0x00000000800000ce (0x0505) x10 0x00000000000001bf
core   0: 0x00000000800000d0 (0x0000bffd) c.j     pc - 2
core   0: 0 0x00000000800000d0 (0xbffd)
core   0: 0x00000000800000ce (0x00000505) c.addi  a0, 1
core   0: 0 0x00000000800000ce (0x0505) x10 0x00000000000001c0
core   0: 0x00000000800000d0 (0x0000bffd) c.j     pc - 2
core   0: 0 0x00000000800000d0 (0xbffd)
core   0: 0x00000000800000ce (0x00000505) c.addi  a0, 1
core   0: 0 0x00000000800000ce (0x0505) x10 0x00000000000001c1
core   0: 0x00000000800000d0 (0x0000bffd) c.j     pc - 2
core   0: 0 0x00000000800000d0 (0xbffd)
core   0: 0x00000000800000ce (0x00000505) c.addi  a0, 1
core   0: 0 0x00000000800000ce (0x0505) x10 0x00000000000001c2
core   0: 0x00000000800000d0 (0x0000bffd) c.j     pc - 2
core   0: 0 0x00000000800000d0 (0xbffd)
core   0: 0x00000000800000ce (0x00000505) c.addi  a0, 1
core   0: 0 0x00000000800000ce (0x0505) x10 0x00000000000001c3
core   0: 0x00000000800000d0 (0x0000bffd) c.j     pc - 2
core   0: 0 0x00000000800000d0 (0xbffd)
core   0: 0x00000000800000ce (0x00000505) c.addi  a0, 1
core   0: 0 0x00000000800000ce (0x0505) x10 0x00000000000001c4
core   0: 0x00000000800000d0 (0x0000bffd) c.j     pc - 2
core   0: 0 0x00000000800000d0 (0xbffd)
core   0: 0x00000000800000ce (0x00000505) c.addi  a0, 1
core   0: 0 0x00000000800000ce (0x0505) x10 0x00000000000001c5
core   0: 0x00000000800000d0 (0x0000bffd) c.j     pc - 2
core   0: 0 0x00000000800000d0 (0xbffd)
core   0: 0x00000000800000ce (0x00000505) c.addi  a0, 1
core   0: 0 0x00000000800000ce (0x0505) x10 0x00000000000001c6
core   0: 0x00000000800000d0 (0x0000bffd) c.j     pc - 2
core   0: 0 0x00000000800000d0 (0xbffd)
core   0: 0x00000000800000ce (0x00000505) c.addi  a0, 1
core   0: 0 0x00000000800000ce (0x0505) x10 0x00000000000001c7
core   0: 0x00000000800000d0 (0x0000bffd) c.j     pc - 2
core   0: 0 0x00000000800000d0 (0xbffd)
core   0: 0x00000000800000ce (0x00000505) c.addi  a0, 1
core   0: 0 0x00000000800000ce (0x0505) x10 0x00000000000001c8
core   0: 0x00000000800000d0 (0x0000bffd) c.j     pc - 2
core   0: 0 0x00000000800000d0 (0xbffd)
core   0: 0x00000000800000ce (0x00000505) c.addi  a0, 1
core   0: 0 0x00000000800000ce (0x0505) x10 0x00000000000001c9
core   0: 0x00000000800000d0 (0x0000bffd) c.j     pc - 2
core   0: 0 0x00000000800000d0 (0xbffd)
core   0: 0x00000000800000ce (0x00000505) c.addi  a0, 1
core   0: 0 0x00000000800000ce (0x0505) x10 0x00000000000001ca
core   0: 0x00000000800000d0 (0x0000bffd) c.j     pc - 2
core   0: 0 0x00000000800000d0 (0xbffd)
core   0: 0x00000000800000ce (0x00000505) c.addi  a0, 1
core   0: 0 0x00000000800000ce (0x0505) x10 0x00000000000001cb
core   0: 0x00000000800000d0 (0x0000bffd) c.j     pc - 2
core   0: 0 0x00000000800000d0 (0xbffd)
core   0: 0x00000000800000ce (0x00000505) c.addi  a0, 1
core   0: 0 0x00000000800000ce (0x0505) x10 0x00000000000001cc
core   0: 0x00000000800000d0 (0x0000bffd) c.j     pc - 2
core   0: 0 0x00000000800000d0 (0xbffd)
core   0: 0x00000000800000ce (0x00000505) c.addi  a0, 1
core   0: 0 0x00000000800000ce (0x0505) x10 0x00000000000001cd
core   0: 0x00000000800000d0 (0x0000bffd) c.j     pc - 2
core   0: 0 0x00000000800000d0 (0xbffd)
core   0: 0x00000000800000ce (0x00000505) c.addi  a0, 1
core   0: 0 0x00000000800000ce (0x0505) x10 0x00000000000001ce
core   0: 0x00000000800000d0 (0x0000bffd) c.j     pc - 2
core   0: 0 0x00000000800000d0 (0xbffd)
core   0: 0x00000000800000ce (0x00000505) c.addi  a0, 1
core   0: 0 0x00000000800000ce (0x0505) x10 0x00000000000001cf
core   0: 0x00000000800000d0 (0x0000bffd) c.j     pc - 2
core   0: 0 0x00000000800000d0 (0xbffd)
core   0: 0x00000000800000ce (0x00000505) c.addi  a0, 1
core   0: 0 0x00000000800000ce (0x0505) x10 0x00000000000001d0
core   0: 0x00000000800000d0 (0x0000bffd) c.j     pc - 2
core   0: 0 0x00000000800000d0 (0xbffd)
core   0: 0x00000000800000ce (0x00000505) c.addi  a0, 1
core   0: 0 0x00000000800000ce (0x0505) x10 0x00000000000001d1
core   0: 0x00000000800000d0 (0x0000bffd) c.j     pc - 2
core   0: 0 0x00000000800000d0 (0xbffd)
core   0: 0x00000000800000ce (0x00000505) c.addi  a0, 1
core   0: 0 0x00000000800000ce (0x0505) x10 0x00000000000001d2
core   0: 0x00000000800000d0 (0x0000bffd) c.j     pc - 2
core   0: 0 0x00000000800000d0 (0xbffd)
core   0: 0x00000000800000ce (0x00000505) c.addi  a0, 1
core   0: 0 0x00000000800000ce (0x0505) x10 0x00000000000001d3
core   0: 0x00000000800000d0 (0x0000bffd) c.j     pc - 2
core   0: 0 0x00000000800000d0 (0xbffd)
core   0: 0x00000000800000ce (0x00000505) c.addi  a0, 1
core   0: 0 0x00000000800000ce (0x0505) x10 0x00000000000001d4
core   0: 0x00000000800000d0 (0x0000bffd) c.j     pc - 2
core   0: 0 0x00000000800000d0 (0xbffd)
core   0: 0x00000000800000ce (0x00000505) c.addi  a0, 1
core   0: 0 0x00000000800000ce (0x0505) x10 0x00000000000001d5
core   0: 0x00000000800000d0 (0x0000bffd) c.j     pc - 2
core   0: 0 0x00000000800000d0 (0xbffd)
core   0: 0x00000000800000ce (0x00000505) c.addi  a0, 1
core   0: 0 0x00000000800000ce (0x0505) x10 0x00000000000001d6
core   0: 0x00000000800000d0 (0x0000bffd) c.j     pc - 2
core   0: 0 0x00000000800000d0 (0xbffd)
core   0: 0x00000000800000ce (0x00000505) c.addi  a0, 1
core   0: 0 0x00000000800000ce (0x0505) x10 0x00000000000001d7
core   0: 0x00000000800000d0 (0x0000bffd) c.j     pc - 2
core   0: 0 0x00000000800000d0 (0xbffd)
core   0: 0x00000000800000ce (0x00000505) c.addi  a0, 1
core   0: 0 0x00000000800000ce (0x0505) x10 0x00000000000001d8
core   0: 0x00000000800000d0 (0x0000bffd) c.j     pc - 2
core   0: 0 0x00000000800000d0 (0xbffd)
core   0: 0x00000000800000ce (0x00000505) c.addi  a0, 1
core   0: 0 0x00000000800000ce (0x0505) x10 0x00000000000001d9
core   0: 0x00000000800000d0 (0x0000bffd) c.j     pc - 2
core   0: 0 0x00000000800000d0 (0xbffd)
core   0: 0x00000000800000ce (0x00000505) c.addi  a0, 1
core   0: 0 0x00000000800000ce (0x0505) x10 0x00000000000001da
core   0: 0x00000000800000d0 (0x0000bffd) c.j     pc - 2
core   0: 0 0x00000000800000d0 (0xbffd)
core   0: 0x00000000800000ce (0x00000505) c.addi  a0, 1
core   0: 0 0x00000000800000ce (0x0505) x10 0x00000000000001db
core   0: 0x00000000800000d0 (0x0000bffd) c.j     pc - 2
core   0: 0 0x00000000800000d0 (0xbffd)
core   0: 0x00000000800000ce (0x00000505) c.addi  a0, 1
core   0: 0 0x00000000800000ce (0x0505) x10 0x00000000000001dc
core   0: 0x00000000800000d0 (0x0000bffd) c.j     pc - 2
core   0: 0 0x00000000800000d0 (0xbffd)
core   0: 0x00000000800000ce (0x00000505) c.addi  a0, 1
core   0: 0 0x00000000800000ce (0x0505) x10 0x00000000000001dd
core   0: 0x00000000800000d0 (0x0000bffd) c.j     pc - 2
core   0: 0 0x00000000800000d0 (0xbffd)
core   0: 0x00000000800000ce (0x00000505) c.addi  a0, 1
core   0: 0 0x00000000800000ce (0x0505) x10 0x00000000000001de
core   0: 0x00000000800000d0 (0x0000bffd) c.j     pc - 2
core   0: 0 0x00000000800000d0 (0xbffd)
core   0: 0x00000000800000ce (0x00000505) c.addi  a0, 1
core   0: 0 0x00000000800000ce (0x0505) x10 0x00000000000001df
core   0: 0x00000000800000d0 (0x0000bffd) c.j     pc - 2
core   0: 0 0x00000000800000d0 (0xbffd)
core   0: 0x00000000800000ce (0x00000505) c.addi  a0, 1
core   0: 0 0x00000000800000ce (0x0505) x10 0x00000000000001e0
core   0: 0x00000000800000d0 (0x0000bffd) c.j     pc - 2
core   0: 0 0x00000000800000d0 (0xbffd)
core   0: 0x00000000800000ce (0x00000505) c.addi  a0, 1
core   0: 0 0x00000000800000ce (0x0505) x10 0x00000000000001e1
core   0: 0x00000000800000d0 (0x0000bffd) c.j     pc - 2
core   0: 0 0x00000000800000d0 (0xbffd)
core   0: 0x00000000800000ce (0x00000505) c.addi  a0, 1
core   0: 0 0x00000000800000ce (0x0505) x10 0x00000000000001e2
core   0: 0x00000000800000d0 (0x0000bffd) c.j     pc - 2
core   0: 0 0x00000000800000d0 (0xbffd)
core   0: 0x00000000800000ce (0x00000505) c.addi  a0, 1
core   0: 0 0x00000000800000ce (0x0505) x10 0x00000000000001e3
core   0: 0x00000000800000d0 (0x0000bffd) c.j     pc - 2
core   0: 0 0x00000000800000d0 (0xbffd)
core   0: 0x00000000800000ce (0x00000505) c.addi  a0, 1
core   0: 0 0x00000000800000ce (0x0505) x10 0x00000000000001e4
core   0: 0x00000000800000d0 (0x0000bffd) c.j     pc - 2
core   0: 0 0x00000000800000d0 (0xbffd)
core   0: 0x00000000800000ce (0x00000505) c.addi  a0, 1
core   0: 0 0x00000000800000ce (0x0505) x10 0x00000000000001e5
core   0: 0x00000000800000d0 (0x0000bffd) c.j     pc - 2
core   0: 0 0x00000000800000d0 (0xbffd)
core   0: 0x00000000800000ce (0x00000505) c.addi  a0, 1
core   0: 0 0x00000000800000ce (0x0505) x10 0x00000000000001e6
core   0: 0x00000000800000d0 (0x0000bffd) c.j     pc - 2
core   0: 0 0x00000000800000d0 (0xbffd)
core   0: 0x00000000800000ce (0x00000505) c.addi  a0, 1
core   0: 0 0x00000000800000ce (0x0505) x10 0x00000000000001e7
core   0: 0x00000000800000d0 (0x0000bffd) c.j     pc - 2
core   0: 0 0x00000000800000d0 (0xbffd)
core   0: 0x00000000800000ce (0x00000505) c.addi  a0, 1
core   0: 0 0x00000000800000ce (0x0505) x10 0x00000000000001e8
core   0: 0x00000000800000d0 (0x0000bffd) c.j     pc - 2
core   0: 0 0x00000000800000d0 (0xbffd)
core   0: 0x00000000800000ce (0x00000505) c.addi  a0, 1
core   0: 0 0x00000000800000ce (0x0505) x10 0x00000000000001e9
core   0: 0x00000000800000d0 (0x0000bffd) c.j     pc - 2
core   0: 0 0x00000000800000d0 (0xbffd)
core   0: 0x00000000800000ce (0x00000505) c.addi  a0, 1
core   0: 0 0x00000000800000ce (0x0505) x10 0x00000000000001ea
core   0: 0x00000000800000d0 (0x0000bffd) c.j     pc - 2
core   0: 0 0x00000000800000d0 (0xbffd)
core   0: 0x00000000800000ce (0x00000505) c.addi  a0, 1
core   0: 0 0x00000000800000ce (0x0505) x10 0x00000000000001eb
core   0: 0x00000000800000d0 (0x0000bffd) c.j     pc - 2
core   0: 0 0x00000000800000d0 (0xbffd)
core   0: 0x00000000800000ce (0x00000505) c.addi  a0, 1
core   0: 0 0x00000000800000ce (0x0505) x10 0x00000000000001ec
core   0: 0x00000000800000d0 (0x0000bffd) c.j     pc - 2
core   0: 0 0x00000000800000d0 (0xbffd)
core   0: 0x00000000800000ce (0x00000505) c.addi  a0, 1
core   0: 0 0x00000000800000ce (0x0505) x10 0x00000000000001ed
core   0: 0x00000000800000d0 (0x0000bffd) c.j     pc - 2
core   0: 0 0x00000000800000d0 (0xbffd)
core   0: 0x00000000800000ce (0x00000505) c.addi  a0, 1
core   0: 0 0x00000000800000ce (0x0505) x10 0x00000000000001ee
core   0: 0x00000000800000d0 (0x0000bffd) c.j     pc - 2
core   0: 0 0x00000000800000d0 (0xbffd)
core   0: 0x00000000800000ce (0x00000505) c.addi  a0, 1
core   0: 0 0x00000000800000ce (0x0505) x10 0x00000000000001ef
core   0: 0x00000000800000d0 (0x0000bffd) c.j     pc - 2
core   0: 0 0x00000000800000d0 (0xbffd)
core   0: 0x00000000800000ce (0x00000505) c.addi  a0, 1
core   0: 0 0x00000000800000ce (0x0505) x10 0x00000000000001f0
core   0: 0x00000000800000d0 (0x0000bffd) c.j     pc - 2
core   0: 0 0x00000000800000d0 (0xbffd)
core   0: 0x00000000800000ce (0x00000505) c.addi  a0, 1
core   0: 0 0x00000000800000ce (0x0505) x10 0x00000000000001f1
core   0: 0x00000000800000d0 (0x0000bffd) c.j     pc - 2
core   0: 0 0x00000000800000d0 (0xbffd)
core   0: 0x00000000800000ce (0x00000505) c.addi  a0, 1
core   0: 0 0x00000000800000ce (0x0505) x10 0x00000000000001f2
core   0: 0x00000000800000d0 (0x0000bffd) c.j     pc - 2
core   0: 0 0x00000000800000d0 (0xbffd)
core   0: 0x00000000800000ce (0x00000505) c.addi  a0, 1
core   0: 0 0x00000000800000ce (0x0505) x10 0x00000000000001f3
core   0: 0x00000000800000d0 (0x0000bffd) c.j     pc - 2
core   0: 0 0x00000000800000d0 (0xbffd)
core   0: 0x00000000800000ce (0x00000505) c.addi  a0, 1
core   0: 0 0x00000000800000ce (0x0505) x10 0x00000000000001f4
core   0: 0x00000000800000d0 (0x0000bffd) c.j     pc - 2
core   0: 0 0x00000000800000d0 (0xbffd)
core   0: 0x00000000800000ce (0x00000505) c.addi  a0, 1
core   0: 0 0x00000000800000ce (0x0505) x10 0x00000000000001f5
core   0: 0x00000000800000d0 (0x0000bffd) c.j     pc - 2
core   0: 0 0x00000000800000d0 (0xbffd)
core   0: 0x00000000800000ce (0x00000505) c.addi  a0, 1
core   0: 0 0x00000000800000ce (0x0505) x10 0x00000000000001f6
core   0: 0x00000000800000d0 (0x0000bffd) c.j     pc - 2
core   0: 0 0x00000000800000d0 (0xbffd)
core   0: 0x00000000800000ce (0x00000505) c.addi  a0, 1
core   0: 0 0x00000000800000ce (0x0505) x10 0x00000000000001f7
core   0: 0x00000000800000d0 (0x0000bffd) c.j     pc - 2
core   0: 0 0x00000000800000d0 (0xbffd)
core   0: 0x00000000800000ce (0x00000505) c.addi  a0, 1
core   0: 0 0x00000000800000ce (0x0505) x10 0x00000000000001f8
core   0: 0x00000000800000d0 (0x0000bffd) c.j     pc - 2
core   0: 0 0x00000000800000d0 (0xbffd)
core   0: 0x00000000800000ce (0x00000505) c.addi  a0, 1
core   0: 0 0x00000000800000ce (0x0505) x10 0x00000000000001f9
core   0: 0x00000000800000d0 (0x0000bffd) c.j     pc - 2
core   0: 0 0x00000000800000d0 (0xbffd)
core   0: 0x00000000800000ce (0x00000505) c.addi  a0, 1
core   0: 0 0x00000000800000ce (0x0505) x10 0x00000000000001fa
core   0: 0x00000000800000d0 (0x0000bffd) c.j     pc - 2
core   0: 0 0x00000000800000d0 (0xbffd)
core   0: 0x00000000800000ce (0x00000505) c.addi  a0, 1
core   0: 0 0x00000000800000ce (0x0505) x10 0x00000000000001fb
core   0: 0x00000000800000d0 (0x0000bffd) c.j     pc - 2
core   0: 0 0x00000000800000d0 (0xbffd)
core   0: 0x00000000800000ce (0x00000505) c.addi  a0, 1
core   0: 0 0x00000000800000ce (0x0505) x10 0x00000000000001fc
core   0: 0x00000000800000d0 (0x0000bffd) c.j     pc - 2
core   0: 0 0x00000000800000d0 (0xbffd)
core   0: 0x00000000800000ce (0x00000505) c.addi  a0, 1
core   0: 0 0x00000000800000ce (0x0505) x10 0x00000000000001fd
core   0: 0x00000000800000d0 (0x0000bffd) c.j     pc - 2
core   0: 0 0x00000000800000d0 (0xbffd)
core   0: 0x00000000800000ce (0x00000505) c.addi  a0, 1
core   0: 0 0x00000000800000ce (0x0505) x10 0x00000000000001fe
core   0: 0x00000000800000d0 (0x0000bffd) c.j     pc - 2
core   0: 0 0x00000000800000d0 (0xbffd)
core   0: 0x00000000800000ce (0x00000505) c.addi  a0, 1
core   0: 0 0x00000000800000ce (0x0505) x10 0x00000000000001ff
core   0: 0x00000000800000d0 (0x0000bffd) c.j     pc - 2
core   0: 0 0x00000000800000d0 (0xbffd)
core   0: 0x00000000800000ce (0x00000505) c.addi  a0, 1
core   0: 0 0x00000000800000ce (0x0505) x10 0x0000000000000200
core   0: 0x00000000800000d0 (0x0000bffd) c.j     pc - 2
core   0: 0 0x00000000800000d0 (0xbffd)
core   0: 0x00000000800000ce (0x00000505) c.addi  a0, 1
core   0: 0 0x00000000800000ce (0x0505) x10 0x0000000000000201
core   0: 0x00000000800000d0 (0x0000bffd) c.j     pc - 2
core   0: 0 0x00000000800000d0 (0xbffd)
core   0: 0x00000000800000ce (0x00000505) c.addi  a0, 1
core   0: 0 0x00000000800000ce (0x0505) x10 0x0000000000000202
core   0: 0x00000000800000d0 (0x0000bffd) c.j     pc - 2
core   0: 0 0x00000000800000d0 (0xbffd)
core   0: 0x00000000800000ce (0x00000505) c.addi  a0, 1
core   0: 0 0x00000000800000ce (0x0505) x10 0x0000000000000203
core   0: 0x00000000800000d0 (0x0000bffd) c.j     pc - 2
core   0: 0 0x00000000800000d0 (0xbffd)
core   0: 0x00000000800000ce (0x00000505) c.addi  a0, 1
core   0: 0 0x00000000800000ce (0x0505) x10 0x0000000000000204
core   0: 0x00000000800000d0 (0x0000bffd) c.j     pc - 2
core   0: 0 0x00000000800000d0 (0xbffd)
core   0: 0x00000000800000ce (0x00000505) c.addi  a0, 1
core   0: 0 0x00000000800000ce (0x0505) x10 0x0000000000000205
core   0: 0x00000000800000d0 (0x0000bffd) c.j     pc - 2
core   0: 0 0x00000000800000d0 (0xbffd)
core   0: 0x00000000800000ce (0x00000505) c.addi  a0, 1
core   0: 0 0x00000000800000ce (0x0505) x10 0x0000000000000206
core   0: 0x00000000800000d0 (0x0000bffd) c.j     pc - 2
core   0: 0 0x00000000800000d0 (0xbffd)
core   0: 0x00000000800000ce (0x00000505) c.addi  a0, 1
core   0: 0 0x00000000800000ce (0x0505) x10 0x0000000000000207
core   0: 0x00000000800000d0 (0x0000bffd) c.j     pc - 2
core   0: 0 0x00000000800000d0 (0xbffd)
core   0: 0x00000000800000ce (0x00000505) c.addi  a0, 1
core   0: 0 0x00000000800000ce (0x0505) x10 0x0000000000000208
core   0: 0x00000000800000d0 (0x0000bffd) c.j     pc - 2
core   0: 0 0x00000000800000d0 (0xbffd)
core   0: 0x00000000800000ce (0x00000505) c.addi  a0, 1
core   0: 0 0x00000000800000ce (0x0505) x10 0x0000000000000209
core   0: 0x00000000800000d0 (0x0000bffd) c.j     pc - 2
core   0: 0 0x00000000800000d0 (0xbffd)
core   0: 0x00000000800000ce (0x00000505) c.addi  a0, 1
core   0: 0 0x00000000800000ce (0x0505) x10 0x000000000000020a
core   0: 0x00000000800000d0 (0x0000bffd) c.j     pc - 2
core   0: 0 0x00000000800000d0 (0xbffd)
core   0: 0x00000000800000ce (0x00000505) c.addi  a0, 1
core   0: 0 0x00000000800000ce (0x0505) x10 0x000000000000020b
core   0: 0x00000000800000d0 (0x0000bffd) c.j     pc - 2
core   0: 0 0x00000000800000d0 (0xbffd)
core   0: 0x00000000800000ce (0x00000505) c.addi  a0, 1
core   0: 0 0x00000000800000ce (0x0505) x10 0x000000000000020c
core   0: 0x00000000800000d0 (0x0000bffd) c.j     pc - 2
core   0: 0 0x00000000800000d0 (0xbffd)
core   0: 0x00000000800000ce (0x00000505) c.addi  a0, 1
core   0: 0 0x00000000800000ce (0x0505) x10 0x000000000000020d
core   0: 0x00000000800000d0 (0x0000bffd) c.j     pc - 2
core   0: 0 0x00000000800000d0 (0xbffd)
core   0: 0x00000000800000ce (0x00000505) c.addi  a0, 1
core   0: 0 0x00000000800000ce (0x0505) x10 0x000000000000020e
core   0: 0x00000000800000d0 (0x0000bffd) c.j     pc - 2
core   0: 0 0x00000000800000d0 (0xbffd)
core   0: 0x00000000800000ce (0x00000505) c.addi  a0, 1
core   0: 0 0x00000000800000ce (0x0505) x10 0x000000000000020f
core   0: 0x00000000800000d0 (0x0000bffd) c.j     pc - 2
core   0: 0 0x00000000800000d0 (0xbffd)
core   0: 0x00000000800000ce (0x00000505) c.addi  a0, 1
core   0: 0 0x00000000800000ce (0x0505) x10 0x0000000000000210
core   0: 0x00000000800000d0 (0x0000bffd) c.j     pc - 2
core   0: 0 0x00000000800000d0 (0xbffd)
core   0: 0x00000000800000ce (0x00000505) c.addi  a0, 1
core   0: 0 0x00000000800000ce (0x0505) x10 0x0000000000000211
core   0: 0x00000000800000d0 (0x0000bffd) c.j     pc - 2
core   0: 0 0x00000000800000d0 (0xbffd)
core   0: 0x00000000800000ce (0x00000505) c.addi  a0, 1
core   0: 0 0x00000000800000ce (0x0505) x10 0x0000000000000212
core   0: 0x00000000800000d0 (0x0000bffd) c.j     pc - 2
core   0: 0 0x00000000800000d0 (0xbffd)
core   0: 0x00000000800000ce (0x00000505) c.addi  a0, 1
core   0: 0 0x00000000800000ce (0x0505) x10 0x0000000000000213
core   0: 0x00000000800000d0 (0x0000bffd) c.j     pc - 2
core   0: 0 0x00000000800000d0 (0xbffd)
core   0: 0x00000000800000ce (0x00000505) c.addi  a0, 1
core   0: 0 0x00000000800000ce (0x0505) x10 0x0000000000000214
core   0: 0x00000000800000d0 (0x0000bffd) c.j     pc - 2
core   0: 0 0x00000000800000d0 (0xbffd)
core   0: 0x00000000800000ce (0x00000505) c.addi  a0, 1
core   0: 0 0x00000000800000ce (0x0505) x10 0x0000000000000215
core   0: 0x00000000800000d0 (0x0000bffd) c.j     pc - 2
core   0: 0 0x00000000800000d0 (0xbffd)
core   0: 0x00000000800000ce (0x00000505) c.addi  a0, 1
core   0: 0 0x00000000800000ce (0x0505) x10 0x0000000000000216
core   0: 0x00000000800000d0 (0x0000bffd) c.j     pc - 2
core   0: 0 0x00000000800000d0 (0xbffd)
core   0: 0x00000000800000ce (0x00000505) c.addi  a0, 1
core   0: 0 0x00000000800000ce (0x0505) x10 0x0000000000000217
core   0: 0x00000000800000d0 (0x0000bffd) c.j     pc - 2
core   0: 0 0x00000000800000d0 (0xbffd)
core   0: 0x00000000800000ce (0x00000505) c.addi  a0, 1
core   0: 0 0x00000000800000ce (0x0505) x10 0x0000000000000218
core   0: 0x00000000800000d0 (0x0000bffd) c.j     pc - 2
core   0: 0 0x00000000800000d0 (0xbffd)
core   0: 0x00000000800000ce (0x00000505) c.addi  a0, 1
core   0: 0 0x00000000800000ce (0x0505) x10 0x0000000000000219
core   0: 0x00000000800000d0 (0x0000bffd) c.j     pc - 2
core   0: 0 0x00000000800000d0 (0xbffd)
core   0: 0x00000000800000ce (0x00000505) c.addi  a0, 1
core   0: 0 0x00000000800000ce (0x0505) x10 0x000000000000021a
core   0: 0x00000000800000d0 (0x0000bffd) c.j     pc - 2
core   0: 0 0x00000000800000d0 (0xbffd)
core   0: 0x00000000800000ce (0x00000505) c.addi  a0, 1
core   0: 0 0x00000000800000ce (0x0505) x10 0x000000000000021b
core   0: 0x00000000800000d0 (0x0000bffd) c.j     pc - 2
core   0: 0 0x00000000800000d0 (0xbffd)
core   0: 0x00000000800000ce (0x00000505) c.addi  a0, 1
core   0: 0 0x00000000800000ce (0x0505) x10 0x000000000000021c
core   0: 0x00000000800000d0 (0x0000bffd) c.j     pc - 2
core   0: 0 0x00000000800000d0 (0xbffd)
core   0: 0x00000000800000ce (0x00000505) c.addi  a0, 1
core   0: 0 0x00000000800000ce (0x0505) x10 0x000000000000021d
core   0: 0x00000000800000d0 (0x0000bffd) c.j     pc - 2
core   0: 0 0x00000000800000d0 (0xbffd)
core   0: 0x00000000800000ce (0x00000505) c.addi  a0, 1
core   0: 0 0x00000000800000ce (0x0505) x10 0x000000000000021e
core   0: 0x00000000800000d0 (0x0000bffd) c.j     pc - 2
core   0: 0 0x00000000800000d0 (0xbffd)
core   0: 0x00000000800000ce (0x00000505) c.addi  a0, 1
core   0: 0 0x00000000800000ce (0x0505) x10 0x000000000000021f
core   0: 0x00000000800000d0 (0x0000bffd) c.j     pc - 2
core   0: 0 0x00000000800000d0 (0xbffd)
core   0: 0x00000000800000ce (0x00000505) c.addi  a0, 1
core   0: 0 0x00000000800000ce (0x0505) x10 0x0000000000000220
core   0: 0x00000000800000d0 (0x0000bffd) c.j     pc - 2
core   0: 0 0x00000000800000d0 (0xbffd)
core   0: 0x00000000800000ce (0x00000505) c.addi  a0, 1
core   0: 0 0x00000000800000ce (0x0505) x10 0x0000000000000221
core   0: 0x00000000800000d0 (0x0000bffd) c.j     pc - 2
core   0: 0 0x00000000800000d0 (0xbffd)
core   0: 0x00000000800000ce (0x00000505) c.addi  a0, 1
core   0: 0 0x00000000800000ce (0x0505) x10 0x0000000000000222
core   0: 0x00000000800000d0 (0x0000bffd) c.j     pc - 2
core   0: 0 0x00000000800000d0 (0xbffd)
core   0: 0x00000000800000ce (0x00000505) c.addi  a0, 1
core   0: 0 0x00000000800000ce (0x0505) x10 0x0000000000000223
core   0: 0x00000000800000d0 (0x0000bffd) c.j     pc - 2
core   0: 0 0x00000000800000d0 (0xbffd)
core   0: 0x00000000800000ce (0x00000505) c.addi  a0, 1
core   0: 0 0x00000000800000ce (0x0505) x10 0x0000000000000224
core   0: 0x00000000800000d0 (0x0000bffd) c.j     pc - 2
core   0: 0 0x00000000800000d0 (0xbffd)
core   0: 0x00000000800000ce (0x00000505) c.addi  a0, 1
core   0: 0 0x00000000800000ce (0x0505) x10 0x0000000000000225
core   0: 0x00000000800000d0 (0x0000bffd) c.j     pc - 2
core   0: 0 0x00000000800000d0 (0xbffd)
core   0: 0x00000000800000ce (0x00000505) c.addi  a0, 1
core   0: 0 0x00000000800000ce (0x0505) x10 0x0000000000000226
core   0: 0x00000000800000d0 (0x0000bffd) c.j     pc - 2
core   0: 0 0x00000000800000d0 (0xbffd)
core   0: 0x00000000800000ce (0x00000505) c.addi  a0, 1
core   0: 0 0x00000000800000ce (0x0505) x10 0x0000000000000227
core   0: 0x00000000800000d0 (0x0000bffd) c.j     pc - 2
core   0: 0 0x00000000800000d0 (0xbffd)
core   0: 0x00000000800000ce (0x00000505) c.addi  a0, 1
core   0: 0 0x00000000800000ce (0x0505) x10 0x0000000000000228
core   0: 0x00000000800000d0 (0x0000bffd) c.j     pc - 2
core   0: 0 0x00000000800000d0 (0xbffd)
core   0: 0x00000000800000ce (0x00000505) c.addi  a0, 1
core   0: 0 0x00000000800000ce (0x0505) x10 0x0000000000000229
core   0: 0x00000000800000d0 (0x0000bffd) c.j     pc - 2
core   0: 0 0x00000000800000d0 (0xbffd)
core   0: 0x00000000800000ce (0x00000505) c.addi  a0, 1
core   0: 0 0x00000000800000ce (0x0505) x10 0x000000000000022a
core   0: 0x00000000800000d0 (0x0000bffd) c.j     pc - 2
core   0: 0 0x00000000800000d0 (0xbffd)
core   0: 0x00000000800000ce (0x00000505) c.addi  a0, 1
core   0: 0 0x00000000800000ce (0x0505) x10 0x000000000000022b
core   0: 0x00000000800000d0 (0x0000bffd) c.j     pc - 2
core   0: 0 0x00000000800000d0 (0xbffd)
core   0: 0x00000000800000ce (0x00000505) c.addi  a0, 1
core   0: 0 0x00000000800000ce (0x0505) x10 0x000000000000022c
core   0: 0x00000000800000d0 (0x0000bffd) c.j     pc - 2
core   0: 0 0x00000000800000d0 (0xbffd)
core   0: 0x00000000800000ce (0x00000505) c.addi  a0, 1
core   0: 0 0x00000000800000ce (0x0505) x10 0x000000000000022d
core   0: 0x00000000800000d0 (0x0000bffd) c.j     pc - 2
core   0: 0 0x00000000800000d0 (0xbffd)
core   0: 0x00000000800000ce (0x00000505) c.addi  a0, 1
core   0: 0 0x00000000800000ce (0x0505) x10 0x000000000000022e
core   0: 0x00000000800000d0 (0x0000bffd) c.j     pc - 2
core   0: 0 0x00000000800000d0 (0xbffd)
core   0: 0x00000000800000ce (0x00000505) c.addi  a0, 1
core   0: 0 0x00000000800000ce (0x0505) x10 0x000000000000022f
core   0: 0x00000000800000d0 (0x0000bffd) c.j     pc - 2
core   0: 0 0x00000000800000d0 (0xbffd)
core   0: 0x00000000800000ce (0x00000505) c.addi  a0, 1
core   0: 0 0x00000000800000ce (0x0505) x10 0x0000000000000230
core   0: 0x00000000800000d0 (0x0000bffd) c.j     pc - 2
core   0: 0 0x00000000800000d0 (0xbffd)
core   0: 0x00000000800000ce (0x00000505) c.addi  a0, 1
core   0: 0 0x00000000800000ce (0x0505) x10 0x0000000000000231
core   0: 0x00000000800000d0 (0x0000bffd) c.j     pc - 2
core   0: 0 0x00000000800000d0 (0xbffd)
core   0: 0x00000000800000ce (0x00000505) c.addi  a0, 1
core   0: 0 0x00000000800000ce (0x0505) x10 0x0000000000000232
core   0: 0x00000000800000d0 (0x0000bffd) c.j     pc - 2
core   0: 0 0x00000000800000d0 (0xbffd)
core   0: 0x00000000800000ce (0x00000505) c.addi  a0, 1
core   0: 0 0x00000000800000ce (0x0505) x10 0x0000000000000233
core   0: 0x00000000800000d0 (0x0000bffd) c.j     pc - 2
core   0: 0 0x00000000800000d0 (0xbffd)
core   0: 0x00000000800000ce (0x00000505) c.addi  a0, 1
core   0: 0 0x00000000800000ce (0x0505) x10 0x0000000000000234
core   0: 0x00000000800000d0 (0x0000bffd) c.j     pc - 2
core   0: 0 0x00000000800000d0 (0xbffd)
core   0: 0x00000000800000ce (0x00000505) c.addi  a0, 1
core   0: 0 0x00000000800000ce (0x0505) x10 0x0000000000000235
core   0: 0x00000000800000d0 (0x0000bffd) c.j     pc - 2
core   0: 0 0x00000000800000d0 (0xbffd)
core   0: 0x00000000800000ce (0x00000505) c.addi  a0, 1
core   0: 0 0x00000000800000ce (0x0505) x10 0x0000000000000236
core   0: 0x00000000800000d0 (0x0000bffd) c.j     pc - 2
core   0: 0 0x00000000800000d0 (0xbffd)
core   0: 0x00000000800000ce (0x00000505) c.addi  a0, 1
core   0: 0 0x00000000800000ce (0x0505) x10 0x0000000000000237
core   0: 0x00000000800000d0 (0x0000bffd) c.j     pc - 2
core   0: 0 0x00000000800000d0 (0xbffd)
core   0: 0x00000000800000ce (0x00000505) c.addi  a0, 1
core   0: 0 0x00000000800000ce (0x0505) x10 0x0000000000000238
core   0: 0x00000000800000d0 (0x0000bffd) c.j     pc - 2
core   0: 0 0x00000000800000d0 (0xbffd)
core   0: 0x00000000800000ce (0x00000505) c.addi  a0, 1
core   0: 0 0x00000000800000ce (0x0505) x10 0x0000000000000239
core   0: 0x00000000800000d0 (0x0000bffd) c.j     pc - 2
core   0: 0 0x00000000800000d0 (0xbffd)
core   0: 0x00000000800000ce (0x00000505) c.addi  a0, 1
core   0: 0 0x00000000800000ce (0x0505) x10 0x000000000000023a
core   0: 0x00000000800000d0 (0x0000bffd) c.j     pc - 2
core   0: 0 0x00000000800000d0 (0xbffd)
core   0: 0x00000000800000ce (0x00000505) c.addi  a0, 1
core   0: 0 0x00000000800000ce (0x0505) x10 0x000000000000023b
core   0: 0x00000000800000d0 (0x0000bffd) c.j     pc - 2
core   0: 0 0x00000000800000d0 (0xbffd)
core   0: 0x00000000800000ce (0x00000505) c.addi  a0, 1
core   0: 0 0x00000000800000ce (0x0505) x10 0x000000000000023c
core   0: 0x00000000800000d0 (0x0000bffd) c.j     pc - 2
core   0: 0 0x00000000800000d0 (0xbffd)
core   0: 0x00000000800000ce (0x00000505) c.addi  a0, 1
core   0: 0 0x00000000800000ce (0x0505) x10 0x000000000000023d
core   0: 0x00000000800000d0 (0x0000bffd) c.j     pc - 2
core   0: 0 0x00000000800000d0 (0xbffd)
core   0: 0x00000000800000ce (0x00000505) c.addi  a0, 1
core   0: 0 0x00000000800000ce (0x0505) x10 0x000000000000023e
core   0: 0x00000000800000d0 (0x0000bffd) c.j     pc - 2
core   0: 0 0x00000000800000d0 (0xbffd)
core   0: 0x00000000800000ce (0x00000505) c.addi  a0, 1
core   0: 0 0x00000000800000ce (0x0505) x10 0x000000000000023f
core   0: 0x00000000800000d0 (0x0000bffd) c.j     pc - 2
core   0: 0 0x00000000800000d0 (0xbffd)
core   0: 0x00000000800000ce (0x00000505) c.addi  a0, 1
core   0: 0 0x00000000800000ce (0x0505) x10 0x0000000000000240
core   0: 0x00000000800000d0 (0x0000bffd) c.j     pc - 2
core   0: 0 0x00000000800000d0 (0xbffd)
core   0: 0x00000000800000ce (0x00000505) c.addi  a0, 1
core   0: 0 0x00000000800000ce (0x0505) x10 0x0000000000000241
core   0: 0x00000000800000d0 (0x0000bffd) c.j     pc - 2
core   0: 0 0x00000000800000d0 (0xbffd)
core   0: 0x00000000800000ce (0x00000505) c.addi  a0, 1
core   0: 0 0x00000000800000ce (0x0505) x10 0x0000000000000242
core   0: 0x00000000800000d0 (0x0000bffd) c.j     pc - 2
core   0: 0 0x00000000800000d0 (0xbffd)
core   0: 0x00000000800000ce (0x00000505) c.addi  a0, 1
core   0: 0 0x00000000800000ce (0x0505) x10 0x0000000000000243
core   0: 0x00000000800000d0 (0x0000bffd) c.j     pc - 2
core   0: 0 0x00000000800000d0 (0xbffd)
core   0: 0x00000000800000ce (0x00000505) c.addi  a0, 1
core   0: 0 0x00000000800000ce (0x0505) x10 0x0000000000000244
core   0: 0x00000000800000d0 (0x0000bffd) c.j     pc - 2
core   0: 0 0x00000000800000d0 (0xbffd)
core   0: 0x00000000800000ce (0x00000505) c.addi  a0, 1
core   0: 0 0x00000000800000ce (0x0505) x10 0x0000000000000245
core   0: 0x00000000800000d0 (0x0000bffd) c.j     pc - 2
core   0: 0 0x00000000800000d0 (0xbffd)
core   0: 0x00000000800000ce (0x00000505) c.addi  a0, 1
core   0: 0 0x00000000800000ce (0x0505) x10 0x0000000000000246
core   0: 0x00000000800000d0 (0x0000bffd) c.j     pc - 2
core   0: 0 0x00000000800000d0 (0xbffd)
core   0: 0x00000000800000ce (0x00000505) c.addi  a0, 1
core   0: 0 0x00000000800000ce (0x0505) x10 0x0000000000000247
core   0: 0x00000000800000d0 (0x0000bffd) c.j     pc - 2
core   0: 0 0x00000000800000d0 (0xbffd)
core   0: 0x00000000800000ce (0x00000505) c.addi  a0, 1
core   0: 0 0x00000000800000ce (0x0505) x10 0x0000000000000248
core   0: 0x00000000800000d0 (0x0000bffd) c.j     pc - 2
core   0: 0 0x00000000800000d0 (0xbffd)
core   0: 0x00000000800000ce (0x00000505) c.addi  a0, 1
core   0: 0 0x00000000800000ce (0x0505) x10 0x0000000000000249
core   0: 0x00000000800000d0 (0x0000bffd) c.j     pc - 2
core   0: 0 0x00000000800000d0 (0xbffd)
core   0: 0x00000000800000ce (0x00000505) c.addi  a0, 1
core   0: 0 0x00000000800000ce (0x0505) x10 0x000000000000024a
core   0: 0x00000000800000d0 (0x0000bffd) c.j     pc - 2
core   0: 0 0x00000000800000d0 (0xbffd)
core   0: 0x00000000800000ce (0x00000505) c.addi  a0, 1
core   0: 0 0x00000000800000ce (0x0505) x10 0x000000000000024b
core   0: 0x00000000800000d0 (0x0000bffd) c.j     pc - 2
core   0: 0 0x00000000800000d0 (0xbffd)
core   0: 0x00000000800000ce (0x00000505) c.addi  a0, 1
core   0: 0 0x00000000800000ce (0x0505) x10 0x000000000000024c
core   0: 0x00000000800000d0 (0x0000bffd) c.j     pc - 2
core   0: 0 0x00000000800000d0 (0xbffd)
core   0: 0x00000000800000ce (0x00000505) c.addi  a0, 1
core   0: 0 0x00000000800000ce (0x0505) x10 0x000000000000024d
core   0: 0x00000000800000d0 (0x0000bffd) c.j     pc - 2
core   0: 0 0x00000000800000d0 (0xbffd)
core   0: 0x00000000800000ce (0x00000505) c.addi  a0, 1
core   0: 0 0x00000000800000ce (0x0505) x10 0x000000000000024e
core   0: 0x00000000800000d0 (0x0000bffd) c.j     pc - 2
core   0: 0 0x00000000800000d0 (0xbffd)
core   0: 0x00000000800000ce (0x00000505) c.addi  a0, 1
core   0: 0 0x00000000800000ce (0x0505) x10 0x000000000000024f
core   0: 0x00000000800000d0 (0x0000bffd) c.j     pc - 2
core   0: 0 0x00000000800000d0 (0xbffd)
core   0: 0x00000000800000ce (0x00000505) c.addi  a0, 1
core   0: 0 0x00000000800000ce (0x0505) x10 0x0000000000000250
core   0: 0x00000000800000d0 (0x0000bffd) c.j     pc - 2
core   0: 0 0x00000000800000d0 (0xbffd)
core   0: 0x00000000800000ce (0x00000505) c.addi  a0, 1
core   0: 0 0x00000000800000ce (0x0505) x10 0x0000000000000251
core   0: 0x00000000800000d0 (0x0000bffd) c.j     pc - 2
core   0: 0 0x00000000800000d0 (0xbffd)
core   0: 0x00000000800000ce (0x00000505) c.addi  a0, 1
core   0: 0 0x00000000800000ce (0x0505) x10 0x0000000000000252
core   0: 0x00000000800000d0 (0x0000bffd) c.j     pc - 2
core   0: 0 0x00000000800000d0 (0xbffd)
core   0: 0x00000000800000ce (0x00000505) c.addi  a0, 1
core   0: 0 0x00000000800000ce (0x0505) x10 0x0000000000000253
core   0: 0x00000000800000d0 (0x0000bffd) c.j     pc - 2
core   0: 0 0x00000000800000d0 (0xbffd)
core   0: 0x00000000800000ce (0x00000505) c.addi  a0, 1
core   0: 0 0x00000000800000ce (0x0505) x10 0x0000000000000254
core   0: 0x00000000800000d0 (0x0000bffd) c.j     pc - 2
core   0: 0 0x00000000800000d0 (0xbffd)
core   0: 0x00000000800000ce (0x00000505) c.addi  a0, 1
core   0: 0 0x00000000800000ce (0x0505) x10 0x0000000000000255
core   0: 0x00000000800000d0 (0x0000bffd) c.j     pc - 2
core   0: 0 0x00000000800000d0 (0xbffd)
core   0: 0x00000000800000ce (0x00000505) c.addi  a0, 1
core   0: 0 0x00000000800000ce (0x0505) x10 0x0000000000000256
core   0: 0x00000000800000d0 (0x0000bffd) c.j     pc - 2
core   0: 0 0x00000000800000d0 (0xbffd)
core   0: 0x00000000800000ce (0x00000505) c.addi  a0, 1
core   0: 0 0x00000000800000ce (0x0505) x10 0x0000000000000257
core   0: 0x00000000800000d0 (0x0000bffd) c.j     pc - 2
core   0: 0 0x00000000800000d0 (0xbffd)
core   0: 0x00000000800000ce (0x00000505) c.addi  a0, 1
core   0: 0 0x00000000800000ce (0x0505) x10 0x0000000000000258
core   0: 0x00000000800000d0 (0x0000bffd) c.j     pc - 2
core   0: 0 0x00000000800000d0 (0xbffd)
core   0: 0x00000000800000ce (0x00000505) c.addi  a0, 1
core   0: 0 0x00000000800000ce (0x0505) x10 0x0000000000000259
core   0: 0x00000000800000d0 (0x0000bffd) c.j     pc - 2
core   0: 0 0x00000000800000d0 (0xbffd)
core   0: 0x00000000800000ce (0x00000505) c.addi  a0, 1
core   0: 0 0x00000000800000ce (0x0505) x10 0x000000000000025a
core   0: 0x00000000800000d0 (0x0000bffd) c.j     pc - 2
core   0: 0 0x00000000800000d0 (0xbffd)
core   0: 0x00000000800000ce (0x00000505) c.addi  a0, 1
core   0: 0 0x00000000800000ce (0x0505) x10 0x000000000000025b
core   0: 0x00000000800000d0 (0x0000bffd) c.j     pc - 2
core   0: 0 0x00000000800000d0 (0xbffd)
core   0: 0x00000000800000ce (0x00000505) c.addi  a0, 1
core   0: 0 0x00000000800000ce (0x0505) x10 0x000000000000025c
core   0: 0x00000000800000d0 (0x0000bffd) c.j     pc - 2
core   0: 0 0x00000000800000d0 (0xbffd)
core   0: 0x00000000800000ce (0x00000505) c.addi  a0, 1
core   0: 0 0x00000000800000ce (0x0505) x10 0x000000000000025d
core   0: 0x00000000800000d0 (0x0000bffd) c.j     pc - 2
core   0: 0 0x00000000800000d0 (0xbffd)
core   0: 0x00000000800000ce (0x00000505) c.addi  a0, 1
core   0: 0 0x00000000800000ce (0x0505) x10 0x000000000000025e
core   0: 0x00000000800000d0 (0x0000bffd) c.j     pc - 2
core   0: 0 0x00000000800000d0 (0xbffd)
core   0: 0x00000000800000ce (0x00000505) c.addi  a0, 1
core   0: 0 0x00000000800000ce (0x0505) x10 0x000000000000025f
core   0: 0x00000000800000d0 (0x0000bffd) c.j     pc - 2
core   0: 0 0x00000000800000d0 (0xbffd)
core   0: 0x00000000800000ce (0x00000505) c.addi  a0, 1
core   0: 0 0x00000000800000ce (0x0505) x10 0x0000000000000260
core   0: 0x00000000800000d0 (0x0000bffd) c.j     pc - 2
core   0: 0 0x00000000800000d0 (0xbffd)
core   0: 0x00000000800000ce (0x00000505) c.addi  a0, 1
core   0: 0 0x00000000800000ce (0x0505) x10 0x0000000000000261
core   0: 0x00000000800000d0 (0x0000bffd) c.j     pc - 2
core   0: 0 0x00000000800000d0 (0xbffd)
core   0: 0x00000000800000ce (0x00000505) c.addi  a0, 1
core   0: 0 0x00000000800000ce (0x0505) x10 0x0000000000000262
core   0: 0x00000000800000d0 (0x0000bffd) c.j     pc - 2
core   0: 0 0x00000000800000d0 (0xbffd)
core   0: 0x00000000800000ce (0x00000505) c.addi  a0, 1
core   0: 0 0x00000000800000ce (0x0505) x10 0x0000000000000263
core   0: 0x00000000800000d0 (0x0000bffd) c.j     pc - 2
core   0: 0 0x00000000800000d0 (0xbffd)
core   0: 0x00000000800000ce (0x00000505) c.addi  a0, 1
core   0: 0 0x00000000800000ce (0x0505) x10 0x0000000000000264
core   0: 0x00000000800000d0 (0x0000bffd) c.j     pc - 2
core   0: 0 0x00000000800000d0 (0xbffd)
core   0: 0x00000000800000ce (0x00000505) c.addi  a0, 1
core   0: 0 0x00000000800000ce (0x0505) x10 0x0000000000000265
core   0: 0x00000000800000d0 (0x0000bffd) c.j     pc - 2
core   0: 0 0x00000000800000d0 (0xbffd)
core   0: 0x00000000800000ce (0x00000505) c.addi  a0, 1
core   0: 0 0x00000000800000ce (0x0505) x10 0x0000000000000266
core   0: 0x00000000800000d0 (0x0000bffd) c.j     pc - 2
core   0: 0 0x00000000800000d0 (0xbffd)
core   0: 0x00000000800000ce (0x00000505) c.addi  a0, 1
core   0: 0 0x00000000800000ce (0x0505) x10 0x0000000000000267
core   0: 0x00000000800000d0 (0x0000bffd) c.j     pc - 2
core   0: 0 0x00000000800000d0 (0xbffd)
core   0: 0x00000000800000ce (0x00000505) c.addi  a0, 1
core   0: 0 0x00000000800000ce (0x0505) x10 0x0000000000000268
core   0: 0x00000000800000d0 (0x0000bffd) c.j     pc - 2
core   0: 0 0x00000000800000d0 (0xbffd)
core   0: 0x00000000800000ce (0x00000505) c.addi  a0, 1
core   0: 0 0x00000000800000ce (0x0505) x10 0x0000000000000269
core   0: 0x00000000800000d0 (0x0000bffd) c.j     pc - 2
core   0: 0 0x00000000800000d0 (0xbffd)
core   0: 0x00000000800000ce (0x00000505) c.addi  a0, 1
core   0: 0 0x00000000800000ce (0x0505) x10 0x000000000000026a
core   0: 0x00000000800000d0 (0x0000bffd) c.j     pc - 2
core   0: 0 0x00000000800000d0 (0xbffd)
core   0: 0x00000000800000ce (0x00000505) c.addi  a0, 1
core   0: 0 0x00000000800000ce (0x0505) x10 0x000000000000026b
core   0: 0x00000000800000d0 (0x0000bffd) c.j     pc - 2
core   0: 0 0x00000000800000d0 (0xbffd)
core   0: 0x00000000800000ce (0x00000505) c.addi  a0, 1
core   0: 0 0x00000000800000ce (0x0505) x10 0x000000000000026c
core   0: 0x00000000800000d0 (0x0000bffd) c.j     pc - 2
core   0: 0 0x00000000800000d0 (0xbffd)
core   0: 0x00000000800000ce (0x00000505) c.addi  a0, 1
core   0: 0 0x00000000800000ce (0x0505) x10 0x000000000000026d
core   0: 0x00000000800000d0 (0x0000bffd) c.j     pc - 2
core   0: 0 0x00000000800000d0 (0xbffd)
core   0: 0x00000000800000ce (0x00000505) c.addi  a0, 1
core   0: 0 0x00000000800000ce (0x0505) x10 0x000000000000026e
core   0: 0x00000000800000d0 (0x0000bffd) c.j     pc - 2
core   0: 0 0x00000000800000d0 (0xbffd)
core   0: 0x00000000800000ce (0x00000505) c.addi  a0, 1
core   0: 0 0x00000000800000ce (0x0505) x10 0x000000000000026f
core   0: 0x00000000800000d0 (0x0000bffd) c.j     pc - 2
core   0: 0 0x00000000800000d0 (0xbffd)
core   0: 0x00000000800000ce (0x00000505) c.addi  a0, 1
core   0: 0 0x00000000800000ce (0x0505) x10 0x0000000000000270
core   0: 0x00000000800000d0 (0x0000bffd) c.j     pc - 2
core   0: 0 0x00000000800000d0 (0xbffd)
core   0: 0x00000000800000ce (0x00000505) c.addi  a0, 1
core   0: 0 0x00000000800000ce (0x0505) x10 0x0000000000000271
core   0: 0x00000000800000d0 (0x0000bffd) c.j     pc - 2
core   0: 0 0x00000000800000d0 (0xbffd)
core   0: 0x00000000800000ce (0x00000505) c.addi  a0, 1
core   0: 0 0x00000000800000ce (0x0505) x10 0x0000000000000272
core   0: 0x00000000800000d0 (0x0000bffd) c.j     pc - 2
core   0: 0 0x00000000800000d0 (0xbffd)
core   0: 0x00000000800000ce (0x00000505) c.addi  a0, 1
core   0: 0 0x00000000800000ce (0x0505) x10 0x0000000000000273
core   0: 0x00000000800000d0 (0x0000bffd) c.j     pc - 2
core   0: 0 0x00000000800000d0 (0xbffd)
core   0: 0x00000000800000ce (0x00000505) c.addi  a0, 1
core   0: 0 0x00000000800000ce (0x0505) x10 0x0000000000000274
core   0: 0x00000000800000d0 (0x0000bffd) c.j     pc - 2
core   0: 0 0x00000000800000d0 (0xbffd)
core   0: 0x00000000800000ce (0x00000505) c.addi  a0, 1
core   0: 0 0x00000000800000ce (0x0505) x10 0x0000000000000275
core   0: 0x00000000800000d0 (0x0000bffd) c.j     pc - 2
core   0: 0 0x00000000800000d0 (0xbffd)
core   0: 0x00000000800000ce (0x00000505) c.addi  a0, 1
core   0: 0 0x00000000800000ce (0x0505) x10 0x0000000000000276
core   0: 0x00000000800000d0 (0x0000bffd) c.j     pc - 2
core   0: 0 0x00000000800000d0 (0xbffd)
core   0: 0x00000000800000ce (0x00000505) c.addi  a0, 1
core   0: 0 0x00000000800000ce (0x0505) x10 0x0000000000000277
core   0: 0x00000000800000d0 (0x0000bffd) c.j     pc - 2
core   0: 0 0x00000000800000d0 (0xbffd)
core   0: 0x00000000800000ce (0x00000505) c.addi  a0, 1
core   0: 0 0x00000000800000ce (0x0505) x10 0x0000000000000278
core   0: 0x00000000800000d0 (0x0000bffd) c.j     pc - 2
core   0: 0 0x00000000800000d0 (0xbffd)
core   0: 0x00000000800000ce (0x00000505) c.addi  a0, 1
core   0: 0 0x00000000800000ce (0x0505) x10 0x0000000000000279
core   0: 0x00000000800000d0 (0x0000bffd) c.j     pc - 2
core   0: 0 0x00000000800000d0 (0xbffd)
core   0: 0x00000000800000ce (0x00000505) c.addi  a0, 1
core   0: 0 0x00000000800000ce (0x0505) x10 0x000000000000027a
core   0: 0x00000000800000d0 (0x0000bffd) c.j     pc - 2
core   0: 0 0x00000000800000d0 (0xbffd)
core   0: 0x00000000800000ce (0x00000505) c.addi  a0, 1
core   0: 0 0x00000000800000ce (0x0505) x10 0x000000000000027b
core   0: 0x00000000800000d0 (0x0000bffd) c.j     pc - 2
core   0: 0 0x00000000800000d0 (0xbffd)
core   0: 0x00000000800000ce (0x00000505) c.addi  a0, 1
core   0: 0 0x00000000800000ce (0x0505) x10 0x000000000000027c
core   0: 0x00000000800000d0 (0x0000bffd) c.j     pc - 2
core   0: 0 0x00000000800000d0 (0xbffd)
core   0: 0x00000000800000ce (0x00000505) c.addi  a0, 1
core   0: 0 0x00000000800000ce (0x0505) x10 0x000000000000027d
core   0: 0x00000000800000d0 (0x0000bffd) c.j     pc - 2
core   0: 0 0x00000000800000d0 (0xbffd)
core   0: 0x00000000800000ce (0x00000505) c.addi  a0, 1
core   0: 0 0x00000000800000ce (0x0505) x10 0x000000000000027e
core   0: 0x00000000800000d0 (0x0000bffd) c.j     pc - 2
core   0: 0 0x00000000800000d0 (0xbffd)
core   0: 0x00000000800000ce (0x00000505) c.addi  a0, 1
core   0: 0 0x00000000800000ce (0x0505) x10 0x000000000000027f
core   0: 0x00000000800000d0 (0x0000bffd) c.j     pc - 2
core   0: 0 0x00000000800000d0 (0xbffd)
core   0: 0x00000000800000ce (0x00000505) c.addi  a0, 1
core   0: 0 0x00000000800000ce (0x0505) x10 0x0000000000000280
core   0: 0x00000000800000d0 (0x0000bffd) c.j     pc - 2
core   0: 0 0x00000000800000d0 (0xbffd)
core   0: 0x00000000800000ce (0x00000505) c.addi  a0, 1
core   0: 0 0x00000000800000ce (0x0505) x10 0x0000000000000281
core   0: 0x00000000800000d0 (0x0000bffd) c.j     pc - 2
core   0: 0 0x00000000800000d0 (0xbffd)
core   0: 0x00000000800000ce (0x00000505) c.addi  a0, 1
core   0: 0 0x00000000800000ce (0x0505) x10 0x0000000000000282
core   0: 0x00000000800000d0 (0x0000bffd) c.j     pc - 2
core   0: 0 0x00000000800000d0 (0xbffd)
core   0: 0x00000000800000ce (0x00000505) c.addi  a0, 1
core   0: 0 0x00000000800000ce (0x0505) x10 0x0000000000000283
core   0: 0x00000000800000d0 (0x0000bffd) c.j     pc - 2
core   0: 0 0x00000000800000d0 (0xbffd)
core   0: 0x00000000800000ce (0x00000505) c.addi  a0, 1
core   0: 0 0x00000000800000ce (0x0505) x10 0x0000000000000284
core   0: 0x00000000800000d0 (0x0000bffd) c.j     pc - 2
core   0: 0 0x00000000800000d0 (0xbffd)
core   0: 0x00000000800000ce (0x00000505) c.addi  a0, 1
core   0: 0 0x00000000800000ce (0x0505) x10 0x0000000000000285
core   0: 0x00000000800000d0 (0x0000bffd) c.j     pc - 2
core   0: 0 0x00000000800000d0 (0xbffd)
core   0: 0x00000000800000ce (0x00000505) c.addi  a0, 1
core   0: 0 0x00000000800000ce (0x0505) x10 0x0000000000000286
core   0: 0x00000000800000d0 (0x0000bffd) c.j     pc - 2
core   0: 0 0x00000000800000d0 (0xbffd)
core   0: 0x00000000800000ce (0x00000505) c.addi  a0, 1
core   0: 0 0x00000000800000ce (0x0505) x10 0x0000000000000287
core   0: 0x00000000800000d0 (0x0000bffd) c.j     pc - 2
core   0: 0 0x00000000800000d0 (0xbffd)
core   0: 0x00000000800000ce (0x00000505) c.addi  a0, 1
core   0: 0 0x00000000800000ce (0x0505) x10 0x0000000000000288
core   0: 0x00000000800000d0 (0x0000bffd) c.j     pc - 2
core   0: 0 0x00000000800000d0 (0xbffd)
core   0: 0x00000000800000ce (0x00000505) c.addi  a0, 1
core   0: 0 0x00000000800000ce (0x0505) x10 0x0000000000000289
core   0: 0x00000000800000d0 (0x0000bffd) c.j     pc - 2
core   0: 0 0x00000000800000d0 (0xbffd)
core   0: 0x00000000800000ce (0x00000505) c.addi  a0, 1
core   0: 0 0x00000000800000ce (0x0505) x10 0x000000000000028a
core   0: 0x00000000800000d0 (0x0000bffd) c.j     pc - 2
core   0: 0 0x00000000800000d0 (0xbffd)
core   0: 0x00000000800000ce (0x00000505) c.addi  a0, 1
core   0: 0 0x00000000800000ce (0x0505) x10 0x000000000000028b
core   0: 0x00000000800000d0 (0x0000bffd) c.j     pc - 2
core   0: 0 0x00000000800000d0 (0xbffd)
core   0: 0x00000000800000ce (0x00000505) c.addi  a0, 1
core   0: 0 0x00000000800000ce (0x0505) x10 0x000000000000028c
core   0: 0x00000000800000d0 (0x0000bffd) c.j     pc - 2
core   0: 0 0x00000000800000d0 (0xbffd)
core   0: 0x00000000800000ce (0x00000505) c.addi  a0, 1
core   0: 0 0x00000000800000ce (0x0505) x10 0x000000000000028d
core   0: 0x00000000800000d0 (0x0000bffd) c.j     pc - 2
core   0: 0 0x00000000800000d0 (0xbffd)
core   0: 0x00000000800000ce (0x00000505) c.addi  a0, 1
core   0: 0 0x00000000800000ce (0x0505) x10 0x000000000000028e
core   0: 0x00000000800000d0 (0x0000bffd) c.j     pc - 2
core   0: 0 0x00000000800000d0 (0xbffd)
core   0: 0x00000000800000ce (0x00000505) c.addi  a0, 1
core   0: 0 0x00000000800000ce (0x0505) x10 0x000000000000028f
core   0: 0x00000000800000d0 (0x0000bffd) c.j     pc - 2
core   0: 0 0x00000000800000d0 (0xbffd)
core   0: 0x00000000800000ce (0x00000505) c.addi  a0, 1
core   0: 0 0x00000000800000ce (0x0505) x10 0x0000000000000290
core   0: 0x00000000800000d0 (0x0000bffd) c.j     pc - 2
core   0: 0 0x00000000800000d0 (0xbffd)
core   0: 0x00000000800000ce (0x00000505) c.addi  a0, 1
core   0: 0 0x00000000800000ce (0x0505) x10 0x0000000000000291
core   0: 0x00000000800000d0 (0x0000bffd) c.j     pc - 2
core   0: 0 0x00000000800000d0 (0xbffd)
core   0: 0x00000000800000ce (0x00000505) c.addi  a0, 1
core   0: 0 0x00000000800000ce (0x0505) x10 0x0000000000000292
core   0: 0x00000000800000d0 (0x0000bffd) c.j     pc - 2
core   0: 0 0x00000000800000d0 (0xbffd)
core   0: 0x00000000800000ce (0x00000505) c.addi  a0, 1
core   0: 0 0x00000000800000ce (0x0505) x10 0x0000000000000293
core   0: 0x00000000800000d0 (0x0000bffd) c.j     pc - 2
core   0: 0 0x00000000800000d0 (0xbffd)
core   0: 0x00000000800000ce (0x00000505) c.addi  a0, 1
core   0: 0 0x00000000800000ce (0x0505) x10 0x0000000000000294
core   0: 0x00000000800000d0 (0x0000bffd) c.j     pc - 2
core   0: 0 0x00000000800000d0 (0xbffd)
core   0: 0x00000000800000ce (0x00000505) c.addi  a0, 1
core   0: 0 0x00000000800000ce (0x0505) x10 0x0000000000000295
core   0: 0x00000000800000d0 (0x0000bffd) c.j     pc - 2
core   0: 0 0x00000000800000d0 (0xbffd)
core   0: 0x00000000800000ce (0x00000505) c.addi  a0, 1
core   0: 0 0x00000000800000ce (0x0505) x10 0x0000000000000296
core   0: 0x00000000800000d0 (0x0000bffd) c.j     pc - 2
core   0: 0 0x00000000800000d0 (0xbffd)
core   0: 0x00000000800000ce (0x00000505) c.addi  a0, 1
core   0: 0 0x00000000800000ce (0x0505) x10 0x0000000000000297
core   0: 0x00000000800000d0 (0x0000bffd) c.j     pc - 2
core   0: 0 0x00000000800000d0 (0xbffd)
core   0: 0x00000000800000ce (0x00000505) c.addi  a0, 1
core   0: 0 0x00000000800000ce (0x0505) x10 0x0000000000000298
core   0: 0x00000000800000d0 (0x0000bffd) c.j     pc - 2
core   0: 0 0x00000000800000d0 (0xbffd)
core   0: 0x00000000800000ce (0x00000505) c.addi  a0, 1
core   0: 0 0x00000000800000ce (0x0505) x10 0x0000000000000299
core   0: 0x00000000800000d0 (0x0000bffd) c.j     pc - 2
core   0: 0 0x00000000800000d0 (0xbffd)
core   0: 0x00000000800000ce (0x00000505) c.addi  a0, 1
core   0: 0 0x00000000800000ce (0x0505) x10 0x000000000000029a
core   0: 0x00000000800000d0 (0x0000bffd) c.j     pc - 2
core   0: 0 0x00000000800000d0 (0xbffd)
core   0: 0x00000000800000ce (0x00000505) c.addi  a0, 1
core   0: 0 0x00000000800000ce (0x0505) x10 0x000000000000029b
core   0: 0x00000000800000d0 (0x0000bffd) c.j     pc - 2
core   0: 0 0x00000000800000d0 (0xbffd)
core   0: 0x00000000800000ce (0x00000505) c.addi  a0, 1
core   0: 0 0x00000000800000ce (0x0505) x10 0x000000000000029c
core   0: 0x00000000800000d0 (0x0000bffd) c.j     pc - 2
core   0: 0 0x00000000800000d0 (0xbffd)
core   0: 0x00000000800000ce (0x00000505) c.addi  a0, 1
core   0: 0 0x00000000800000ce (0x0505) x10 0x000000000000029d
core   0: 0x00000000800000d0 (0x0000bffd) c.j     pc - 2
core   0: 0 0x00000000800000d0 (0xbffd)
core   0: 0x00000000800000ce (0x00000505) c.addi  a0, 1
core   0: 0 0x00000000800000ce (0x0505) x10 0x000000000000029e
core   0: 0x00000000800000d0 (0x0000bffd) c.j     pc - 2
core   0: 0 0x00000000800000d0 (0xbffd)
core   0: 0x00000000800000ce (0x00000505) c.addi  a0, 1
core   0: 0 0x00000000800000ce (0x0505) x10 0x000000000000029f
core   0: 0x00000000800000d0 (0x0000bffd) c.j     pc - 2
core   0: 0 0x00000000800000d0 (0xbffd)
core   0: 0x00000000800000ce (0x00000505) c.addi  a0, 1
core   0: 0 0x00000000800000ce (0x0505) x10 0x00000000000002a0
core   0: 0x00000000800000d0 (0x0000bffd) c.j     pc - 2
core   0: 0 0x00000000800000d0 (0xbffd)
core   0: 0x00000000800000ce (0x00000505) c.addi  a0, 1
core   0: 0 0x00000000800000ce (0x0505) x10 0x00000000000002a1
core   0: 0x00000000800000d0 (0x0000bffd) c.j     pc - 2
core   0: 0 0x00000000800000d0 (0xbffd)
core   0: 0x00000000800000ce (0x00000505) c.addi  a0, 1
core   0: 0 0x00000000800000ce (0x0505) x10 0x00000000000002a2
core   0: 0x00000000800000d0 (0x0000bffd) c.j     pc - 2
core   0: 0 0x00000000800000d0 (0xbffd)
core   0: 0x00000000800000ce (0x00000505) c.addi  a0, 1
core   0: 0 0x00000000800000ce (0x0505) x10 0x00000000000002a3
core   0: 0x00000000800000d0 (0x0000bffd) c.j     pc - 2
core   0: 0 0x00000000800000d0 (0xbffd)
core   0: 0x00000000800000ce (0x00000505) c.addi  a0, 1
core   0: 0 0x00000000800000ce (0x0505) x10 0x00000000000002a4
core   0: 0x00000000800000d0 (0x0000bffd) c.j     pc - 2
core   0: 0 0x00000000800000d0 (0xbffd)
core   0: 0x00000000800000ce (0x00000505) c.addi  a0, 1
core   0: 0 0x00000000800000ce (0x0505) x10 0x00000000000002a5
core   0: 0x00000000800000d0 (0x0000bffd) c.j     pc - 2
core   0: 0 0x00000000800000d0 (0xbffd)
core   0: 0x00000000800000ce (0x00000505) c.addi  a0, 1
core   0: 0 0x00000000800000ce (0x0505) x10 0x00000000000002a6
core   0: 0x00000000800000d0 (0x0000bffd) c.j     pc - 2
core   0: 0 0x00000000800000d0 (0xbffd)
core   0: 0x00000000800000ce (0x00000505) c.addi  a0, 1
core   0: 0 0x00000000800000ce (0x0505) x10 0x00000000000002a7
core   0: 0x00000000800000d0 (0x0000bffd) c.j     pc - 2
core   0: 0 0x00000000800000d0 (0xbffd)
core   0: 0x00000000800000ce (0x00000505) c.addi  a0, 1
core   0: 0 0x00000000800000ce (0x0505) x10 0x00000000000002a8
core   0: 0x00000000800000d0 (0x0000bffd) c.j     pc - 2
core   0: 0 0x00000000800000d0 (0xbffd)
core   0: 0x00000000800000ce (0x00000505) c.addi  a0, 1
core   0: 0 0x00000000800000ce (0x0505) x10 0x00000000000002a9
core   0: 0x00000000800000d0 (0x0000bffd) c.j     pc - 2
core   0: 0 0x00000000800000d0 (0xbffd)
core   0: 0x00000000800000ce (0x00000505) c.addi  a0, 1
core   0: 0 0x00000000800000ce (0x0505) x10 0x00000000000002aa
core   0: 0x00000000800000d0 (0x0000bffd) c.j     pc - 2
core   0: 0 0x00000000800000d0 (0xbffd)
core   0: 0x00000000800000ce (0x00000505) c.addi  a0, 1
core   0: 0 0x00000000800000ce (0x0505) x10 0x00000000000002ab
core   0: 0x00000000800000d0 (0x0000bffd) c.j     pc - 2
core   0: 0 0x00000000800000d0 (0xbffd)
core   0: 0x00000000800000ce (0x00000505) c.addi  a0, 1
core   0: 0 0x00000000800000ce (0x0505) x10 0x00000000000002ac
core   0: 0x00000000800000d0 (0x0000bffd) c.j     pc - 2
core   0: 0 0x00000000800000d0 (0xbffd)
core   0: 0x00000000800000ce (0x00000505) c.addi  a0, 1
core   0: 0 0x00000000800000ce (0x0505) x10 0x00000000000002ad
core   0: 0x00000000800000d0 (0x0000bffd) c.j     pc - 2
core   0: 0 0x00000000800000d0 (0xbffd)
core   0: 0x00000000800000ce (0x00000505) c.addi  a0, 1
core   0: 0 0x00000000800000ce (0x0505) x10 0x00000000000002ae
core   0: 0x00000000800000d0 (0x0000bffd) c.j     pc - 2
core   0: 0 0x00000000800000d0 (0xbffd)
core   0: 0x00000000800000ce (0x00000505) c.addi  a0, 1
core   0: 0 0x00000000800000ce (0x0505) x10 0x00000000000002af
core   0: 0x00000000800000d0 (0x0000bffd) c.j     pc - 2
core   0: 0 0x00000000800000d0 (0xbffd)
core   0: 0x00000000800000ce (0x00000505) c.addi  a0, 1
core   0: 0 0x00000000800000ce (0x0505) x10 0x00000000000002b0
core   0: 0x00000000800000d0 (0x0000bffd) c.j     pc - 2
core   0: 0 0x00000000800000d0 (0xbffd)
core   0: 0x00000000800000ce (0x00000505) c.addi  a0, 1
core   0: 0 0x00000000800000ce (0x0505) x10 0x00000000000002b1
core   0: 0x00000000800000d0 (0x0000bffd) c.j     pc - 2
core   0: 0 0x00000000800000d0 (0xbffd)
core   0: 0x00000000800000ce (0x00000505) c.addi  a0, 1
core   0: 0 0x00000000800000ce (0x0505) x10 0x00000000000002b2
core   0: 0x00000000800000d0 (0x0000bffd) c.j     pc - 2
core   0: 0 0x00000000800000d0 (0xbffd)
core   0: 0x00000000800000ce (0x00000505) c.addi  a0, 1
core   0: 0 0x00000000800000ce (0x0505) x10 0x00000000000002b3
core   0: 0x00000000800000d0 (0x0000bffd) c.j     pc - 2
core   0: 0 0x00000000800000d0 (0xbffd)
core   0: 0x00000000800000ce (0x00000505) c.addi  a0, 1
core   0: 0 0x00000000800000ce (0x0505) x10 0x00000000000002b4
core   0: 0x00000000800000d0 (0x0000bffd) c.j     pc - 2
core   0: 0 0x00000000800000d0 (0xbffd)
core   0: 0x00000000800000ce (0x00000505) c.addi  a0, 1
core   0: 0 0x00000000800000ce (0x0505) x10 0x00000000000002b5
core   0: 0x00000000800000d0 (0x0000bffd) c.j     pc - 2
core   0: 0 0x00000000800000d0 (0xbffd)
core   0: 0x00000000800000ce (0x00000505) c.addi  a0, 1
core   0: 0 0x00000000800000ce (0x0505) x10 0x00000000000002b6
core   0: 0x00000000800000d0 (0x0000bffd) c.j     pc - 2
core   0: 0 0x00000000800000d0 (0xbffd)
core   0: 0x00000000800000ce (0x00000505) c.addi  a0, 1
core   0: 0 0x00000000800000ce (0x0505) x10 0x00000000000002b7
core   0: 0x00000000800000d0 (0x0000bffd) c.j     pc - 2
core   0: 0 0x00000000800000d0 (0xbffd)
core   0: 0x00000000800000ce (0x00000505) c.addi  a0, 1
core   0: 0 0x00000000800000ce (0x0505) x10 0x00000000000002b8
core   0: 0x00000000800000d0 (0x0000bffd) c.j     pc - 2
core   0: 0 0x00000000800000d0 (0xbffd)
core   0: 0x00000000800000ce (0x00000505) c.addi  a0, 1
core   0: 0 0x00000000800000ce (0x0505) x10 0x00000000000002b9
core   0: 0x00000000800000d0 (0x0000bffd) c.j     pc - 2
core   0: 0 0x00000000800000d0 (0xbffd)
core   0: 0x00000000800000ce (0x00000505) c.addi  a0, 1
core   0: 0 0x00000000800000ce (0x0505) x10 0x00000000000002ba
core   0: 0x00000000800000d0 (0x0000bffd) c.j     pc - 2
core   0: 0 0x00000000800000d0 (0xbffd)
core   0: 0x00000000800000ce (0x00000505) c.addi  a0, 1
core   0: 0 0x00000000800000ce (0x0505) x10 0x00000000000002bb
core   0: 0x00000000800000d0 (0x0000bffd) c.j     pc - 2
core   0: 0 0x00000000800000d0 (0xbffd)
core   0: 0x00000000800000ce (0x00000505) c.addi  a0, 1
core   0: 0 0x00000000800000ce (0x0505) x10 0x00000000000002bc
core   0: 0x00000000800000d0 (0x0000bffd) c.j     pc - 2
core   0: 0 0x00000000800000d0 (0xbffd)
core   0: 0x00000000800000ce (0x00000505) c.addi  a0, 1
core   0: 0 0x00000000800000ce (0x0505) x10 0x00000000000002bd
core   0: 0x00000000800000d0 (0x0000bffd) c.j     pc - 2
core   0: 0 0x00000000800000d0 (0xbffd)
core   0: 0x00000000800000ce (0x00000505) c.addi  a0, 1
core   0: 0 0x00000000800000ce (0x0505) x10 0x00000000000002be
core   0: 0x00000000800000d0 (0x0000bffd) c.j     pc - 2
core   0: 0 0x00000000800000d0 (0xbffd)
core   0: 0x00000000800000ce (0x00000505) c.addi  a0, 1
core   0: 0 0x00000000800000ce (0x0505) x10 0x00000000000002bf
core   0: 0x00000000800000d0 (0x0000bffd) c.j     pc - 2
core   0: 0 0x00000000800000d0 (0xbffd)
core   0: 0x00000000800000ce (0x00000505) c.addi  a0, 1
core   0: 0 0x00000000800000ce (0x0505) x10 0x00000000000002c0
core   0: 0x00000000800000d0 (0x0000bffd) c.j     pc - 2
core   0: 0 0x00000000800000d0 (0xbffd)
core   0: 0x00000000800000ce (0x00000505) c.addi  a0, 1
core   0: 0 0x00000000800000ce (0x0505) x10 0x00000000000002c1
core   0: 0x00000000800000d0 (0x0000bffd) c.j     pc - 2
core   0: 0 0x00000000800000d0 (0xbffd)
core   0: 0x00000000800000ce (0x00000505) c.addi  a0, 1
core   0: 0 0x00000000800000ce (0x0505) x10 0x00000000000002c2
core   0: 0x00000000800000d0 (0x0000bffd) c.j     pc - 2
core   0: 0 0x00000000800000d0 (0xbffd)
core   0: 0x00000000800000ce (0x00000505) c.addi  a0, 1
core   0: 0 0x00000000800000ce (0x0505) x10 0x00000000000002c3
core   0: 0x00000000800000d0 (0x0000bffd) c.j     pc - 2
core   0: 0 0x00000000800000d0 (0xbffd)
core   0: 0x00000000800000ce (0x00000505) c.addi  a0, 1
core   0: 0 0x00000000800000ce (0x0505) x10 0x00000000000002c4
core   0: 0x00000000800000d0 (0x0000bffd) c.j     pc - 2
core   0: 0 0x00000000800000d0 (0xbffd)
core   0: 0x00000000800000ce (0x00000505) c.addi  a0, 1
core   0: 0 0x00000000800000ce (0x0505) x10 0x00000000000002c5
core   0: 0x00000000800000d0 (0x0000bffd) c.j     pc - 2
core   0: 0 0x00000000800000d0 (0xbffd)
core   0: 0x00000000800000ce (0x00000505) c.addi  a0, 1
core   0: 0 0x00000000800000ce (0x0505) x10 0x00000000000002c6
core   0: 0x00000000800000d0 (0x0000bffd) c.j     pc - 2
core   0: 0 0x00000000800000d0 (0xbffd)
core   0: 0x00000000800000ce (0x00000505) c.addi  a0, 1
core   0: 0 0x00000000800000ce (0x0505) x10 0x00000000000002c7
core   0: 0x00000000800000d0 (0x0000bffd) c.j     pc - 2
core   0: 0 0x00000000800000d0 (0xbffd)
core   0: 0x00000000800000ce (0x00000505) c.addi  a0, 1
core   0: 0 0x00000000800000ce (0x0505) x10 0x00000000000002c8
core   0: 0x00000000800000d0 (0x0000bffd) c.j     pc - 2
core   0: 0 0x00000000800000d0 (0xbffd)
core   0: 0x00000000800000ce (0x00000505) c.addi  a0, 1
core   0: 0 0x00000000800000ce (0x0505) x10 0x00000000000002c9
core   0: 0x00000000800000d0 (0x0000bffd) c.j     pc - 2
core   0: 0 0x00000000800000d0 (0xbffd)
core   0: 0x00000000800000ce (0x00000505) c.addi  a0, 1
core   0: 0 0x00000000800000ce (0x0505) x10 0x00000000000002ca
core   0: 0x00000000800000d0 (0x0000bffd) c.j     pc - 2
core   0: 0 0x00000000800000d0 (0xbffd)
core   0: 0x00000000800000ce (0x00000505) c.addi  a0, 1
core   0: 0 0x00000000800000ce (0x0505) x10 0x00000000000002cb
core   0: 0x00000000800000d0 (0x0000bffd) c.j     pc - 2
core   0: 0 0x00000000800000d0 (0xbffd)
core   0: 0x00000000800000ce (0x00000505) c.addi  a0, 1
core   0: 0 0x00000000800000ce (0x0505) x10 0x00000000000002cc
core   0: 0x00000000800000d0 (0x0000bffd) c.j     pc - 2
core   0: 0 0x00000000800000d0 (0xbffd)
core   0: 0x00000000800000ce (0x00000505) c.addi  a0, 1
core   0: 0 0x00000000800000ce (0x0505) x10 0x00000000000002cd
core   0: 0x00000000800000d0 (0x0000bffd) c.j     pc - 2
core   0: 0 0x00000000800000d0 (0xbffd)
core   0: 0x00000000800000ce (0x00000505) c.addi  a0, 1
core   0: 0 0x00000000800000ce (0x0505) x10 0x00000000000002ce
core   0: 0x00000000800000d0 (0x0000bffd) c.j     pc - 2
core   0: 0 0x00000000800000d0 (0xbffd)
core   0: 0x00000000800000ce (0x00000505) c.addi  a0, 1
core   0: 0 0x00000000800000ce (0x0505) x10 0x00000000000002cf
core   0: 0x00000000800000d0 (0x0000bffd) c.j     pc - 2
core   0: 0 0x00000000800000d0 (0xbffd)
core   0: 0x00000000800000ce (0x00000505) c.addi  a0, 1
core   0: 0 0x00000000800000ce (0x0505) x10 0x00000000000002d0
core   0: 0x00000000800000d0 (0x0000bffd) c.j     pc - 2
core   0: 0 0x00000000800000d0 (0xbffd)
core   0: 0x00000000800000ce (0x00000505) c.addi  a0, 1
core   0: 0 0x00000000800000ce (0x0505) x10 0x00000000000002d1
core   0: 0x00000000800000d0 (0x0000bffd) c.j     pc - 2
core   0: 0 0x00000000800000d0 (0xbffd)
core   0: 0x00000000800000ce (0x00000505) c.addi  a0, 1
core   0: 0 0x00000000800000ce (0x0505) x10 0x00000000000002d2
core   0: 0x00000000800000d0 (0x0000bffd) c.j     pc - 2
core   0: 0 0x00000000800000d0 (0xbffd)
core   0: 0x00000000800000ce (0x00000505) c.addi  a0, 1
core   0: 0 0x00000000800000ce (0x0505) x10 0x00000000000002d3
core   0: 0x00000000800000d0 (0x0000bffd) c.j     pc - 2
core   0: 0 0x00000000800000d0 (0xbffd)
core   0: 0x00000000800000ce (0x00000505) c.addi  a0, 1
core   0: 0 0x00000000800000ce (0x0505) x10 0x00000000000002d4
core   0: 0x00000000800000d0 (0x0000bffd) c.j     pc - 2
core   0: 0 0x00000000800000d0 (0xbffd)
core   0: 0x00000000800000ce (0x00000505) c.addi  a0, 1
core   0: 0 0x00000000800000ce (0x0505) x10 0x00000000000002d5
core   0: 0x00000000800000d0 (0x0000bffd) c.j     pc - 2
core   0: 0 0x00000000800000d0 (0xbffd)
core   0: 0x00000000800000ce (0x00000505) c.addi  a0, 1
core   0: 0 0x00000000800000ce (0x0505) x10 0x00000000000002d6
core   0: 0x00000000800000d0 (0x0000bffd) c.j     pc - 2
core   0: 0 0x00000000800000d0 (0xbffd)
core   0: 0x00000000800000ce (0x00000505) c.addi  a0, 1
core   0: 0 0x00000000800000ce (0x0505) x10 0x00000000000002d7
core   0: 0x00000000800000d0 (0x0000bffd) c.j     pc - 2
core   0: 0 0x00000000800000d0 (0xbffd)
core   0: 0x00000000800000ce (0x00000505) c.addi  a0, 1
core   0: 0 0x00000000800000ce (0x0505) x10 0x00000000000002d8
core   0: 0x00000000800000d0 (0x0000bffd) c.j     pc - 2
core   0: 0 0x00000000800000d0 (0xbffd)
core   0: 0x00000000800000ce (0x00000505) c.addi  a0, 1
core   0: 0 0x00000000800000ce (0x0505) x10 0x00000000000002d9
core   0: 0x00000000800000d0 (0x0000bffd) c.j     pc - 2
core   0: 0 0x00000000800000d0 (0xbffd)
core   0: 0x00000000800000ce (0x00000505) c.addi  a0, 1
core   0: 0 0x00000000800000ce (0x0505) x10 0x00000000000002da
core   0: 0x00000000800000d0 (0x0000bffd) c.j     pc - 2
core   0: 0 0x00000000800000d0 (0xbffd)
core   0: 0x00000000800000ce (0x00000505) c.addi  a0, 1
core   0: 0 0x00000000800000ce (0x0505) x10 0x00000000000002db
core   0: 0x00000000800000d0 (0x0000bffd) c.j     pc - 2
core   0: 0 0x00000000800000d0 (0xbffd)
core   0: 0x00000000800000ce (0x00000505) c.addi  a0, 1
core   0: 0 0x00000000800000ce (0x0505) x10 0x00000000000002dc
core   0: 0x00000000800000d0 (0x0000bffd) c.j     pc - 2
core   0: 0 0x00000000800000d0 (0xbffd)
core   0: 0x00000000800000ce (0x00000505) c.addi  a0, 1
core   0: 0 0x00000000800000ce (0x0505) x10 0x00000000000002dd
core   0: 0x00000000800000d0 (0x0000bffd) c.j     pc - 2
core   0: 0 0x00000000800000d0 (0xbffd)
core   0: 0x00000000800000ce (0x00000505) c.addi  a0, 1
core   0: 0 0x00000000800000ce (0x0505) x10 0x00000000000002de
core   0: 0x00000000800000d0 (0x0000bffd) c.j     pc - 2
core   0: 0 0x00000000800000d0 (0xbffd)
core   0: 0x00000000800000ce (0x00000505) c.addi  a0, 1
core   0: 0 0x00000000800000ce (0x0505) x10 0x00000000000002df
core   0: 0x00000000800000d0 (0x0000bffd) c.j     pc - 2
core   0: 0 0x00000000800000d0 (0xbffd)
core   0: 0x00000000800000ce (0x00000505) c.addi  a0, 1
core   0: 0 0x00000000800000ce (0x0505) x10 0x00000000000002e0
core   0: 0x00000000800000d0 (0x0000bffd) c.j     pc - 2
core   0: 0 0x00000000800000d0 (0xbffd)
core   0: 0x00000000800000ce (0x00000505) c.addi  a0, 1
core   0: 0 0x00000000800000ce (0x0505) x10 0x00000000000002e1
core   0: 0x00000000800000d0 (0x0000bffd) c.j     pc - 2
core   0: 0 0x00000000800000d0 (0xbffd)
core   0: 0x00000000800000ce (0x00000505) c.addi  a0, 1
core   0: 0 0x00000000800000ce (0x0505) x10 0x00000000000002e2
core   0: 0x00000000800000d0 (0x0000bffd) c.j     pc - 2
core   0: 0 0x00000000800000d0 (0xbffd)
core   0: 0x00000000800000ce (0x00000505) c.addi  a0, 1
core   0: 0 0x00000000800000ce (0x0505) x10 0x00000000000002e3
core   0: 0x00000000800000d0 (0x0000bffd) c.j     pc - 2
core   0: 0 0x00000000800000d0 (0xbffd)
core   0: 0x00000000800000ce (0x00000505) c.addi  a0, 1
core   0: 0 0x00000000800000ce (0x0505) x10 0x00000000000002e4
core   0: 0x00000000800000d0 (0x0000bffd) c.j     pc - 2
core   0: 0 0x00000000800000d0 (0xbffd)
core   0: 0x00000000800000ce (0x00000505) c.addi  a0, 1
core   0: 0 0x00000000800000ce (0x0505) x10 0x00000000000002e5
core   0: 0x00000000800000d0 (0x0000bffd) c.j     pc - 2
core   0: 0 0x00000000800000d0 (0xbffd)
core   0: 0x00000000800000ce (0x00000505) c.addi  a0, 1
core   0: 0 0x00000000800000ce (0x0505) x10 0x00000000000002e6
core   0: 0x00000000800000d0 (0x0000bffd) c.j     pc - 2
core   0: 0 0x00000000800000d0 (0xbffd)
core   0: 0x00000000800000ce (0x00000505) c.addi  a0, 1
core   0: 0 0x00000000800000ce (0x0505) x10 0x00000000000002e7
core   0: 0x00000000800000d0 (0x0000bffd) c.j     pc - 2
core   0: 0 0x00000000800000d0 (0xbffd)
core   0: 0x00000000800000ce (0x00000505) c.addi  a0, 1
core   0: 0 0x00000000800000ce (0x0505) x10 0x00000000000002e8
core   0: 0x00000000800000d0 (0x0000bffd) c.j     pc - 2
core   0: 0 0x00000000800000d0 (0xbffd)
core   0: 0x00000000800000ce (0x00000505) c.addi  a0, 1
core   0: 0 0x00000000800000ce (0x0505) x10 0x00000000000002e9
core   0: 0x00000000800000d0 (0x0000bffd) c.j     pc - 2
core   0: 0 0x00000000800000d0 (0xbffd)
core   0: 0x00000000800000ce (0x00000505) c.addi  a0, 1
core   0: 0 0x00000000800000ce (0x0505) x10 0x00000000000002ea
core   0: 0x00000000800000d0 (0x0000bffd) c.j     pc - 2
core   0: 0 0x00000000800000d0 (0xbffd)
core   0: 0x00000000800000ce (0x00000505) c.addi  a0, 1
core   0: 0 0x00000000800000ce (0x0505) x10 0x00000000000002eb
core   0: 0x00000000800000d0 (0x0000bffd) c.j     pc - 2
core   0: 0 0x00000000800000d0 (0xbffd)
core   0: 0x00000000800000ce (0x00000505) c.addi  a0, 1
core   0: 0 0x00000000800000ce (0x0505) x10 0x00000000000002ec
core   0: 0x00000000800000d0 (0x0000bffd) c.j     pc - 2
core   0: 0 0x00000000800000d0 (0xbffd)
core   0: 0x00000000800000ce (0x00000505) c.addi  a0, 1
core   0: 0 0x00000000800000ce (0x0505) x10 0x00000000000002ed
core   0: 0x00000000800000d0 (0x0000bffd) c.j     pc - 2
core   0: 0 0x00000000800000d0 (0xbffd)
core   0: 0x00000000800000ce (0x00000505) c.addi  a0, 1
core   0: 0 0x00000000800000ce (0x0505) x10 0x00000000000002ee
core   0: 0x00000000800000d0 (0x0000bffd) c.j     pc - 2
core   0: 0 0x00000000800000d0 (0xbffd)
core   0: 0x00000000800000ce (0x00000505) c.addi  a0, 1
core   0: 0 0x00000000800000ce (0x0505) x10 0x00000000000002ef
core   0: 0x00000000800000d0 (0x0000bffd) c.j     pc - 2
core   0: 0 0x00000000800000d0 (0xbffd)
core   0: 0x00000000800000ce (0x00000505) c.addi  a0, 1
core   0: 0 0x00000000800000ce (0x0505) x10 0x00000000000002f0
core   0: 0x00000000800000d0 (0x0000bffd) c.j     pc - 2
core   0: 0 0x00000000800000d0 (0xbffd)
core   0: 0x00000000800000ce (0x00000505) c.addi  a0, 1
core   0: 0 0x00000000800000ce (0x0505) x10 0x00000000000002f1
core   0: 0x00000000800000d0 (0x0000bffd) c.j     pc - 2
core   0: 0 0x00000000800000d0 (0xbffd)
core   0: 0x00000000800000ce (0x00000505) c.addi  a0, 1
core   0: 0 0x00000000800000ce (0x0505) x10 0x00000000000002f2
core   0: 0x00000000800000d0 (0x0000bffd) c.j     pc - 2
core   0: 0 0x00000000800000d0 (0xbffd)
core   0: 0x00000000800000ce (0x00000505) c.addi  a0, 1
core   0: 0 0x00000000800000ce (0x0505) x10 0x00000000000002f3
core   0: 0x00000000800000d0 (0x0000bffd) c.j     pc - 2
core   0: 0 0x00000000800000d0 (0xbffd)
core   0: 0x00000000800000ce (0x00000505) c.addi  a0, 1
core   0: 0 0x00000000800000ce (0x0505) x10 0x00000000000002f4
core   0: 0x00000000800000d0 (0x0000bffd) c.j     pc - 2
core   0: 0 0x00000000800000d0 (0xbffd)
core   0: 0x00000000800000ce (0x00000505) c.addi  a0, 1
core   0: 0 0x00000000800000ce (0x0505) x10 0x00000000000002f5
core   0: 0x00000000800000d0 (0x0000bffd) c.j     pc - 2
core   0: 0 0x00000000800000d0 (0xbffd)
core   0: 0x00000000800000ce (0x00000505) c.addi  a0, 1
core   0: 0 0x00000000800000ce (0x0505) x10 0x00000000000002f6
core   0: 0x00000000800000d0 (0x0000bffd) c.j     pc - 2
core   0: 0 0x00000000800000d0 (0xbffd)
core   0: 0x00000000800000ce (0x00000505) c.addi  a0, 1
core   0: 0 0x00000000800000ce (0x0505) x10 0x00000000000002f7
core   0: 0x00000000800000d0 (0x0000bffd) c.j     pc - 2
core   0: 0 0x00000000800000d0 (0xbffd)
core   0: 0x00000000800000ce (0x00000505) c.addi  a0, 1
core   0: 0 0x00000000800000ce (0x0505) x10 0x00000000000002f8
core   0: 0x00000000800000d0 (0x0000bffd) c.j     pc - 2
core   0: 0 0x00000000800000d0 (0xbffd)
core   0: 0x00000000800000ce (0x00000505) c.addi  a0, 1
core   0: 0 0x00000000800000ce (0x0505) x10 0x00000000000002f9
core   0: 0x00000000800000d0 (0x0000bffd) c.j     pc - 2
core   0: 0 0x00000000800000d0 (0xbffd)
core   0: 0x00000000800000ce (0x00000505) c.addi  a0, 1
core   0: 0 0x00000000800000ce (0x0505) x10 0x00000000000002fa
core   0: 0x00000000800000d0 (0x0000bffd) c.j     pc - 2
core   0: 0 0x00000000800000d0 (0xbffd)
core   0: 0x00000000800000ce (0x00000505) c.addi  a0, 1
core   0: 0 0x00000000800000ce (0x0505) x10 0x00000000000002fb
core   0: 0x00000000800000d0 (0x0000bffd) c.j     pc - 2
core   0: 0 0x00000000800000d0 (0xbffd)
core   0: 0x00000000800000ce (0x00000505) c.addi  a0, 1
core   0: 0 0x00000000800000ce (0x0505) x10 0x00000000000002fc
core   0: 0x00000000800000d0 (0x0000bffd) c.j     pc - 2
core   0: 0 0x00000000800000d0 (0xbffd)
core   0: 0x00000000800000ce (0x00000505) c.addi  a0, 1
core   0: 0 0x00000000800000ce (0x0505) x10 0x00000000000002fd
core   0: 0x00000000800000d0 (0x0000bffd) c.j     pc - 2
core   0: 0 0x00000000800000d0 (0xbffd)
core   0: 0x00000000800000ce (0x00000505) c.addi  a0, 1
core   0: 0 0x00000000800000ce (0x0505) x10 0x00000000000002fe
core   0: 0x00000000800000d0 (0x0000bffd) c.j     pc - 2
core   0: 0 0x00000000800000d0 (0xbffd)
core   0: 0x00000000800000ce (0x00000505) c.addi  a0, 1
core   0: 0 0x00000000800000ce (0x0505) x10 0x00000000000002ff
core   0: 0x00000000800000d0 (0x0000bffd) c.j     pc - 2
core   0: 0 0x00000000800000d0 (0xbffd)
core   0: 0x00000000800000ce (0x00000505) c.addi  a0, 1
core   0: 0 0x00000000800000ce (0x0505) x10 0x0000000000000300
core   0: 0x00000000800000d0 (0x0000bffd) c.j     pc - 2
core   0: 0 0x00000000800000d0 (0xbffd)
core   0: 0x00000000800000ce (0x00000505) c.addi  a0, 1
core   0: 0 0x00000000800000ce (0x0505) x10 0x0000000000000301
core   0: 0x00000000800000d0 (0x0000bffd) c.j     pc - 2
core   0: 0 0x00000000800000d0 (0xbffd)
core   0: 0x00000000800000ce (0x00000505) c.addi  a0, 1
core   0: 0 0x00000000800000ce (0x0505) x10 0x0000000000000302
core   0: 0x00000000800000d0 (0x0000bffd) c.j     pc - 2
core   0: 0 0x00000000800000d0 (0xbffd)
core   0: 0x00000000800000ce (0x00000505) c.addi  a0, 1
core   0: 0 0x00000000800000ce (0x0505) x10 0x0000000000000303
core   0: 0x00000000800000d0 (0x0000bffd) c.j     pc - 2
core   0: 0 0x00000000800000d0 (0xbffd)
core   0: 0x00000000800000ce (0x00000505) c.addi  a0, 1
core   0: 0 0x00000000800000ce (0x0505) x10 0x0000000000000304
core   0: 0x00000000800000d0 (0x0000bffd) c.j     pc - 2
core   0: 0 0x00000000800000d0 (0xbffd)
core   0: 0x00000000800000ce (0x00000505) c.addi  a0, 1
core   0: 0 0x00000000800000ce (0x0505) x10 0x0000000000000305
core   0: 0x00000000800000d0 (0x0000bffd) c.j     pc - 2
core   0: 0 0x00000000800000d0 (0xbffd)
core   0: 0x00000000800000ce (0x00000505) c.addi  a0, 1
core   0: 0 0x00000000800000ce (0x0505) x10 0x0000000000000306
core   0: 0x00000000800000d0 (0x0000bffd) c.j     pc - 2
core   0: 0 0x00000000800000d0 (0xbffd)
core   0: 0x00000000800000ce (0x00000505) c.addi  a0, 1
core   0: 0 0x00000000800000ce (0x0505) x10 0x0000000000000307
core   0: 0x00000000800000d0 (0x0000bffd) c.j     pc - 2
core   0: 0 0x00000000800000d0 (0xbffd)
core   0: 0x00000000800000ce (0x00000505) c.addi  a0, 1
core   0: 0 0x00000000800000ce (0x0505) x10 0x0000000000000308
core   0: 0x00000000800000d0 (0x0000bffd) c.j     pc - 2
core   0: 0 0x00000000800000d0 (0xbffd)
core   0: 0x00000000800000ce (0x00000505) c.addi  a0, 1
core   0: 0 0x00000000800000ce (0x0505) x10 0x0000000000000309
core   0: 0x00000000800000d0 (0x0000bffd) c.j     pc - 2
core   0: 0 0x00000000800000d0 (0xbffd)
core   0: 0x00000000800000ce (0x00000505) c.addi  a0, 1
core   0: 0 0x00000000800000ce (0x0505) x10 0x000000000000030a
core   0: 0x00000000800000d0 (0x0000bffd) c.j     pc - 2
core   0: 0 0x00000000800000d0 (0xbffd)
core   0: 0x00000000800000ce (0x00000505) c.addi  a0, 1
core   0: 0 0x00000000800000ce (0x0505) x10 0x000000000000030b
core   0: 0x00000000800000d0 (0x0000bffd) c.j     pc - 2
core   0: 0 0x00000000800000d0 (0xbffd)
core   0: 0x00000000800000ce (0x00000505) c.addi  a0, 1
core   0: 0 0x00000000800000ce (0x0505) x10 0x000000000000030c
core   0: 0x00000000800000d0 (0x0000bffd) c.j     pc - 2
core   0: 0 0x00000000800000d0 (0xbffd)
core   0: 0x00000000800000ce (0x00000505) c.addi  a0, 1
core   0: 0 0x00000000800000ce (0x0505) x10 0x000000000000030d
core   0: 0x00000000800000d0 (0x0000bffd) c.j     pc - 2
core   0: 0 0x00000000800000d0 (0xbffd)
core   0: 0x00000000800000ce (0x00000505) c.addi  a0, 1
core   0: 0 0x00000000800000ce (0x0505) x10 0x000000000000030e
core   0: 0x00000000800000d0 (0x0000bffd) c.j     pc - 2
core   0: 0 0x00000000800000d0 (0xbffd)
core   0: 0x00000000800000ce (0x00000505) c.addi  a0, 1
core   0: 0 0x00000000800000ce (0x0505) x10 0x000000000000030f
core   0: 0x00000000800000d0 (0x0000bffd) c.j     pc - 2
core   0: 0 0x00000000800000d0 (0xbffd)
core   0: 0x00000000800000ce (0x00000505) c.addi  a0, 1
core   0: 0 0x00000000800000ce (0x0505) x10 0x0000000000000310
core   0: 0x00000000800000d0 (0x0000bffd) c.j     pc - 2
core   0: 0 0x00000000800000d0 (0xbffd)
core   0: 0x00000000800000ce (0x00000505) c.addi  a0, 1
core   0: 0 0x00000000800000ce (0x0505) x10 0x0000000000000311
core   0: 0x00000000800000d0 (0x0000bffd) c.j     pc - 2
core   0: 0 0x00000000800000d0 (0xbffd)
core   0: 0x00000000800000ce (0x00000505) c.addi  a0, 1
core   0: 0 0x00000000800000ce (0x0505) x10 0x0000000000000312
core   0: 0x00000000800000d0 (0x0000bffd) c.j     pc - 2
core   0: 0 0x00000000800000d0 (0xbffd)
core   0: 0x00000000800000ce (0x00000505) c.addi  a0, 1
core   0: 0 0x00000000800000ce (0x0505) x10 0x0000000000000313
core   0: 0x00000000800000d0 (0x0000bffd) c.j     pc - 2
core   0: 0 0x00000000800000d0 (0xbffd)
core   0: 0x00000000800000ce (0x00000505) c.addi  a0, 1
core   0: 0 0x00000000800000ce (0x0505) x10 0x0000000000000314
core   0: 0x00000000800000d0 (0x0000bffd) c.j     pc - 2
core   0: 0 0x00000000800000d0 (0xbffd)
core   0: 0x00000000800000ce (0x00000505) c.addi  a0, 1
core   0: 0 0x00000000800000ce (0x0505) x10 0x0000000000000315
core   0: 0x00000000800000d0 (0x0000bffd) c.j     pc - 2
core   0: 0 0x00000000800000d0 (0xbffd)
core   0: 0x00000000800000ce (0x00000505) c.addi  a0, 1
core   0: 0 0x00000000800000ce (0x0505) x10 0x0000000000000316
core   0: 0x00000000800000d0 (0x0000bffd) c.j     pc - 2
core   0: 0 0x00000000800000d0 (0xbffd)
core   0: 0x00000000800000ce (0x00000505) c.addi  a0, 1
core   0: 0 0x00000000800000ce (0x0505) x10 0x0000000000000317
core   0: 0x00000000800000d0 (0x0000bffd) c.j     pc - 2
core   0: 0 0x00000000800000d0 (0xbffd)
core   0: 0x00000000800000ce (0x00000505) c.addi  a0, 1
core   0: 0 0x00000000800000ce (0x0505) x10 0x0000000000000318
core   0: 0x00000000800000d0 (0x0000bffd) c.j     pc - 2
core   0: 0 0x00000000800000d0 (0xbffd)
core   0: 0x00000000800000ce (0x00000505) c.addi  a0, 1
core   0: 0 0x00000000800000ce (0x0505) x10 0x0000000000000319
core   0: 0x00000000800000d0 (0x0000bffd) c.j     pc - 2
core   0: 0 0x00000000800000d0 (0xbffd)
core   0: 0x00000000800000ce (0x00000505) c.addi  a0, 1
core   0: 0 0x00000000800000ce (0x0505) x10 0x000000000000031a
core   0: 0x00000000800000d0 (0x0000bffd) c.j     pc - 2
core   0: 0 0x00000000800000d0 (0xbffd)
core   0: 0x00000000800000ce (0x00000505) c.addi  a0, 1
core   0: 0 0x00000000800000ce (0x0505) x10 0x000000000000031b
core   0: 0x00000000800000d0 (0x0000bffd) c.j     pc - 2
core   0: 0 0x00000000800000d0 (0xbffd)
core   0: 0x00000000800000ce (0x00000505) c.addi  a0, 1
core   0: 0 0x00000000800000ce (0x0505) x10 0x000000000000031c
core   0: 0x00000000800000d0 (0x0000bffd) c.j     pc - 2
core   0: 0 0x00000000800000d0 (0xbffd)
core   0: 0x00000000800000ce (0x00000505) c.addi  a0, 1
core   0: 0 0x00000000800000ce (0x0505) x10 0x000000000000031d
core   0: 0x00000000800000d0 (0x0000bffd) c.j     pc - 2
core   0: 0 0x00000000800000d0 (0xbffd)
core   0: 0x00000000800000ce (0x00000505) c.addi  a0, 1
core   0: 0 0x00000000800000ce (0x0505) x10 0x000000000000031e
core   0: 0x00000000800000d0 (0x0000bffd) c.j     pc - 2
core   0: 0 0x00000000800000d0 (0xbffd)
core   0: 0x00000000800000ce (0x00000505) c.addi  a0, 1
core   0: 0 0x00000000800000ce (0x0505) x10 0x000000000000031f
core   0: 0x00000000800000d0 (0x0000bffd) c.j     pc - 2
core   0: 0 0x00000000800000d0 (0xbffd)
core   0: 0x00000000800000ce (0x00000505) c.addi  a0, 1
core   0: 0 0x00000000800000ce (0x0505) x10 0x0000000000000320
core   0: 0x00000000800000d0 (0x0000bffd) c.j     pc - 2
core   0: 0 0x00000000800000d0 (0xbffd)
core   0: 0x00000000800000ce (0x00000505) c.addi  a0, 1
core   0: 0 0x00000000800000ce (0x0505) x10 0x0000000000000321
core   0: 0x00000000800000d0 (0x0000bffd) c.j     pc - 2
core   0: 0 0x00000000800000d0 (0xbffd)
core   0: 0x00000000800000ce (0x00000505) c.addi  a0, 1
core   0: 0 0x00000000800000ce (0x0505) x10 0x0000000000000322
core   0: 0x00000000800000d0 (0x0000bffd) c.j     pc - 2
core   0: 0 0x00000000800000d0 (0xbffd)
core   0: 0x00000000800000ce (0x00000505) c.addi  a0, 1
core   0: 0 0x00000000800000ce (0x0505) x10 0x0000000000000323
core   0: 0x00000000800000d0 (0x0000bffd) c.j     pc - 2
core   0: 0 0x00000000800000d0 (0xbffd)
core   0: 0x00000000800000ce (0x00000505) c.addi  a0, 1
core   0: 0 0x00000000800000ce (0x0505) x10 0x0000000000000324
core   0: 0x00000000800000d0 (0x0000bffd) c.j     pc - 2
core   0: 0 0x00000000800000d0 (0xbffd)
core   0: 0x00000000800000ce (0x00000505) c.addi  a0, 1
core   0: 0 0x00000000800000ce (0x0505) x10 0x0000000000000325
core   0: 0x00000000800000d0 (0x0000bffd) c.j     pc - 2
core   0: 0 0x00000000800000d0 (0xbffd)
core   0: 0x00000000800000ce (0x00000505) c.addi  a0, 1
core   0: 0 0x00000000800000ce (0x0505) x10 0x0000000000000326
core   0: 0x00000000800000d0 (0x0000bffd) c.j     pc - 2
core   0: 0 0x00000000800000d0 (0xbffd)
core   0: 0x00000000800000ce (0x00000505) c.addi  a0, 1
core   0: 0 0x00000000800000ce (0x0505) x10 0x0000000000000327
core   0: 0x00000000800000d0 (0x0000bffd) c.j     pc - 2
core   0: 0 0x00000000800000d0 (0xbffd)
core   0: 0x00000000800000ce (0x00000505) c.addi  a0, 1
core   0: 0 0x00000000800000ce (0x0505) x10 0x0000000000000328
core   0: 0x00000000800000d0 (0x0000bffd) c.j     pc - 2
core   0: 0 0x00000000800000d0 (0xbffd)
core   0: 0x00000000800000ce (0x00000505) c.addi  a0, 1
core   0: 0 0x00000000800000ce (0x0505) x10 0x0000000000000329
core   0: 0x00000000800000d0 (0x0000bffd) c.j     pc - 2
core   0: 0 0x00000000800000d0 (0xbffd)
core   0: 0x00000000800000ce (0x00000505) c.addi  a0, 1
core   0: 0 0x00000000800000ce (0x0505) x10 0x000000000000032a
core   0: 0x00000000800000d0 (0x0000bffd) c.j     pc - 2
core   0: 0 0x00000000800000d0 (0xbffd)
core   0: 0x00000000800000ce (0x00000505) c.addi  a0, 1
core   0: 0 0x00000000800000ce (0x0505) x10 0x000000000000032b
core   0: 0x00000000800000d0 (0x0000bffd) c.j     pc - 2
core   0: 0 0x00000000800000d0 (0xbffd)
core   0: 0x00000000800000ce (0x00000505) c.addi  a0, 1
core   0: 0 0x00000000800000ce (0x0505) x10 0x000000000000032c
core   0: 0x00000000800000d0 (0x0000bffd) c.j     pc - 2
core   0: 0 0x00000000800000d0 (0xbffd)
core   0: 0x00000000800000ce (0x00000505) c.addi  a0, 1
core   0: 0 0x00000000800000ce (0x0505) x10 0x000000000000032d
core   0: 0x00000000800000d0 (0x0000bffd) c.j     pc - 2
core   0: 0 0x00000000800000d0 (0xbffd)
core   0: 0x00000000800000ce (0x00000505) c.addi  a0, 1
core   0: 0 0x00000000800000ce (0x0505) x10 0x000000000000032e
core   0: 0x00000000800000d0 (0x0000bffd) c.j     pc - 2
core   0: 0 0x00000000800000d0 (0xbffd)
core   0: 0x00000000800000ce (0x00000505) c.addi  a0, 1
core   0: 0 0x00000000800000ce (0x0505) x10 0x000000000000032f
core   0: 0x00000000800000d0 (0x0000bffd) c.j     pc - 2
core   0: 0 0x00000000800000d0 (0xbffd)
core   0: 0x00000000800000ce (0x00000505) c.addi  a0, 1
core   0: 0 0x00000000800000ce (0x0505) x10 0x0000000000000330
core   0: 0x00000000800000d0 (0x0000bffd) c.j     pc - 2
core   0: 0 0x00000000800000d0 (0xbffd)
core   0: 0x00000000800000ce (0x00000505) c.addi  a0, 1
core   0: 0 0x00000000800000ce (0x0505) x10 0x0000000000000331
core   0: 0x00000000800000d0 (0x0000bffd) c.j     pc - 2
core   0: 0 0x00000000800000d0 (0xbffd)
core   0: 0x00000000800000ce (0x00000505) c.addi  a0, 1
core   0: 0 0x00000000800000ce (0x0505) x10 0x0000000000000332
core   0: 0x00000000800000d0 (0x0000bffd) c.j     pc - 2
core   0: 0 0x00000000800000d0 (0xbffd)
core   0: 0x00000000800000ce (0x00000505) c.addi  a0, 1
core   0: 0 0x00000000800000ce (0x0505) x10 0x0000000000000333
core   0: 0x00000000800000d0 (0x0000bffd) c.j     pc - 2
core   0: 0 0x00000000800000d0 (0xbffd)
core   0: 0x00000000800000ce (0x00000505) c.addi  a0, 1
core   0: 0 0x00000000800000ce (0x0505) x10 0x0000000000000334
core   0: 0x00000000800000d0 (0x0000bffd) c.j     pc - 2
core   0: 0 0x00000000800000d0 (0xbffd)
core   0: 0x00000000800000ce (0x00000505) c.addi  a0, 1
core   0: 0 0x00000000800000ce (0x0505) x10 0x0000000000000335
core   0: 0x00000000800000d0 (0x0000bffd) c.j     pc - 2
core   0: 0 0x00000000800000d0 (0xbffd)
core   0: 0x00000000800000ce (0x00000505) c.addi  a0, 1
core   0: 0 0x00000000800000ce (0x0505) x10 0x0000000000000336
core   0: 0x00000000800000d0 (0x0000bffd) c.j     pc - 2
core   0: 0 0x00000000800000d0 (0xbffd)
core   0: 0x00000000800000ce (0x00000505) c.addi  a0, 1
core   0: 0 0x00000000800000ce (0x0505) x10 0x0000000000000337
core   0: 0x00000000800000d0 (0x0000bffd) c.j     pc - 2
core   0: 0 0x00000000800000d0 (0xbffd)
core   0: 0x00000000800000ce (0x00000505) c.addi  a0, 1
core   0: 0 0x00000000800000ce (0x0505) x10 0x0000000000000338
core   0: 0x00000000800000d0 (0x0000bffd) c.j     pc - 2
core   0: 0 0x00000000800000d0 (0xbffd)
core   0: 0x00000000800000ce (0x00000505) c.addi  a0, 1
core   0: 0 0x00000000800000ce (0x0505) x10 0x0000000000000339
core   0: 0x00000000800000d0 (0x0000bffd) c.j     pc - 2
core   0: 0 0x00000000800000d0 (0xbffd)
core   0: 0x00000000800000ce (0x00000505) c.addi  a0, 1
core   0: 0 0x00000000800000ce (0x0505) x10 0x000000000000033a
core   0: 0x00000000800000d0 (0x0000bffd) c.j     pc - 2
core   0: 0 0x00000000800000d0 (0xbffd)
core   0: 0x00000000800000ce (0x00000505) c.addi  a0, 1
core   0: 0 0x00000000800000ce (0x0505) x10 0x000000000000033b
core   0: 0x00000000800000d0 (0x0000bffd) c.j     pc - 2
core   0: 0 0x00000000800000d0 (0xbffd)
core   0: 0x00000000800000ce (0x00000505) c.addi  a0, 1
core   0: 0 0x00000000800000ce (0x0505) x10 0x000000000000033c
core   0: 0x00000000800000d0 (0x0000bffd) c.j     pc - 2
core   0: 0 0x00000000800000d0 (0xbffd)
core   0: 0x00000000800000ce (0x00000505) c.addi  a0, 1
core   0: 0 0x00000000800000ce (0x0505) x10 0x000000000000033d
core   0: 0x00000000800000d0 (0x0000bffd) c.j     pc - 2
core   0: 0 0x00000000800000d0 (0xbffd)
core   0: 0x00000000800000ce (0x00000505) c.addi  a0, 1
core   0: 0 0x00000000800000ce (0x0505) x10 0x000000000000033e
core   0: 0x00000000800000d0 (0x0000bffd) c.j     pc - 2
core   0: 0 0x00000000800000d0 (0xbffd)
core   0: 0x00000000800000ce (0x00000505) c.addi  a0, 1
core   0: 0 0x00000000800000ce (0x0505) x10 0x000000000000033f
core   0: 0x00000000800000d0 (0x0000bffd) c.j     pc - 2
core   0: 0 0x00000000800000d0 (0xbffd)
core   0: 0x00000000800000ce (0x00000505) c.addi  a0, 1
core   0: 0 0x00000000800000ce (0x0505) x10 0x0000000000000340
core   0: 0x00000000800000d0 (0x0000bffd) c.j     pc - 2
core   0: 0 0x00000000800000d0 (0xbffd)
core   0: 0x00000000800000ce (0x00000505) c.addi  a0, 1
core   0: 0 0x00000000800000ce (0x0505) x10 0x0000000000000341
core   0: 0x00000000800000d0 (0x0000bffd) c.j     pc - 2
core   0: 0 0x00000000800000d0 (0xbffd)
core   0: 0x00000000800000ce (0x00000505) c.addi  a0, 1
core   0: 0 0x00000000800000ce (0x0505) x10 0x0000000000000342
core   0: 0x00000000800000d0 (0x0000bffd) c.j     pc - 2
core   0: 0 0x00000000800000d0 (0xbffd)
core   0: 0x00000000800000ce (0x00000505) c.addi  a0, 1
core   0: 0 0x00000000800000ce (0x0505) x10 0x0000000000000343
core   0: 0x00000000800000d0 (0x0000bffd) c.j     pc - 2
core   0: 0 0x00000000800000d0 (0xbffd)
core   0: 0x00000000800000ce (0x00000505) c.addi  a0, 1
core   0: 0 0x00000000800000ce (0x0505) x10 0x0000000000000344
core   0: 0x00000000800000d0 (0x0000bffd) c.j     pc - 2
core   0: 0 0x00000000800000d0 (0xbffd)
core   0: 0x00000000800000ce (0x00000505) c.addi  a0, 1
core   0: 0 0x00000000800000ce (0x0505) x10 0x0000000000000345
core   0: 0x00000000800000d0 (0x0000bffd) c.j     pc - 2
core   0: 0 0x00000000800000d0 (0xbffd)
core   0: 0x00000000800000ce (0x00000505) c.addi  a0, 1
core   0: 0 0x00000000800000ce (0x0505) x10 0x0000000000000346
core   0: 0x00000000800000d0 (0x0000bffd) c.j     pc - 2
core   0: 0 0x00000000800000d0 (0xbffd)
core   0: 0x00000000800000ce (0x00000505) c.addi  a0, 1
core   0: 0 0x00000000800000ce (0x0505) x10 0x0000000000000347
core   0: 0x00000000800000d0 (0x0000bffd) c.j     pc - 2
core   0: 0 0x00000000800000d0 (0xbffd)
core   0: 0x00000000800000ce (0x00000505) c.addi  a0, 1
core   0: 0 0x00000000800000ce (0x0505) x10 0x0000000000000348
core   0: 0x00000000800000d0 (0x0000bffd) c.j     pc - 2
core   0: 0 0x00000000800000d0 (0xbffd)
core   0: 0x00000000800000ce (0x00000505) c.addi  a0, 1
core   0: 0 0x00000000800000ce (0x0505) x10 0x0000000000000349
core   0: 0x00000000800000d0 (0x0000bffd) c.j     pc - 2
core   0: 0 0x00000000800000d0 (0xbffd)
core   0: 0x00000000800000ce (0x00000505) c.addi  a0, 1
core   0: 0 0x00000000800000ce (0x0505) x10 0x000000000000034a
core   0: 0x00000000800000d0 (0x0000bffd) c.j     pc - 2
core   0: 0 0x00000000800000d0 (0xbffd)
core   0: 0x00000000800000ce (0x00000505) c.addi  a0, 1
core   0: 0 0x00000000800000ce (0x0505) x10 0x000000000000034b
core   0: 0x00000000800000d0 (0x0000bffd) c.j     pc - 2
core   0: 0 0x00000000800000d0 (0xbffd)
core   0: 0x00000000800000ce (0x00000505) c.addi  a0, 1
core   0: 0 0x00000000800000ce (0x0505) x10 0x000000000000034c
core   0: 0x00000000800000d0 (0x0000bffd) c.j     pc - 2
core   0: 0 0x00000000800000d0 (0xbffd)
core   0: 0x00000000800000ce (0x00000505) c.addi  a0, 1
core   0: 0 0x00000000800000ce (0x0505) x10 0x000000000000034d
core   0: 0x00000000800000d0 (0x0000bffd) c.j     pc - 2
core   0: 0 0x00000000800000d0 (0xbffd)
core   0: 0x00000000800000ce (0x00000505) c.addi  a0, 1
core   0: 0 0x00000000800000ce (0x0505) x10 0x000000000000034e
core   0: 0x00000000800000d0 (0x0000bffd) c.j     pc - 2
core   0: 0 0x00000000800000d0 (0xbffd)
core   0: 0x00000000800000ce (0x00000505) c.addi  a0, 1
core   0: 0 0x00000000800000ce (0x0505) x10 0x000000000000034f
core   0: 0x00000000800000d0 (0x0000bffd) c.j     pc - 2
core   0: 0 0x00000000800000d0 (0xbffd)
core   0: 0x00000000800000ce (0x00000505) c.addi  a0, 1
core   0: 0 0x00000000800000ce (0x0505) x10 0x0000000000000350
core   0: 0x00000000800000d0 (0x0000bffd) c.j     pc - 2
core   0: 0 0x00000000800000d0 (0xbffd)
core   0: 0x00000000800000ce (0x00000505) c.addi  a0, 1
core   0: 0 0x00000000800000ce (0x0505) x10 0x0000000000000351
core   0: 0x00000000800000d0 (0x0000bffd) c.j     pc - 2
core   0: 0 0x00000000800000d0 (0xbffd)
core   0: 0x00000000800000ce (0x00000505) c.addi  a0, 1
core   0: 0 0x00000000800000ce (0x0505) x10 0x0000000000000352
core   0: 0x00000000800000d0 (0x0000bffd) c.j     pc - 2
core   0: 0 0x00000000800000d0 (0xbffd)
core   0: 0x00000000800000ce (0x00000505) c.addi  a0, 1
core   0: 0 0x00000000800000ce (0x0505) x10 0x0000000000000353
core   0: 0x00000000800000d0 (0x0000bffd) c.j     pc - 2
core   0: 0 0x00000000800000d0 (0xbffd)
core   0: 0x00000000800000ce (0x00000505) c.addi  a0, 1
core   0: 0 0x00000000800000ce (0x0505) x10 0x0000000000000354
core   0: 0x00000000800000d0 (0x0000bffd) c.j     pc - 2
core   0: 0 0x00000000800000d0 (0xbffd)
core   0: 0x00000000800000ce (0x00000505) c.addi  a0, 1
core   0: 0 0x00000000800000ce (0x0505) x10 0x0000000000000355
core   0: 0x00000000800000d0 (0x0000bffd) c.j     pc - 2
core   0: 0 0x00000000800000d0 (0xbffd)
core   0: 0x00000000800000ce (0x00000505) c.addi  a0, 1
core   0: 0 0x00000000800000ce (0x0505) x10 0x0000000000000356
core   0: 0x00000000800000d0 (0x0000bffd) c.j     pc - 2
core   0: 0 0x00000000800000d0 (0xbffd)
core   0: 0x00000000800000ce (0x00000505) c.addi  a0, 1
core   0: 0 0x00000000800000ce (0x0505) x10 0x0000000000000357
core   0: 0x00000000800000d0 (0x0000bffd) c.j     pc - 2
core   0: 0 0x00000000800000d0 (0xbffd)
core   0: 0x00000000800000ce (0x00000505) c.addi  a0, 1
core   0: 0 0x00000000800000ce (0x0505) x10 0x0000000000000358
core   0: 0x00000000800000d0 (0x0000bffd) c.j     pc - 2
core   0: 0 0x00000000800000d0 (0xbffd)
core   0: 0x00000000800000ce (0x00000505) c.addi  a0, 1
core   0: 0 0x00000000800000ce (0x0505) x10 0x0000000000000359
core   0: 0x00000000800000d0 (0x0000bffd) c.j     pc - 2
core   0: 0 0x00000000800000d0 (0xbffd)
core   0: 0x00000000800000ce (0x00000505) c.addi  a0, 1
core   0: 0 0x00000000800000ce (0x0505) x10 0x000000000000035a
core   0: 0x00000000800000d0 (0x0000bffd) c.j     pc - 2
core   0: 0 0x00000000800000d0 (0xbffd)
core   0: 0x00000000800000ce (0x00000505) c.addi  a0, 1
core   0: 0 0x00000000800000ce (0x0505) x10 0x000000000000035b
core   0: 0x00000000800000d0 (0x0000bffd) c.j     pc - 2
core   0: 0 0x00000000800000d0 (0xbffd)
core   0: 0x00000000800000ce (0x00000505) c.addi  a0, 1
core   0: 0 0x00000000800000ce (0x0505) x10 0x000000000000035c
core   0: 0x00000000800000d0 (0x0000bffd) c.j     pc - 2
core   0: 0 0x00000000800000d0 (0xbffd)
core   0: 0x00000000800000ce (0x00000505) c.addi  a0, 1
core   0: 0 0x00000000800000ce (0x0505) x10 0x000000000000035d
core   0: 0x00000000800000d0 (0x0000bffd) c.j     pc - 2
core   0: 0 0x00000000800000d0 (0xbffd)
core   0: 0x00000000800000ce (0x00000505) c.addi  a0, 1
core   0: 0 0x00000000800000ce (0x0505) x10 0x000000000000035e
core   0: 0x00000000800000d0 (0x0000bffd) c.j     pc - 2
core   0: 0 0x00000000800000d0 (0xbffd)
core   0: 0x00000000800000ce (0x00000505) c.addi  a0, 1
core   0: 0 0x00000000800000ce (0x0505) x10 0x000000000000035f
core   0: 0x00000000800000d0 (0x0000bffd) c.j     pc - 2
core   0: 0 0x00000000800000d0 (0xbffd)
core   0: 0x00000000800000ce (0x00000505) c.addi  a0, 1
core   0: 0 0x00000000800000ce (0x0505) x10 0x0000000000000360
core   0: 0x00000000800000d0 (0x0000bffd) c.j     pc - 2
core   0: 0 0x00000000800000d0 (0xbffd)
core   0: 0x00000000800000ce (0x00000505) c.addi  a0, 1
core   0: 0 0x00000000800000ce (0x0505) x10 0x0000000000000361
core   0: 0x00000000800000d0 (0x0000bffd) c.j     pc - 2
core   0: 0 0x00000000800000d0 (0xbffd)
core   0: 0x00000000800000ce (0x00000505) c.addi  a0, 1
core   0: 0 0x00000000800000ce (0x0505) x10 0x0000000000000362
core   0: 0x00000000800000d0 (0x0000bffd) c.j     pc - 2
core   0: 0 0x00000000800000d0 (0xbffd)
core   0: 0x00000000800000ce (0x00000505) c.addi  a0, 1
core   0: 0 0x00000000800000ce (0x0505) x10 0x0000000000000363
core   0: 0x00000000800000d0 (0x0000bffd) c.j     pc - 2
core   0: 0 0x00000000800000d0 (0xbffd)
core   0: 0x00000000800000ce (0x00000505) c.addi  a0, 1
core   0: 0 0x00000000800000ce (0x0505) x10 0x0000000000000364
core   0: 0x00000000800000d0 (0x0000bffd) c.j     pc - 2
core   0: 0 0x00000000800000d0 (0xbffd)
core   0: 0x00000000800000ce (0x00000505) c.addi  a0, 1
core   0: 0 0x00000000800000ce (0x0505) x10 0x0000000000000365
core   0: 0x00000000800000d0 (0x0000bffd) c.j     pc - 2
core   0: 0 0x00000000800000d0 (0xbffd)
core   0: 0x00000000800000ce (0x00000505) c.addi  a0, 1
core   0: 0 0x00000000800000ce (0x0505) x10 0x0000000000000366
core   0: 0x00000000800000d0 (0x0000bffd) c.j     pc - 2
core   0: 0 0x00000000800000d0 (0xbffd)
core   0: 0x00000000800000ce (0x00000505) c.addi  a0, 1
core   0: 0 0x00000000800000ce (0x0505) x10 0x0000000000000367
core   0: 0x00000000800000d0 (0x0000bffd) c.j     pc - 2
core   0: 0 0x00000000800000d0 (0xbffd)
core   0: 0x00000000800000ce (0x00000505) c.addi  a0, 1
core   0: 0 0x00000000800000ce (0x0505) x10 0x0000000000000368
core   0: 0x00000000800000d0 (0x0000bffd) c.j     pc - 2
core   0: 0 0x00000000800000d0 (0xbffd)
core   0: 0x00000000800000ce (0x00000505) c.addi  a0, 1
core   0: 0 0x00000000800000ce (0x0505) x10 0x0000000000000369
core   0: 0x00000000800000d0 (0x0000bffd) c.j     pc - 2
core   0: 0 0x00000000800000d0 (0xbffd)
core   0: 0x00000000800000ce (0x00000505) c.addi  a0, 1
core   0: 0 0x00000000800000ce (0x0505) x10 0x000000000000036a
core   0: 0x00000000800000d0 (0x0000bffd) c.j     pc - 2
core   0: 0 0x00000000800000d0 (0xbffd)
core   0: 0x00000000800000ce (0x00000505) c.addi  a0, 1
core   0: 0 0x00000000800000ce (0x0505) x10 0x000000000000036b
core   0: 0x00000000800000d0 (0x0000bffd) c.j     pc - 2
core   0: 0 0x00000000800000d0 (0xbffd)
core   0: 0x00000000800000ce (0x00000505) c.addi  a0, 1
core   0: 0 0x00000000800000ce (0x0505) x10 0x000000000000036c
core   0: 0x00000000800000d0 (0x0000bffd) c.j     pc - 2
core   0: 0 0x00000000800000d0 (0xbffd)
core   0: 0x00000000800000ce (0x00000505) c.addi  a0, 1
core   0: 0 0x00000000800000ce (0x0505) x10 0x000000000000036d
core   0: 0x00000000800000d0 (0x0000bffd) c.j     pc - 2
core   0: 0 0x00000000800000d0 (0xbffd)
core   0: 0x00000000800000ce (0x00000505) c.addi  a0, 1
core   0: 0 0x00000000800000ce (0x0505) x10 0x000000000000036e
core   0: 0x00000000800000d0 (0x0000bffd) c.j     pc - 2
core   0: 0 0x00000000800000d0 (0xbffd)
core   0: 0x00000000800000ce (0x00000505) c.addi  a0, 1
core   0: 0 0x00000000800000ce (0x0505) x10 0x000000000000036f
core   0: 0x00000000800000d0 (0x0000bffd) c.j     pc - 2
core   0: 0 0x00000000800000d0 (0xbffd)
core   0: 0x00000000800000ce (0x00000505) c.addi  a0, 1
core   0: 0 0x00000000800000ce (0x0505) x10 0x0000000000000370
core   0: 0x00000000800000d0 (0x0000bffd) c.j     pc - 2
core   0: 0 0x00000000800000d0 (0xbffd)
core   0: 0x00000000800000ce (0x00000505) c.addi  a0, 1
core   0: 0 0x00000000800000ce (0x0505) x10 0x0000000000000371
core   0: 0x00000000800000d0 (0x0000bffd) c.j     pc - 2
core   0: 0 0x00000000800000d0 (0xbffd)
core   0: 0x00000000800000ce (0x00000505) c.addi  a0, 1
core   0: 0 0x00000000800000ce (0x0505) x10 0x0000000000000372
core   0: 0x00000000800000d0 (0x0000bffd) c.j     pc - 2
core   0: 0 0x00000000800000d0 (0xbffd)
core   0: 0x00000000800000ce (0x00000505) c.addi  a0, 1
core   0: 0 0x00000000800000ce (0x0505) x10 0x0000000000000373
core   0: 0x00000000800000d0 (0x0000bffd) c.j     pc - 2
core   0: 0 0x00000000800000d0 (0xbffd)
core   0: 0x00000000800000ce (0x00000505) c.addi  a0, 1
core   0: 0 0x00000000800000ce (0x0505) x10 0x0000000000000374
core   0: 0x00000000800000d0 (0x0000bffd) c.j     pc - 2
core   0: 0 0x00000000800000d0 (0xbffd)
core   0: 0x00000000800000ce (0x00000505) c.addi  a0, 1
core   0: 0 0x00000000800000ce (0x0505) x10 0x0000000000000375
core   0: 0x00000000800000d0 (0x0000bffd) c.j     pc - 2
core   0: 0 0x00000000800000d0 (0xbffd)
core   0: 0x00000000800000ce (0x00000505) c.addi  a0, 1
core   0: 0 0x00000000800000ce (0x0505) x10 0x0000000000000376
core   0: 0x00000000800000d0 (0x0000bffd) c.j     pc - 2
core   0: 0 0x00000000800000d0 (0xbffd)
core   0: 0x00000000800000ce (0x00000505) c.addi  a0, 1
core   0: 0 0x00000000800000ce (0x0505) x10 0x0000000000000377
core   0: 0x00000000800000d0 (0x0000bffd) c.j     pc - 2
core   0: 0 0x00000000800000d0 (0xbffd)
core   0: 0x00000000800000ce (0x00000505) c.addi  a0, 1
core   0: 0 0x00000000800000ce (0x0505) x10 0x0000000000000378
core   0: 0x00000000800000d0 (0x0000bffd) c.j     pc - 2
core   0: 0 0x00000000800000d0 (0xbffd)
core   0: 0x00000000800000ce (0x00000505) c.addi  a0, 1
core   0: 0 0x00000000800000ce (0x0505) x10 0x0000000000000379
core   0: 0x00000000800000d0 (0x0000bffd) c.j     pc - 2
core   0: 0 0x00000000800000d0 (0xbffd)
core   0: 0x00000000800000ce (0x00000505) c.addi  a0, 1
core   0: 0 0x00000000800000ce (0x0505) x10 0x000000000000037a
core   0: 0x00000000800000d0 (0x0000bffd) c.j     pc - 2
core   0: 0 0x00000000800000d0 (0xbffd)
core   0: 0x00000000800000ce (0x00000505) c.addi  a0, 1
core   0: 0 0x00000000800000ce (0x0505) x10 0x000000000000037b
core   0: 0x00000000800000d0 (0x0000bffd) c.j     pc - 2
core   0: 0 0x00000000800000d0 (0xbffd)
core   0: 0x00000000800000ce (0x00000505) c.addi  a0, 1
core   0: 0 0x00000000800000ce (0x0505) x10 0x000000000000037c
core   0: 0x00000000800000d0 (0x0000bffd) c.j     pc - 2
core   0: 0 0x00000000800000d0 (0xbffd)
core   0: 0x00000000800000ce (0x00000505) c.addi  a0, 1
core   0: 0 0x00000000800000ce (0x0505) x10 0x000000000000037d
core   0: 0x00000000800000d0 (0x0000bffd) c.j     pc - 2
core   0: 0 0x00000000800000d0 (0xbffd)
core   0: 0x00000000800000ce (0x00000505) c.addi  a0, 1
core   0: 0 0x00000000800000ce (0x0505) x10 0x000000000000037e
core   0: 0x00000000800000d0 (0x0000bffd) c.j     pc - 2
core   0: 0 0x00000000800000d0 (0xbffd)
core   0: 0x00000000800000ce (0x00000505) c.addi  a0, 1
core   0: 0 0x00000000800000ce (0x0505) x10 0x000000000000037f
core   0: 0x00000000800000d0 (0x0000bffd) c.j     pc - 2
core   0: 0 0x00000000800000d0 (0xbffd)
core   0: 0x00000000800000ce (0x00000505) c.addi  a0, 1
core   0: 0 0x00000000800000ce (0x0505) x10 0x0000000000000380
core   0: 0x00000000800000d0 (0x0000bffd) c.j     pc - 2
core   0: 0 0x00000000800000d0 (0xbffd)
core   0: 0x00000000800000ce (0x00000505) c.addi  a0, 1
core   0: 0 0x00000000800000ce (0x0505) x10 0x0000000000000381
core   0: 0x00000000800000d0 (0x0000bffd) c.j     pc - 2
core   0: 0 0x00000000800000d0 (0xbffd)
core   0: 0x00000000800000ce (0x00000505) c.addi  a0, 1
core   0: 0 0x00000000800000ce (0x0505) x10 0x0000000000000382
core   0: 0x00000000800000d0 (0x0000bffd) c.j     pc - 2
core   0: 0 0x00000000800000d0 (0xbffd)
core   0: 0x00000000800000ce (0x00000505) c.addi  a0, 1
core   0: 0 0x00000000800000ce (0x0505) x10 0x0000000000000383
core   0: 0x00000000800000d0 (0x0000bffd) c.j     pc - 2
core   0: 0 0x00000000800000d0 (0xbffd)
core   0: 0x00000000800000ce (0x00000505) c.addi  a0, 1
core   0: 0 0x00000000800000ce (0x0505) x10 0x0000000000000384
core   0: 0x00000000800000d0 (0x0000bffd) c.j     pc - 2
core   0: 0 0x00000000800000d0 (0xbffd)
core   0: 0x00000000800000ce (0x00000505) c.addi  a0, 1
core   0: 0 0x00000000800000ce (0x0505) x10 0x0000000000000385
core   0: 0x00000000800000d0 (0x0000bffd) c.j     pc - 2
core   0: 0 0x00000000800000d0 (0xbffd)
core   0: 0x00000000800000ce (0x00000505) c.addi  a0, 1
core   0: 0 0x00000000800000ce (0x0505) x10 0x0000000000000386
core   0: 0x00000000800000d0 (0x0000bffd) c.j     pc - 2
core   0: 0 0x00000000800000d0 (0xbffd)
core   0: 0x00000000800000ce (0x00000505) c.addi  a0, 1
core   0: 0 0x00000000800000ce (0x0505) x10 0x0000000000000387
core   0: 0x00000000800000d0 (0x0000bffd) c.j     pc - 2
core   0: 0 0x00000000800000d0 (0xbffd)
core   0: 0x00000000800000ce (0x00000505) c.addi  a0, 1
core   0: 0 0x00000000800000ce (0x0505) x10 0x0000000000000388
core   0: 0x00000000800000d0 (0x0000bffd) c.j     pc - 2
core   0: 0 0x00000000800000d0 (0xbffd)
core   0: 0x00000000800000ce (0x00000505) c.addi  a0, 1
core   0: 0 0x00000000800000ce (0x0505) x10 0x0000000000000389
core   0: 0x00000000800000d0 (0x0000bffd) c.j     pc - 2
core   0: 0 0x00000000800000d0 (0xbffd)
core   0: 0x00000000800000ce (0x00000505) c.addi  a0, 1
core   0: 0 0x00000000800000ce (0x0505) x10 0x000000000000038a
core   0: 0x00000000800000d0 (0x0000bffd) c.j     pc - 2
core   0: 0 0x00000000800000d0 (0xbffd)
core   0: 0x00000000800000ce (0x00000505) c.addi  a0, 1
core   0: 0 0x00000000800000ce (0x0505) x10 0x000000000000038b
core   0: 0x00000000800000d0 (0x0000bffd) c.j     pc - 2
core   0: 0 0x00000000800000d0 (0xbffd)
core   0: 0x00000000800000ce (0x00000505) c.addi  a0, 1
core   0: 0 0x00000000800000ce (0x0505) x10 0x000000000000038c
core   0: 0x00000000800000d0 (0x0000bffd) c.j     pc - 2
core   0: 0 0x00000000800000d0 (0xbffd)
core   0: 0x00000000800000ce (0x00000505) c.addi  a0, 1
core   0: 0 0x00000000800000ce (0x0505) x10 0x000000000000038d
core   0: 0x00000000800000d0 (0x0000bffd) c.j     pc - 2
core   0: 0 0x00000000800000d0 (0xbffd)
core   0: 0x00000000800000ce (0x00000505) c.addi  a0, 1
core   0: 0 0x00000000800000ce (0x0505) x10 0x000000000000038e
core   0: 0x00000000800000d0 (0x0000bffd) c.j     pc - 2
core   0: 0 0x00000000800000d0 (0xbffd)
core   0: 0x00000000800000ce (0x00000505) c.addi  a0, 1
core   0: 0 0x00000000800000ce (0x0505) x10 0x000000000000038f
core   0: 0x00000000800000d0 (0x0000bffd) c.j     pc - 2
core   0: 0 0x00000000800000d0 (0xbffd)
core   0: 0x00000000800000ce (0x00000505) c.addi  a0, 1
core   0: 0 0x00000000800000ce (0x0505) x10 0x0000000000000390
core   0: 0x00000000800000d0 (0x0000bffd) c.j     pc - 2
core   0: 0 0x00000000800000d0 (0xbffd)
core   0: 0x00000000800000ce (0x00000505) c.addi  a0, 1
core   0: 0 0x00000000800000ce (0x0505) x10 0x0000000000000391
core   0: 0x00000000800000d0 (0x0000bffd) c.j     pc - 2
core   0: 0 0x00000000800000d0 (0xbffd)
core   0: 0x00000000800000ce (0x00000505) c.addi  a0, 1
core   0: 0 0x00000000800000ce (0x0505) x10 0x0000000000000392
core   0: 0x00000000800000d0 (0x0000bffd) c.j     pc - 2
core   0: 0 0x00000000800000d0 (0xbffd)
core   0: 0x00000000800000ce (0x00000505) c.addi  a0, 1
core   0: 0 0x00000000800000ce (0x0505) x10 0x0000000000000393
core   0: 0x00000000800000d0 (0x0000bffd) c.j     pc - 2
core   0: 0 0x00000000800000d0 (0xbffd)
core   0: 0x00000000800000ce (0x00000505) c.addi  a0, 1
core   0: 0 0x00000000800000ce (0x0505) x10 0x0000000000000394
core   0: 0x00000000800000d0 (0x0000bffd) c.j     pc - 2
core   0: 0 0x00000000800000d0 (0xbffd)
core   0: 0x00000000800000ce (0x00000505) c.addi  a0, 1
core   0: 0 0x00000000800000ce (0x0505) x10 0x0000000000000395
core   0: 0x00000000800000d0 (0x0000bffd) c.j     pc - 2
core   0: 0 0x00000000800000d0 (0xbffd)
core   0: 0x00000000800000ce (0x00000505) c.addi  a0, 1
core   0: 0 0x00000000800000ce (0x0505) x10 0x0000000000000396
core   0: 0x00000000800000d0 (0x0000bffd) c.j     pc - 2
core   0: 0 0x00000000800000d0 (0xbffd)
core   0: 0x00000000800000ce (0x00000505) c.addi  a0, 1
core   0: 0 0x00000000800000ce (0x0505) x10 0x0000000000000397
core   0: 0x00000000800000d0 (0x0000bffd) c.j     pc - 2
core   0: 0 0x00000000800000d0 (0xbffd)
core   0: 0x00000000800000ce (0x00000505) c.addi  a0, 1
core   0: 0 0x00000000800000ce (0x0505) x10 0x0000000000000398
core   0: 0x00000000800000d0 (0x0000bffd) c.j     pc - 2
core   0: 0 0x00000000800000d0 (0xbffd)
core   0: 0x00000000800000ce (0x00000505) c.addi  a0, 1
core   0: 0 0x00000000800000ce (0x0505) x10 0x0000000000000399
core   0: 0x00000000800000d0 (0x0000bffd) c.j     pc - 2
core   0: 0 0x00000000800000d0 (0xbffd)
core   0: 0x00000000800000ce (0x00000505) c.addi  a0, 1
core   0: 0 0x00000000800000ce (0x0505) x10 0x000000000000039a
core   0: 0x00000000800000d0 (0x0000bffd) c.j     pc - 2
core   0: 0 0x00000000800000d0 (0xbffd)
core   0: 0x00000000800000ce (0x00000505) c.addi  a0, 1
core   0: 0 0x00000000800000ce (0x0505) x10 0x000000000000039b
core   0: 0x00000000800000d0 (0x0000bffd) c.j     pc - 2
core   0: 0 0x00000000800000d0 (0xbffd)
core   0: 0x00000000800000ce (0x00000505) c.addi  a0, 1
core   0: 0 0x00000000800000ce (0x0505) x10 0x000000000000039c
core   0: 0x00000000800000d0 (0x0000bffd) c.j     pc - 2
core   0: 0 0x00000000800000d0 (0xbffd)
core   0: 0x00000000800000ce (0x00000505) c.addi  a0, 1
core   0: 0 0x00000000800000ce (0x0505) x10 0x000000000000039d
core   0: 0x00000000800000d0 (0x0000bffd) c.j     pc - 2
core   0: 0 0x00000000800000d0 (0xbffd)
core   0: 0x00000000800000ce (0x00000505) c.addi  a0, 1
core   0: 0 0x00000000800000ce (0x0505) x10 0x000000000000039e
core   0: 0x00000000800000d0 (0x0000bffd) c.j     pc - 2
core   0: 0 0x00000000800000d0 (0xbffd)
core   0: 0x00000000800000ce (0x00000505) c.addi  a0, 1
core   0: 0 0x00000000800000ce (0x0505) x10 0x000000000000039f
core   0: 0x00000000800000d0 (0x0000bffd) c.j     pc - 2
core   0: 0 0x00000000800000d0 (0xbffd)
core   0: 0x00000000800000ce (0x00000505) c.addi  a0, 1
core   0: 0 0x00000000800000ce (0x0505) x10 0x00000000000003a0
core   0: 0x00000000800000d0 (0x0000bffd) c.j     pc - 2
core   0: 0 0x00000000800000d0 (0xbffd)
core   0: 0x00000000800000ce (0x00000505) c.addi  a0, 1
core   0: 0 0x00000000800000ce (0x0505) x10 0x00000000000003a1
core   0: 0x00000000800000d0 (0x0000bffd) c.j     pc - 2
core   0: 0 0x00000000800000d0 (0xbffd)
core   0: 0x00000000800000ce (0x00000505) c.addi  a0, 1
core   0: 0 0x00000000800000ce (0x0505) x10 0x00000000000003a2
core   0: 0x00000000800000d0 (0x0000bffd) c.j     pc - 2
core   0: 0 0x00000000800000d0 (0xbffd)
core   0: 0x00000000800000ce (0x00000505) c.addi  a0, 1
core   0: 0 0x00000000800000ce (0x0505) x10 0x00000000000003a3
core   0: 0x00000000800000d0 (0x0000bffd) c.j     pc - 2
core   0: 0 0x00000000800000d0 (0xbffd)
core   0: 0x00000000800000ce (0x00000505) c.addi  a0, 1
core   0: 0 0x00000000800000ce (0x0505) x10 0x00000000000003a4
core   0: 0x00000000800000d0 (0x0000bffd) c.j     pc - 2
core   0: 0 0x00000000800000d0 (0xbffd)
core   0: 0x00000000800000ce (0x00000505) c.addi  a0, 1
core   0: 0 0x00000000800000ce (0x0505) x10 0x00000000000003a5
core   0: 0x00000000800000d0 (0x0000bffd) c.j     pc - 2
core   0: 0 0x00000000800000d0 (0xbffd)
core   0: 0x00000000800000ce (0x00000505) c.addi  a0, 1
core   0: 0 0x00000000800000ce (0x0505) x10 0x00000000000003a6
core   0: 0x00000000800000d0 (0x0000bffd) c.j     pc - 2
core   0: 0 0x00000000800000d0 (0xbffd)
core   0: 0x00000000800000ce (0x00000505) c.addi  a0, 1
core   0: 0 0x00000000800000ce (0x0505) x10 0x00000000000003a7
core   0: 0x00000000800000d0 (0x0000bffd) c.j     pc - 2
core   0: 0 0x00000000800000d0 (0xbffd)
core   0: 0x00000000800000ce (0x00000505) c.addi  a0, 1
core   0: 0 0x00000000800000ce (0x0505) x10 0x00000000000003a8
core   0: 0x00000000800000d0 (0x0000bffd) c.j     pc - 2
core   0: 0 0x00000000800000d0 (0xbffd)
core   0: 0x00000000800000ce (0x00000505) c.addi  a0, 1
core   0: 0 0x00000000800000ce (0x0505) x10 0x00000000000003a9
core   0: 0x00000000800000d0 (0x0000bffd) c.j     pc - 2
core   0: 0 0x00000000800000d0 (0xbffd)
core   0: 0x00000000800000ce (0x00000505) c.addi  a0, 1
core   0: 0 0x00000000800000ce (0x0505) x10 0x00000000000003aa
core   0: 0x00000000800000d0 (0x0000bffd) c.j     pc - 2
core   0: 0 0x00000000800000d0 (0xbffd)
core   0: 0x00000000800000ce (0x00000505) c.addi  a0, 1
core   0: 0 0x00000000800000ce (0x0505) x10 0x00000000000003ab
core   0: 0x00000000800000d0 (0x0000bffd) c.j     pc - 2
core   0: 0 0x00000000800000d0 (0xbffd)
core   0: 0x00000000800000ce (0x00000505) c.addi  a0, 1
core   0: 0 0x00000000800000ce (0x0505) x10 0x00000000000003ac
core   0: 0x00000000800000d0 (0x0000bffd) c.j     pc - 2
core   0: 0 0x00000000800000d0 (0xbffd)
core   0: 0x00000000800000ce (0x00000505) c.addi  a0, 1
core   0: 0 0x00000000800000ce (0x0505) x10 0x00000000000003ad
core   0: 0x00000000800000d0 (0x0000bffd) c.j     pc - 2
core   0: 0 0x00000000800000d0 (0xbffd)
core   0: 0x00000000800000ce (0x00000505) c.addi  a0, 1
core   0: 0 0x00000000800000ce (0x0505) x10 0x00000000000003ae
core   0: 0x00000000800000d0 (0x0000bffd) c.j     pc - 2
core   0: 0 0x00000000800000d0 (0xbffd)
core   0: 0x00000000800000ce (0x00000505) c.addi  a0, 1
core   0: 0 0x00000000800000ce (0x0505) x10 0x00000000000003af
core   0: 0x00000000800000d0 (0x0000bffd) c.j     pc - 2
core   0: 0 0x00000000800000d0 (0xbffd)
core   0: 0x00000000800000ce (0x00000505) c.addi  a0, 1
core   0: 0 0x00000000800000ce (0x0505) x10 0x00000000000003b0
core   0: 0x00000000800000d0 (0x0000bffd) c.j     pc - 2
core   0: 0 0x00000000800000d0 (0xbffd)
core   0: 0x00000000800000ce (0x00000505) c.addi  a0, 1
core   0: 0 0x00000000800000ce (0x0505) x10 0x00000000000003b1
core   0: 0x00000000800000d0 (0x0000bffd) c.j     pc - 2
core   0: 0 0x00000000800000d0 (0xbffd)
core   0: 0x00000000800000ce (0x00000505) c.addi  a0, 1
core   0: 0 0x00000000800000ce (0x0505) x10 0x00000000000003b2
core   0: 0x00000000800000d0 (0x0000bffd) c.j     pc - 2
core   0: 0 0x00000000800000d0 (0xbffd)
core   0: 0x00000000800000ce (0x00000505) c.addi  a0, 1
core   0: 0 0x00000000800000ce (0x0505) x10 0x00000000000003b3
core   0: 0x00000000800000d0 (0x0000bffd) c.j     pc - 2
core   0: 0 0x00000000800000d0 (0xbffd)
core   0: 0x00000000800000ce (0x00000505) c.addi  a0, 1
core   0: 0 0x00000000800000ce (0x0505) x10 0x00000000000003b4
core   0: 0x00000000800000d0 (0x0000bffd) c.j     pc - 2
core   0: 0 0x00000000800000d0 (0xbffd)
core   0: 0x00000000800000ce (0x00000505) c.addi  a0, 1
core   0: 0 0x00000000800000ce (0x0505) x10 0x00000000000003b5
core   0: 0x00000000800000d0 (0x0000bffd) c.j     pc - 2
core   0: 0 0x00000000800000d0 (0xbffd)
core   0: 0x00000000800000ce (0x00000505) c.addi  a0, 1
core   0: 0 0x00000000800000ce (0x0505) x10 0x00000000000003b6
core   0: 0x00000000800000d0 (0x0000bffd) c.j     pc - 2
core   0: 0 0x00000000800000d0 (0xbffd)
core   0: 0x00000000800000ce (0x00000505) c.addi  a0, 1
core   0: 0 0x00000000800000ce (0x0505) x10 0x00000000000003b7
core   0: 0x00000000800000d0 (0x0000bffd) c.j     pc - 2
core   0: 0 0x00000000800000d0 (0xbffd)
core   0: 0x00000000800000ce (0x00000505) c.addi  a0, 1
core   0: 0 0x00000000800000ce (0x0505) x10 0x00000000000003b8
core   0: 0x00000000800000d0 (0x0000bffd) c.j     pc - 2
core   0: 0 0x00000000800000d0 (0xbffd)
core   0: 0x00000000800000ce (0x00000505) c.addi  a0, 1
core   0: 0 0x00000000800000ce (0x0505) x10 0x00000000000003b9
core   0: 0x00000000800000d0 (0x0000bffd) c.j     pc - 2
core   0: 0 0x00000000800000d0 (0xbffd)
core   0: 0x00000000800000ce (0x00000505) c.addi  a0, 1
core   0: 0 0x00000000800000ce (0x0505) x10 0x00000000000003ba
core   0: 0x00000000800000d0 (0x0000bffd) c.j     pc - 2
core   0: 0 0x00000000800000d0 (0xbffd)
core   0: 0x00000000800000ce (0x00000505) c.addi  a0, 1
core   0: 0 0x00000000800000ce (0x0505) x10 0x00000000000003bb
core   0: 0x00000000800000d0 (0x0000bffd) c.j     pc - 2
core   0: 0 0x00000000800000d0 (0xbffd)
core   0: 0x00000000800000ce (0x00000505) c.addi  a0, 1
core   0: 0 0x00000000800000ce (0x0505) x10 0x00000000000003bc
core   0: 0x00000000800000d0 (0x0000bffd) c.j     pc - 2
core   0: 0 0x00000000800000d0 (0xbffd)
core   0: 0x00000000800000ce (0x00000505) c.addi  a0, 1
core   0: 0 0x00000000800000ce (0x0505) x10 0x00000000000003bd
core   0: 0x00000000800000d0 (0x0000bffd) c.j     pc - 2
core   0: 0 0x00000000800000d0 (0xbffd)
core   0: 0x00000000800000ce (0x00000505) c.addi  a0, 1
core   0: 0 0x00000000800000ce (0x0505) x10 0x00000000000003be
core   0: 0x00000000800000d0 (0x0000bffd) c.j     pc - 2
core   0: 0 0x00000000800000d0 (0xbffd)
core   0: 0x00000000800000ce (0x00000505) c.addi  a0, 1
core   0: 0 0x00000000800000ce (0x0505) x10 0x00000000000003bf
core   0: 0x00000000800000d0 (0x0000bffd) c.j     pc - 2
core   0: 0 0x00000000800000d0 (0xbffd)
core   0: 0x00000000800000ce (0x00000505) c.addi  a0, 1
core   0: 0 0x00000000800000ce (0x0505) x10 0x00000000000003c0
core   0: 0x00000000800000d0 (0x0000bffd) c.j     pc - 2
core   0: 0 0x00000000800000d0 (0xbffd)
core   0: 0x00000000800000ce (0x00000505) c.addi  a0, 1
core   0: 0 0x00000000800000ce (0x0505) x10 0x00000000000003c1
core   0: 0x00000000800000d0 (0x0000bffd) c.j     pc - 2
core   0: 0 0x00000000800000d0 (0xbffd)
core   0: 0x00000000800000ce (0x00000505) c.addi  a0, 1
core   0: 0 0x00000000800000ce (0x0505) x10 0x00000000000003c2
core   0: 0x00000000800000d0 (0x0000bffd) c.j     pc - 2
core   0: 0 0x00000000800000d0 (0xbffd)
core   0: 0x00000000800000ce (0x00000505) c.addi  a0, 1
core   0: 0 0x00000000800000ce (0x0505) x10 0x00000000000003c3
core   0: 0x00000000800000d0 (0x0000bffd) c.j     pc - 2
core   0: 0 0x00000000800000d0 (0xbffd)
core   0: 0x00000000800000ce (0x00000505) c.addi  a0, 1
core   0: 0 0x00000000800000ce (0x0505) x10 0x00000000000003c4
core   0: 0x00000000800000d0 (0x0000bffd) c.j     pc - 2
core   0: 0 0x00000000800000d0 (0xbffd)
core   0: 0x00000000800000ce (0x00000505) c.addi  a0, 1
core   0: 0 0x00000000800000ce (0x0505) x10 0x00000000000003c5
core   0: 0x00000000800000d0 (0x0000bffd) c.j     pc - 2
core   0: 0 0x00000000800000d0 (0xbffd)
core   0: 0x00000000800000ce (0x00000505) c.addi  a0, 1
core   0: 0 0x00000000800000ce (0x0505) x10 0x00000000000003c6
core   0: 0x00000000800000d0 (0x0000bffd) c.j     pc - 2
core   0: 0 0x00000000800000d0 (0xbffd)
core   0: 0x00000000800000ce (0x00000505) c.addi  a0, 1
core   0: 0 0x00000000800000ce (0x0505) x10 0x00000000000003c7
core   0: 0x00000000800000d0 (0x0000bffd) c.j     pc - 2
core   0: 0 0x00000000800000d0 (0xbffd)
core   0: 0x00000000800000ce (0x00000505) c.addi  a0, 1
core   0: 0 0x00000000800000ce (0x0505) x10 0x00000000000003c8
core   0: 0x00000000800000d0 (0x0000bffd) c.j     pc - 2
core   0: 0 0x00000000800000d0 (0xbffd)
core   0: 0x00000000800000ce (0x00000505) c.addi  a0, 1
core   0: 0 0x00000000800000ce (0x0505) x10 0x00000000000003c9
core   0: 0x00000000800000d0 (0x0000bffd) c.j     pc - 2
core   0: 0 0x00000000800000d0 (0xbffd)
core   0: 0x00000000800000ce (0x00000505) c.addi  a0, 1
core   0: 0 0x00000000800000ce (0x0505) x10 0x00000000000003ca
core   0: 0x00000000800000d0 (0x0000bffd) c.j     pc - 2
core   0: 0 0x00000000800000d0 (0xbffd)
core   0: 0x00000000800000ce (0x00000505) c.addi  a0, 1
core   0: 0 0x00000000800000ce (0x0505) x10 0x00000000000003cb
core   0: 0x00000000800000d0 (0x0000bffd) c.j     pc - 2
core   0: 0 0x00000000800000d0 (0xbffd)
core   0: 0x00000000800000ce (0x00000505) c.addi  a0, 1
core   0: 0 0x00000000800000ce (0x0505) x10 0x00000000000003cc
core   0: 0x00000000800000d0 (0x0000bffd) c.j     pc - 2
core   0: 0 0x00000000800000d0 (0xbffd)
core   0: 0x00000000800000ce (0x00000505) c.addi  a0, 1
core   0: 0 0x00000000800000ce (0x0505) x10 0x00000000000003cd
core   0: 0x00000000800000d0 (0x0000bffd) c.j     pc - 2
core   0: 0 0x00000000800000d0 (0xbffd)
core   0: 0x00000000800000ce (0x00000505) c.addi  a0, 1
core   0: 0 0x00000000800000ce (0x0505) x10 0x00000000000003ce
core   0: 0x00000000800000d0 (0x0000bffd) c.j     pc - 2
core   0: 0 0x00000000800000d0 (0xbffd)
core   0: 0x00000000800000ce (0x00000505) c.addi  a0, 1
core   0: 0 0x00000000800000ce (0x0505) x10 0x00000000000003cf
core   0: 0x00000000800000d0 (0x0000bffd) c.j     pc - 2
core   0: 0 0x00000000800000d0 (0xbffd)
core   0: 0x00000000800000ce (0x00000505) c.addi  a0, 1
core   0: 0 0x00000000800000ce (0x0505) x10 0x00000000000003d0
core   0: 0x00000000800000d0 (0x0000bffd) c.j     pc - 2
core   0: 0 0x00000000800000d0 (0xbffd)
core   0: 0x00000000800000ce (0x00000505) c.addi  a0, 1
core   0: 0 0x00000000800000ce (0x0505) x10 0x00000000000003d1
core   0: 0x00000000800000d0 (0x0000bffd) c.j     pc - 2
core   0: 0 0x00000000800000d0 (0xbffd)
core   0: 0x00000000800000ce (0x00000505) c.addi  a0, 1
core   0: 0 0x00000000800000ce (0x0505) x10 0x00000000000003d2
core   0: 0x00000000800000d0 (0x0000bffd) c.j     pc - 2
core   0: 0 0x00000000800000d0 (0xbffd)
core   0: 0x00000000800000ce (0x00000505) c.addi  a0, 1
core   0: 0 0x00000000800000ce (0x0505) x10 0x00000000000003d3
core   0: 0x00000000800000d0 (0x0000bffd) c.j     pc - 2
core   0: 0 0x00000000800000d0 (0xbffd)
core   0: 0x00000000800000ce (0x00000505) c.addi  a0, 1
core   0: 0 0x00000000800000ce (0x0505) x10 0x00000000000003d4
core   0: 0x00000000800000d0 (0x0000bffd) c.j     pc - 2
core   0: 0 0x00000000800000d0 (0xbffd)
core   0: 0x00000000800000ce (0x00000505) c.addi  a0, 1
core   0: 0 0x00000000800000ce (0x0505) x10 0x00000000000003d5
core   0: 0x00000000800000d0 (0x0000bffd) c.j     pc - 2
core   0: 0 0x00000000800000d0 (0xbffd)
core   0: 0x00000000800000ce (0x00000505) c.addi  a0, 1
core   0: 0 0x00000000800000ce (0x0505) x10 0x00000000000003d6
core   0: 0x00000000800000d0 (0x0000bffd) c.j     pc - 2
core   0: 0 0x00000000800000d0 (0xbffd)
core   0: 0x00000000800000ce (0x00000505) c.addi  a0, 1
core   0: 0 0x00000000800000ce (0x0505) x10 0x00000000000003d7
core   0: 0x00000000800000d0 (0x0000bffd) c.j     pc - 2
core   0: 0 0x00000000800000d0 (0xbffd)
core   0: 0x00000000800000ce (0x00000505) c.addi  a0, 1
core   0: 0 0x00000000800000ce (0x0505) x10 0x00000000000003d8
core   0: 0x00000000800000d0 (0x0000bffd) c.j     pc - 2
core   0: 0 0x00000000800000d0 (0xbffd)
core   0: 0x00000000800000ce (0x00000505) c.addi  a0, 1
core   0: 0 0x00000000800000ce (0x0505) x10 0x00000000000003d9
core   0: 0x00000000800000d0 (0x0000bffd) c.j     pc - 2
core   0: 0 0x00000000800000d0 (0xbffd)
core   0: 0x00000000800000ce (0x00000505) c.addi  a0, 1
core   0: 0 0x00000000800000ce (0x0505) x10 0x00000000000003da
core   0: 0x00000000800000d0 (0x0000bffd) c.j     pc - 2
core   0: 0 0x00000000800000d0 (0xbffd)
core   0: 0x00000000800000ce (0x00000505) c.addi  a0, 1
core   0: 0 0x00000000800000ce (0x0505) x10 0x00000000000003db
core   0: 0x00000000800000d0 (0x0000bffd) c.j     pc - 2
core   0: 0 0x00000000800000d0 (0xbffd)
core   0: 0x00000000800000ce (0x00000505) c.addi  a0, 1
core   0: 0 0x00000000800000ce (0x0505) x10 0x00000000000003dc
core   0: 0x00000000800000d0 (0x0000bffd) c.j     pc - 2
core   0: 0 0x00000000800000d0 (0xbffd)
core   0: 0x00000000800000ce (0x00000505) c.addi  a0, 1
core   0: 0 0x00000000800000ce (0x0505) x10 0x00000000000003dd
core   0: 0x00000000800000d0 (0x0000bffd) c.j     pc - 2
core   0: 0 0x00000000800000d0 (0xbffd)
core   0: 0x00000000800000ce (0x00000505) c.addi  a0, 1
core   0: 0 0x00000000800000ce (0x0505) x10 0x00000000000003de
core   0: 0x00000000800000d0 (0x0000bffd) c.j     pc - 2
core   0: 0 0x00000000800000d0 (0xbffd)
core   0: 0x00000000800000ce (0x00000505) c.addi  a0, 1
core   0: 0 0x00000000800000ce (0x0505) x10 0x00000000000003df
core   0: 0x00000000800000d0 (0x0000bffd) c.j     pc - 2
core   0: 0 0x00000000800000d0 (0xbffd)
core   0: 0x00000000800000ce (0x00000505) c.addi  a0, 1
core   0: 0 0x00000000800000ce (0x0505) x10 0x00000000000003e0
core   0: 0x00000000800000d0 (0x0000bffd) c.j     pc - 2
core   0: 0 0x00000000800000d0 (0xbffd)
core   0: 0x00000000800000ce (0x00000505) c.addi  a0, 1
core   0: 0 0x00000000800000ce (0x0505) x10 0x00000000000003e1
core   0: 0x00000000800000d0 (0x0000bffd) c.j     pc - 2
core   0: 0 0x00000000800000d0 (0xbffd)
core   0: 0x00000000800000ce (0x00000505) c.addi  a0, 1
core   0: 0 0x00000000800000ce (0x0505) x10 0x00000000000003e2
core   0: 0x00000000800000d0 (0x0000bffd) c.j     pc - 2
core   0: 0 0x00000000800000d0 (0xbffd)
core   0: 0x00000000800000ce (0x00000505) c.addi  a0, 1
core   0: 0 0x00000000800000ce (0x0505) x10 0x00000000000003e3
core   0: 0x00000000800000d0 (0x0000bffd) c.j     pc - 2
core   0: 0 0x00000000800000d0 (0xbffd)
core   0: 0x00000000800000ce (0x00000505) c.addi  a0, 1
core   0: 0 0x00000000800000ce (0x0505) x10 0x00000000000003e4
core   0: 0x00000000800000d0 (0x0000bffd) c.j     pc - 2
core   0: 0 0x00000000800000d0 (0xbffd)
core   0: 0x00000000800000ce (0x00000505) c.addi  a0, 1
core   0: 0 0x00000000800000ce (0x0505) x10 0x00000000000003e5
core   0: 0x00000000800000d0 (0x0000bffd) c.j     pc - 2
core   0: 0 0x00000000800000d0 (0xbffd)
core   0: 0x00000000800000ce (0x00000505) c.addi  a0, 1
core   0: 0 0x00000000800000ce (0x0505) x10 0x00000000000003e6
core   0: 0x00000000800000d0 (0x0000bffd) c.j     pc - 2
core   0: 0 0x00000000800000d0 (0xbffd)
core   0: 0x00000000800000ce (0x00000505) c.addi  a0, 1
core   0: 0 0x00000000800000ce (0x0505) x10 0x00000000000003e7
core   0: 0x00000000800000d0 (0x0000bffd) c.j     pc - 2
core   0: 0 0x00000000800000d0 (0xbffd)
core   0: 0x00000000800000ce (0x00000505) c.addi  a0, 1
core   0: 0 0x00000000800000ce (0x0505) x10 0x00000000000003e8
core   0: 0x00000000800000d0 (0x0000bffd) c.j     pc - 2
core   0: 0 0x00000000800000d0 (0xbffd)
core   0: 0x00000000800000ce (0x00000505) c.addi  a0, 1
core   0: 0 0x00000000800000ce (0x0505) x10 0x00000000000003e9
core   0: 0x00000000800000d0 (0x0000bffd) c.j     pc - 2
core   0: 0 0x00000000800000d0 (0xbffd)
core   0: 0x00000000800000ce (0x00000505) c.addi  a0, 1
core   0: 0 0x00000000800000ce (0x0505) x10 0x00000000000003ea
core   0: 0x00000000800000d0 (0x0000bffd) c.j     pc - 2
core   0: 0 0x00000000800000d0 (0xbffd)
core   0: 0x00000000800000ce (0x00000505) c.addi  a0, 1
core   0: 0 0x00000000800000ce (0x0505) x10 0x00000000000003eb
core   0: 0x00000000800000d0 (0x0000bffd) c.j     pc - 2
core   0: 0 0x00000000800000d0 (0xbffd)
core   0: 0x00000000800000ce (0x00000505) c.addi  a0, 1
core   0: 0 0x00000000800000ce (0x0505) x10 0x00000000000003ec
core   0: 0x00000000800000d0 (0x0000bffd) c.j     pc - 2
core   0: 0 0x00000000800000d0 (0xbffd)
core   0: 0x00000000800000ce (0x00000505) c.addi  a0, 1
core   0: 0 0x00000000800000ce (0x0505) x10 0x00000000000003ed
core   0: 0x00000000800000d0 (0x0000bffd) c.j     pc - 2
core   0: 0 0x00000000800000d0 (0xbffd)
core   0: 0x00000000800000ce (0x00000505) c.addi  a0, 1
core   0: 0 0x00000000800000ce (0x0505) x10 0x00000000000003ee
core   0: 0x00000000800000d0 (0x0000bffd) c.j     pc - 2
core   0: 0 0x00000000800000d0 (0xbffd)
core   0: 0x00000000800000ce (0x00000505) c.addi  a0, 1
core   0: 0 0x00000000800000ce (0x0505) x10 0x00000000000003ef
core   0: 0x00000000800000d0 (0x0000bffd) c.j     pc - 2
core   0: 0 0x00000000800000d0 (0xbffd)
core   0: 0x00000000800000ce (0x00000505) c.addi  a0, 1
core   0: 0 0x00000000800000ce (0x0505) x10 0x00000000000003f0
core   0: 0x00000000800000d0 (0x0000bffd) c.j     pc - 2
core   0: 0 0x00000000800000d0 (0xbffd)
core   0: 0x00000000800000ce (0x00000505) c.addi  a0, 1
core   0: 0 0x00000000800000ce (0x0505) x10 0x00000000000003f1
core   0: 0x00000000800000d0 (0x0000bffd) c.j     pc - 2
core   0: 0 0x00000000800000d0 (0xbffd)
core   0: 0x00000000800000ce (0x00000505) c.addi  a0, 1
core   0: 0 0x00000000800000ce (0x0505) x10 0x00000000000003f2
core   0: 0x00000000800000d0 (0x0000bffd) c.j     pc - 2
core   0: 0 0x00000000800000d0 (0xbffd)
core   0: 0x00000000800000ce (0x00000505) c.addi  a0, 1
core   0: 0 0x00000000800000ce (0x0505) x10 0x00000000000003f3
core   0: 0x00000000800000d0 (0x0000bffd) c.j     pc - 2
core   0: 0 0x00000000800000d0 (0xbffd)
core   0: 0x00000000800000ce (0x00000505) c.addi  a0, 1
core   0: 0 0x00000000800000ce (0x0505) x10 0x00000000000003f4
core   0: 0x00000000800000d0 (0x0000bffd) c.j     pc - 2
core   0: 0 0x00000000800000d0 (0xbffd)
core   0: 0x00000000800000ce (0x00000505) c.addi  a0, 1
core   0: 0 0x00000000800000ce (0x0505) x10 0x00000000000003f5
core   0: 0x00000000800000d0 (0x0000bffd) c.j     pc - 2
core   0: 0 0x00000000800000d0 (0xbffd)
core   0: 0x00000000800000ce (0x00000505) c.addi  a0, 1
core   0: 0 0x00000000800000ce (0x0505) x10 0x00000000000003f6
core   0: 0x00000000800000d0 (0x0000bffd) c.j     pc - 2
core   0: 0 0x00000000800000d0 (0xbffd)
core   0: 0x00000000800000ce (0x00000505) c.addi  a0, 1
core   0: 0 0x00000000800000ce (0x0505) x10 0x00000000000003f7
core   0: 0x00000000800000d0 (0x0000bffd) c.j     pc - 2
core   0: 0 0x00000000800000d0 (0xbffd)
core   0: 0x00000000800000ce (0x00000505) c.addi  a0, 1
core   0: 0 0x00000000800000ce (0x0505) x10 0x00000000000003f8
core   0: 0x00000000800000d0 (0x0000bffd) c.j     pc - 2
core   0: 0 0x00000000800000d0 (0xbffd)
core   0: 0x00000000800000ce (0x00000505) c.addi  a0, 1
core   0: 0 0x00000000800000ce (0x0505) x10 0x00000000000003f9
core   0: 0x00000000800000d0 (0x0000bffd) c.j     pc - 2
core   0: 0 0x00000000800000d0 (0xbffd)
core   0: 0x00000000800000ce (0x00000505) c.addi  a0, 1
core   0: 0 0x00000000800000ce (0x0505) x10 0x00000000000003fa
core   0: 0x00000000800000d0 (0x0000bffd) c.j     pc - 2
core   0: 0 0x00000000800000d0 (0xbffd)
core   0: 0x00000000800000ce (0x00000505) c.addi  a0, 1
core   0: 0 0x00000000800000ce (0x0505) x10 0x00000000000003fb
core   0: 0x00000000800000d0 (0x0000bffd) c.j     pc - 2
core   0: 0 0x00000000800000d0 (0xbffd)
core   0: 0x00000000800000ce (0x00000505) c.addi  a0, 1
core   0: 0 0x00000000800000ce (0x0505) x10 0x00000000000003fc
core   0: 0x00000000800000d0 (0x0000bffd) c.j     pc - 2
core   0: 0 0x00000000800000d0 (0xbffd)
core   0: 0x00000000800000ce (0x00000505) c.addi  a0, 1
core   0: 0 0x00000000800000ce (0x0505) x10 0x00000000000003fd
core   0: 0x00000000800000d0 (0x0000bffd) c.j     pc - 2
core   0: 0 0x00000000800000d0 (0xbffd)
core   0: 0x00000000800000ce (0x00000505) c.addi  a0, 1
core   0: 0 0x00000000800000ce (0x0505) x10 0x00000000000003fe
core   0: 0x00000000800000d0 (0x0000bffd) c.j     pc - 2
core   0: 0 0x00000000800000d0 (0xbffd)
core   0: 0x00000000800000ce (0x00000505) c.addi  a0, 1
core   0: 0 0x00000000800000ce (0x0505) x10 0x00000000000003ff
core   0: 0x00000000800000d0 (0x0000bffd) c.j     pc - 2
core   0: 0 0x00000000800000d0 (0xbffd)
core   0: 0x00000000800000ce (0x00000505) c.addi  a0, 1
core   0: 0 0x00000000800000ce (0x0505) x10 0x0000000000000400
core   0: 0x00000000800000d0 (0x0000bffd) c.j     pc - 2
core   0: 0 0x00000000800000d0 (0xbffd)
core   0: 0x00000000800000ce (0x00000505) c.addi  a0, 1
core   0: 0 0x00000000800000ce (0x0505) x10 0x0000000000000401
core   0: 0x00000000800000d0 (0x0000bffd) c.j     pc - 2
core   0: 0 0x00000000800000d0 (0xbffd)
core   0: 0x00000000800000ce (0x00000505) c.addi  a0, 1
core   0: 0 0x00000000800000ce (0x0505) x10 0x0000000000000402
core   0: 0x00000000800000d0 (0x0000bffd) c.j     pc - 2
core   0: 0 0x00000000800000d0 (0xbffd)
core   0: 0x00000000800000ce (0x00000505) c.addi  a0, 1
core   0: 0 0x00000000800000ce (0x0505) x10 0x0000000000000403
core   0: 0x00000000800000d0 (0x0000bffd) c.j     pc - 2
core   0: 0 0x00000000800000d0 (0xbffd)
core   0: 0x00000000800000ce (0x00000505) c.addi  a0, 1
core   0: 0 0x00000000800000ce (0x0505) x10 0x0000000000000404
core   0: 0x00000000800000d0 (0x0000bffd) c.j     pc - 2
core   0: 0 0x00000000800000d0 (0xbffd)
core   0: 0x00000000800000ce (0x00000505) c.addi  a0, 1
core   0: 0 0x00000000800000ce (0x0505) x10 0x0000000000000405
core   0: 0x00000000800000d0 (0x0000bffd) c.j     pc - 2
core   0: 0 0x00000000800000d0 (0xbffd)
core   0: 0x00000000800000ce (0x00000505) c.addi  a0, 1
core   0: 0 0x00000000800000ce (0x0505) x10 0x0000000000000406
core   0: 0x00000000800000d0 (0x0000bffd) c.j     pc - 2
core   0: 0 0x00000000800000d0 (0xbffd)
core   0: 0x00000000800000ce (0x00000505) c.addi  a0, 1
core   0: 0 0x00000000800000ce (0x0505) x10 0x0000000000000407
core   0: 0x00000000800000d0 (0x0000bffd) c.j     pc - 2
core   0: 0 0x00000000800000d0 (0xbffd)
core   0: 0x00000000800000ce (0x00000505) c.addi  a0, 1
core   0: 0 0x00000000800000ce (0x0505) x10 0x0000000000000408
core   0: 0x00000000800000d0 (0x0000bffd) c.j     pc - 2
core   0: 0 0x00000000800000d0 (0xbffd)
core   0: 0x00000000800000ce (0x00000505) c.addi  a0, 1
core   0: 0 0x00000000800000ce (0x0505) x10 0x0000000000000409
core   0: 0x00000000800000d0 (0x0000bffd) c.j     pc - 2
core   0: 0 0x00000000800000d0 (0xbffd)
core   0: 0x00000000800000ce (0x00000505) c.addi  a0, 1
core   0: 0 0x00000000800000ce (0x0505) x10 0x000000000000040a
core   0: 0x00000000800000d0 (0x0000bffd) c.j     pc - 2
core   0: 0 0x00000000800000d0 (0xbffd)
core   0: 0x00000000800000ce (0x00000505) c.addi  a0, 1
core   0: 0 0x00000000800000ce (0x0505) x10 0x000000000000040b
core   0: 0x00000000800000d0 (0x0000bffd) c.j     pc - 2
core   0: 0 0x00000000800000d0 (0xbffd)
core   0: 0x00000000800000ce (0x00000505) c.addi  a0, 1
core   0: 0 0x00000000800000ce (0x0505) x10 0x000000000000040c
core   0: 0x00000000800000d0 (0x0000bffd) c.j     pc - 2
core   0: 0 0x00000000800000d0 (0xbffd)
core   0: 0x00000000800000ce (0x00000505) c.addi  a0, 1
core   0: 0 0x00000000800000ce (0x0505) x10 0x000000000000040d
core   0: 0x00000000800000d0 (0x0000bffd) c.j     pc - 2
core   0: 0 0x00000000800000d0 (0xbffd)
core   0: 0x00000000800000ce (0x00000505) c.addi  a0, 1
core   0: 0 0x00000000800000ce (0x0505) x10 0x000000000000040e
core   0: 0x00000000800000d0 (0x0000bffd) c.j     pc - 2
core   0: 0 0x00000000800000d0 (0xbffd)
core   0: 0x00000000800000ce (0x00000505) c.addi  a0, 1
core   0: 0 0x00000000800000ce (0x0505) x10 0x000000000000040f
core   0: 0x00000000800000d0 (0x0000bffd) c.j     pc - 2
core   0: 0 0x00000000800000d0 (0xbffd)
core   0: 0x00000000800000ce (0x00000505) c.addi  a0, 1
core   0: 0 0x00000000800000ce (0x0505) x10 0x0000000000000410
core   0: 0x00000000800000d0 (0x0000bffd) c.j     pc - 2
core   0: 0 0x00000000800000d0 (0xbffd)
core   0: 0x00000000800000ce (0x00000505) c.addi  a0, 1
core   0: 0 0x00000000800000ce (0x0505) x10 0x0000000000000411
core   0: 0x00000000800000d0 (0x0000bffd) c.j     pc - 2
core   0: 0 0x00000000800000d0 (0xbffd)
core   0: 0x00000000800000ce (0x00000505) c.addi  a0, 1
core   0: 0 0x00000000800000ce (0x0505) x10 0x0000000000000412
core   0: 0x00000000800000d0 (0x0000bffd) c.j     pc - 2
core   0: 0 0x00000000800000d0 (0xbffd)
core   0: 0x00000000800000ce (0x00000505) c.addi  a0, 1
core   0: 0 0x00000000800000ce (0x0505) x10 0x0000000000000413
core   0: 0x00000000800000d0 (0x0000bffd) c.j     pc - 2
core   0: 0 0x00000000800000d0 (0xbffd)
core   0: 0x00000000800000ce (0x00000505) c.addi  a0, 1
core   0: 0 0x00000000800000ce (0x0505) x10 0x0000000000000414
core   0: 0x00000000800000d0 (0x0000bffd) c.j     pc - 2
core   0: 0 0x00000000800000d0 (0xbffd)
core   0: 0x00000000800000ce (0x00000505) c.addi  a0, 1
core   0: 0 0x00000000800000ce (0x0505) x10 0x0000000000000415
core   0: 0x00000000800000d0 (0x0000bffd) c.j     pc - 2
core   0: 0 0x00000000800000d0 (0xbffd)
core   0: 0x00000000800000ce (0x00000505) c.addi  a0, 1
core   0: 0 0x00000000800000ce (0x0505) x10 0x0000000000000416
core   0: 0x00000000800000d0 (0x0000bffd) c.j     pc - 2
core   0: 0 0x00000000800000d0 (0xbffd)
core   0: 0x00000000800000ce (0x00000505) c.addi  a0, 1
core   0: 0 0x00000000800000ce (0x0505) x10 0x0000000000000417
core   0: 0x00000000800000d0 (0x0000bffd) c.j     pc - 2
core   0: 0 0x00000000800000d0 (0xbffd)
core   0: 0x00000000800000ce (0x00000505) c.addi  a0, 1
core   0: 0 0x00000000800000ce (0x0505) x10 0x0000000000000418
core   0: 0x00000000800000d0 (0x0000bffd) c.j     pc - 2
core   0: 0 0x00000000800000d0 (0xbffd)
core   0: 0x00000000800000ce (0x00000505) c.addi  a0, 1
core   0: 0 0x00000000800000ce (0x0505) x10 0x0000000000000419
core   0: 0x00000000800000d0 (0x0000bffd) c.j     pc - 2
core   0: 0 0x00000000800000d0 (0xbffd)
core   0: 0x00000000800000ce (0x00000505) c.addi  a0, 1
core   0: 0 0x00000000800000ce (0x0505) x10 0x000000000000041a
core   0: 0x00000000800000d0 (0x0000bffd) c.j     pc - 2
core   0: 0 0x00000000800000d0 (0xbffd)
core   0: 0x00000000800000ce (0x00000505) c.addi  a0, 1
core   0: 0 0x00000000800000ce (0x0505) x10 0x000000000000041b
core   0: 0x00000000800000d0 (0x0000bffd) c.j     pc - 2
core   0: 0 0x00000000800000d0 (0xbffd)
core   0: 0x00000000800000ce (0x00000505) c.addi  a0, 1
core   0: 0 0x00000000800000ce (0x0505) x10 0x000000000000041c
core   0: 0x00000000800000d0 (0x0000bffd) c.j     pc - 2
core   0: 0 0x00000000800000d0 (0xbffd)
core   0: 0x00000000800000ce (0x00000505) c.addi  a0, 1
core   0: 0 0x00000000800000ce (0x0505) x10 0x000000000000041d
core   0: 0x00000000800000d0 (0x0000bffd) c.j     pc - 2
core   0: 0 0x00000000800000d0 (0xbffd)
core   0: 0x00000000800000ce (0x00000505) c.addi  a0, 1
core   0: 0 0x00000000800000ce (0x0505) x10 0x000000000000041e
core   0: 0x00000000800000d0 (0x0000bffd) c.j     pc - 2
core   0: 0 0x00000000800000d0 (0xbffd)
core   0: 0x00000000800000ce (0x00000505) c.addi  a0, 1
core   0: 0 0x00000000800000ce (0x0505) x10 0x000000000000041f
core   0: 0x00000000800000d0 (0x0000bffd) c.j     pc - 2
core   0: 0 0x00000000800000d0 (0xbffd)
core   0: 0x00000000800000ce (0x00000505) c.addi  a0, 1
core   0: 0 0x00000000800000ce (0x0505) x10 0x0000000000000420
core   0: 0x00000000800000d0 (0x0000bffd) c.j     pc - 2
core   0: 0 0x00000000800000d0 (0xbffd)
core   0: 0x00000000800000ce (0x00000505) c.addi  a0, 1
core   0: 0 0x00000000800000ce (0x0505) x10 0x0000000000000421
core   0: 0x00000000800000d0 (0x0000bffd) c.j     pc - 2
core   0: 0 0x00000000800000d0 (0xbffd)
core   0: 0x00000000800000ce (0x00000505) c.addi  a0, 1
core   0: 0 0x00000000800000ce (0x0505) x10 0x0000000000000422
core   0: 0x00000000800000d0 (0x0000bffd) c.j     pc - 2
core   0: 0 0x00000000800000d0 (0xbffd)
core   0: 0x00000000800000ce (0x00000505) c.addi  a0, 1
core   0: 0 0x00000000800000ce (0x0505) x10 0x0000000000000423
core   0: 0x00000000800000d0 (0x0000bffd) c.j     pc - 2
core   0: 0 0x00000000800000d0 (0xbffd)
core   0: 0x00000000800000ce (0x00000505) c.addi  a0, 1
core   0: 0 0x00000000800000ce (0x0505) x10 0x0000000000000424
core   0: 0x00000000800000d0 (0x0000bffd) c.j     pc - 2
core   0: 0 0x00000000800000d0 (0xbffd)
core   0: 0x00000000800000ce (0x00000505) c.addi  a0, 1
core   0: 0 0x00000000800000ce (0x0505) x10 0x0000000000000425
core   0: 0x00000000800000d0 (0x0000bffd) c.j     pc - 2
core   0: 0 0x00000000800000d0 (0xbffd)
core   0: 0x00000000800000ce (0x00000505) c.addi  a0, 1
core   0: 0 0x00000000800000ce (0x0505) x10 0x0000000000000426
core   0: 0x00000000800000d0 (0x0000bffd) c.j     pc - 2
core   0: 0 0x00000000800000d0 (0xbffd)
core   0: 0x00000000800000ce (0x00000505) c.addi  a0, 1
core   0: 0 0x00000000800000ce (0x0505) x10 0x0000000000000427
core   0: 0x00000000800000d0 (0x0000bffd) c.j     pc - 2
core   0: 0 0x00000000800000d0 (0xbffd)
core   0: 0x00000000800000ce (0x00000505) c.addi  a0, 1
core   0: 0 0x00000000800000ce (0x0505) x10 0x0000000000000428
core   0: 0x00000000800000d0 (0x0000bffd) c.j     pc - 2
core   0: 0 0x00000000800000d0 (0xbffd)
core   0: 0x00000000800000ce (0x00000505) c.addi  a0, 1
core   0: 0 0x00000000800000ce (0x0505) x10 0x0000000000000429
core   0: 0x00000000800000d0 (0x0000bffd) c.j     pc - 2
core   0: 0 0x00000000800000d0 (0xbffd)
core   0: 0x00000000800000ce (0x00000505) c.addi  a0, 1
core   0: 0 0x00000000800000ce (0x0505) x10 0x000000000000042a
core   0: 0x00000000800000d0 (0x0000bffd) c.j     pc - 2
core   0: 0 0x00000000800000d0 (0xbffd)
core   0: 0x00000000800000ce (0x00000505) c.addi  a0, 1
core   0: 0 0x00000000800000ce (0x0505) x10 0x000000000000042b
core   0: 0x00000000800000d0 (0x0000bffd) c.j     pc - 2
core   0: 0 0x00000000800000d0 (0xbffd)
core   0: 0x00000000800000ce (0x00000505) c.addi  a0, 1
core   0: 0 0x00000000800000ce (0x0505) x10 0x000000000000042c
core   0: 0x00000000800000d0 (0x0000bffd) c.j     pc - 2
core   0: 0 0x00000000800000d0 (0xbffd)
core   0: 0x00000000800000ce (0x00000505) c.addi  a0, 1
core   0: 0 0x00000000800000ce (0x0505) x10 0x000000000000042d
core   0: 0x00000000800000d0 (0x0000bffd) c.j     pc - 2
core   0: 0 0x00000000800000d0 (0xbffd)
core   0: 0x00000000800000ce (0x00000505) c.addi  a0, 1
core   0: 0 0x00000000800000ce (0x0505) x10 0x000000000000042e
core   0: 0x00000000800000d0 (0x0000bffd) c.j     pc - 2
core   0: 0 0x00000000800000d0 (0xbffd)
core   0: 0x00000000800000ce (0x00000505) c.addi  a0, 1
core   0: 0 0x00000000800000ce (0x0505) x10 0x000000000000042f
core   0: 0x00000000800000d0 (0x0000bffd) c.j     pc - 2
core   0: 0 0x00000000800000d0 (0xbffd)
core   0: 0x00000000800000ce (0x00000505) c.addi  a0, 1
core   0: 0 0x00000000800000ce (0x0505) x10 0x0000000000000430
core   0: 0x00000000800000d0 (0x0000bffd) c.j     pc - 2
core   0: 0 0x00000000800000d0 (0xbffd)
core   0: 0x00000000800000ce (0x00000505) c.addi  a0, 1
core   0: 0 0x00000000800000ce (0x0505) x10 0x0000000000000431
core   0: 0x00000000800000d0 (0x0000bffd) c.j     pc - 2
core   0: 0 0x00000000800000d0 (0xbffd)
core   0: 0x00000000800000ce (0x00000505) c.addi  a0, 1
core   0: 0 0x00000000800000ce (0x0505) x10 0x0000000000000432
core   0: 0x00000000800000d0 (0x0000bffd) c.j     pc - 2
core   0: 0 0x00000000800000d0 (0xbffd)
core   0: 0x00000000800000ce (0x00000505) c.addi  a0, 1
core   0: 0 0x00000000800000ce (0x0505) x10 0x0000000000000433
core   0: 0x00000000800000d0 (0x0000bffd) c.j     pc - 2
core   0: 0 0x00000000800000d0 (0xbffd)
core   0: 0x00000000800000ce (0x00000505) c.addi  a0, 1
core   0: 0 0x00000000800000ce (0x0505) x10 0x0000000000000434
core   0: 0x00000000800000d0 (0x0000bffd) c.j     pc - 2
core   0: 0 0x00000000800000d0 (0xbffd)
core   0: 0x00000000800000ce (0x00000505) c.addi  a0, 1
core   0: 0 0x00000000800000ce (0x0505) x10 0x0000000000000435
core   0: 0x00000000800000d0 (0x0000bffd) c.j     pc - 2
core   0: 0 0x00000000800000d0 (0xbffd)
core   0: 0x00000000800000ce (0x00000505) c.addi  a0, 1
core   0: 0 0x00000000800000ce (0x0505) x10 0x0000000000000436
core   0: 0x00000000800000d0 (0x0000bffd) c.j     pc - 2
core   0: 0 0x00000000800000d0 (0xbffd)
core   0: 0x00000000800000ce (0x00000505) c.addi  a0, 1
core   0: 0 0x00000000800000ce (0x0505) x10 0x0000000000000437
core   0: 0x00000000800000d0 (0x0000bffd) c.j     pc - 2
core   0: 0 0x00000000800000d0 (0xbffd)
core   0: 0x00000000800000ce (0x00000505) c.addi  a0, 1
core   0: 0 0x00000000800000ce (0x0505) x10 0x0000000000000438
core   0: 0x00000000800000d0 (0x0000bffd) c.j     pc - 2
core   0: 0 0x00000000800000d0 (0xbffd)
core   0: 0x00000000800000ce (0x00000505) c.addi  a0, 1
core   0: 0 0x00000000800000ce (0x0505) x10 0x0000000000000439
core   0: 0x00000000800000d0 (0x0000bffd) c.j     pc - 2
core   0: 0 0x00000000800000d0 (0xbffd)
core   0: 0x00000000800000ce (0x00000505) c.addi  a0, 1
core   0: 0 0x00000000800000ce (0x0505) x10 0x000000000000043a
core   0: 0x00000000800000d0 (0x0000bffd) c.j     pc - 2
core   0: 0 0x00000000800000d0 (0xbffd)
core   0: 0x00000000800000ce (0x00000505) c.addi  a0, 1
core   0: 0 0x00000000800000ce (0x0505) x10 0x000000000000043b
core   0: 0x00000000800000d0 (0x0000bffd) c.j     pc - 2
core   0: 0 0x00000000800000d0 (0xbffd)
core   0: 0x00000000800000ce (0x00000505) c.addi  a0, 1
core   0: 0 0x00000000800000ce (0x0505) x10 0x000000000000043c
core   0: 0x00000000800000d0 (0x0000bffd) c.j     pc - 2
core   0: 0 0x00000000800000d0 (0xbffd)
core   0: 0x00000000800000ce (0x00000505) c.addi  a0, 1
core   0: 0 0x00000000800000ce (0x0505) x10 0x000000000000043d
core   0: 0x00000000800000d0 (0x0000bffd) c.j     pc - 2
core   0: 0 0x00000000800000d0 (0xbffd)
core   0: 0x00000000800000ce (0x00000505) c.addi  a0, 1
core   0: 0 0x00000000800000ce (0x0505) x10 0x000000000000043e
core   0: 0x00000000800000d0 (0x0000bffd) c.j     pc - 2
core   0: 0 0x00000000800000d0 (0xbffd)
core   0: 0x00000000800000ce (0x00000505) c.addi  a0, 1
core   0: 0 0x00000000800000ce (0x0505) x10 0x000000000000043f
core   0: 0x00000000800000d0 (0x0000bffd) c.j     pc - 2
core   0: 0 0x00000000800000d0 (0xbffd)
core   0: 0x00000000800000ce (0x00000505) c.addi  a0, 1
core   0: 0 0x00000000800000ce (0x0505) x10 0x0000000000000440
core   0: 0x00000000800000d0 (0x0000bffd) c.j     pc - 2
core   0: 0 0x00000000800000d0 (0xbffd)
core   0: 0x00000000800000ce (0x00000505) c.addi  a0, 1
core   0: 0 0x00000000800000ce (0x0505) x10 0x0000000000000441
core   0: 0x00000000800000d0 (0x0000bffd) c.j     pc - 2
core   0: 0 0x00000000800000d0 (0xbffd)
core   0: 0x00000000800000ce (0x00000505) c.addi  a0, 1
core   0: 0 0x00000000800000ce (0x0505) x10 0x0000000000000442
core   0: 0x00000000800000d0 (0x0000bffd) c.j     pc - 2
core   0: 0 0x00000000800000d0 (0xbffd)
core   0: 0x00000000800000ce (0x00000505) c.addi  a0, 1
core   0: 0 0x00000000800000ce (0x0505) x10 0x0000000000000443
core   0: 0x00000000800000d0 (0x0000bffd) c.j     pc - 2
core   0: 0 0x00000000800000d0 (0xbffd)
core   0: 0x00000000800000ce (0x00000505) c.addi  a0, 1
core   0: 0 0x00000000800000ce (0x0505) x10 0x0000000000000444
core   0: 0x00000000800000d0 (0x0000bffd) c.j     pc - 2
core   0: 0 0x00000000800000d0 (0xbffd)
core   0: 0x00000000800000ce (0x00000505) c.addi  a0, 1
core   0: 0 0x00000000800000ce (0x0505) x10 0x0000000000000445
core   0: 0x00000000800000d0 (0x0000bffd) c.j     pc - 2
core   0: 0 0x00000000800000d0 (0xbffd)
core   0: 0x00000000800000ce (0x00000505) c.addi  a0, 1
core   0: 0 0x00000000800000ce (0x0505) x10 0x0000000000000446
core   0: 0x00000000800000d0 (0x0000bffd) c.j     pc - 2
core   0: 0 0x00000000800000d0 (0xbffd)
core   0: 0x00000000800000ce (0x00000505) c.addi  a0, 1
core   0: 0 0x00000000800000ce (0x0505) x10 0x0000000000000447
core   0: 0x00000000800000d0 (0x0000bffd) c.j     pc - 2
core   0: 0 0x00000000800000d0 (0xbffd)
core   0: 0x00000000800000ce (0x00000505) c.addi  a0, 1
core   0: 0 0x00000000800000ce (0x0505) x10 0x0000000000000448
core   0: 0x00000000800000d0 (0x0000bffd) c.j     pc - 2
core   0: 0 0x00000000800000d0 (0xbffd)
core   0: 0x00000000800000ce (0x00000505) c.addi  a0, 1
core   0: 0 0x00000000800000ce (0x0505) x10 0x0000000000000449
core   0: 0x00000000800000d0 (0x0000bffd) c.j     pc - 2
core   0: 0 0x00000000800000d0 (0xbffd)
core   0: 0x00000000800000ce (0x00000505) c.addi  a0, 1
core   0: 0 0x00000000800000ce (0x0505) x10 0x000000000000044a
core   0: 0x00000000800000d0 (0x0000bffd) c.j     pc - 2
core   0: 0 0x00000000800000d0 (0xbffd)
core   0: 0x00000000800000ce (0x00000505) c.addi  a0, 1
core   0: 0 0x00000000800000ce (0x0505) x10 0x000000000000044b
core   0: 0x00000000800000d0 (0x0000bffd) c.j     pc - 2
core   0: 0 0x00000000800000d0 (0xbffd)
core   0: 0x00000000800000ce (0x00000505) c.addi  a0, 1
core   0: 0 0x00000000800000ce (0x0505) x10 0x000000000000044c
core   0: 0x00000000800000d0 (0x0000bffd) c.j     pc - 2
core   0: 0 0x00000000800000d0 (0xbffd)
core   0: 0x00000000800000ce (0x00000505) c.addi  a0, 1
core   0: 0 0x00000000800000ce (0x0505) x10 0x000000000000044d
core   0: 0x00000000800000d0 (0x0000bffd) c.j     pc - 2
core   0: 0 0x00000000800000d0 (0xbffd)
core   0: 0x00000000800000ce (0x00000505) c.addi  a0, 1
core   0: 0 0x00000000800000ce (0x0505) x10 0x000000000000044e
core   0: 0x00000000800000d0 (0x0000bffd) c.j     pc - 2
core   0: 0 0x00000000800000d0 (0xbffd)
core   0: 0x00000000800000ce (0x00000505) c.addi  a0, 1
core   0: 0 0x00000000800000ce (0x0505) x10 0x000000000000044f
core   0: 0x00000000800000d0 (0x0000bffd) c.j     pc - 2
core   0: 0 0x00000000800000d0 (0xbffd)
core   0: 0x00000000800000ce (0x00000505) c.addi  a0, 1
core   0: 0 0x00000000800000ce (0x0505) x10 0x0000000000000450
core   0: 0x00000000800000d0 (0x0000bffd) c.j     pc - 2
core   0: 0 0x00000000800000d0 (0xbffd)
core   0: 0x00000000800000ce (0x00000505) c.addi  a0, 1
core   0: 0 0x00000000800000ce (0x0505) x10 0x0000000000000451
core   0: 0x00000000800000d0 (0x0000bffd) c.j     pc - 2
core   0: 0 0x00000000800000d0 (0xbffd)
core   0: 0x00000000800000ce (0x00000505) c.addi  a0, 1
core   0: 0 0x00000000800000ce (0x0505) x10 0x0000000000000452
core   0: 0x00000000800000d0 (0x0000bffd) c.j     pc - 2
core   0: 0 0x00000000800000d0 (0xbffd)
core   0: 0x00000000800000ce (0x00000505) c.addi  a0, 1
core   0: 0 0x00000000800000ce (0x0505) x10 0x0000000000000453
core   0: 0x00000000800000d0 (0x0000bffd) c.j     pc - 2
core   0: 0 0x00000000800000d0 (0xbffd)
core   0: 0x00000000800000ce (0x00000505) c.addi  a0, 1
core   0: 0 0x00000000800000ce (0x0505) x10 0x0000000000000454
core   0: 0x00000000800000d0 (0x0000bffd) c.j     pc - 2
core   0: 0 0x00000000800000d0 (0xbffd)
core   0: 0x00000000800000ce (0x00000505) c.addi  a0, 1
core   0: 0 0x00000000800000ce (0x0505) x10 0x0000000000000455
core   0: 0x00000000800000d0 (0x0000bffd) c.j     pc - 2
core   0: 0 0x00000000800000d0 (0xbffd)
core   0: 0x00000000800000ce (0x00000505) c.addi  a0, 1
core   0: 0 0x00000000800000ce (0x0505) x10 0x0000000000000456
core   0: 0x00000000800000d0 (0x0000bffd) c.j     pc - 2
core   0: 0 0x00000000800000d0 (0xbffd)
core   0: 0x00000000800000ce (0x00000505) c.addi  a0, 1
core   0: 0 0x00000000800000ce (0x0505) x10 0x0000000000000457
core   0: 0x00000000800000d0 (0x0000bffd) c.j     pc - 2
core   0: 0 0x00000000800000d0 (0xbffd)
core   0: 0x00000000800000ce (0x00000505) c.addi  a0, 1
core   0: 0 0x00000000800000ce (0x0505) x10 0x0000000000000458
core   0: 0x00000000800000d0 (0x0000bffd) c.j     pc - 2
core   0: 0 0x00000000800000d0 (0xbffd)
core   0: 0x00000000800000ce (0x00000505) c.addi  a0, 1
core   0: 0 0x00000000800000ce (0x0505) x10 0x0000000000000459
core   0: 0x00000000800000d0 (0x0000bffd) c.j     pc - 2
core   0: 0 0x00000000800000d0 (0xbffd)
core   0: 0x00000000800000ce (0x00000505) c.addi  a0, 1
core   0: 0 0x00000000800000ce (0x0505) x10 0x000000000000045a
core   0: 0x00000000800000d0 (0x0000bffd) c.j     pc - 2
core   0: 0 0x00000000800000d0 (0xbffd)
core   0: 0x00000000800000ce (0x00000505) c.addi  a0, 1
core   0: 0 0x00000000800000ce (0x0505) x10 0x000000000000045b
core   0: 0x00000000800000d0 (0x0000bffd) c.j     pc - 2
core   0: 0 0x00000000800000d0 (0xbffd)
core   0: 0x00000000800000ce (0x00000505) c.addi  a0, 1
core   0: 0 0x00000000800000ce (0x0505) x10 0x000000000000045c
core   0: 0x00000000800000d0 (0x0000bffd) c.j     pc - 2
core   0: 0 0x00000000800000d0 (0xbffd)
core   0: 0x00000000800000ce (0x00000505) c.addi  a0, 1
core   0: 0 0x00000000800000ce (0x0505) x10 0x000000000000045d
core   0: 0x00000000800000d0 (0x0000bffd) c.j     pc - 2
core   0: 0 0x00000000800000d0 (0xbffd)
core   0: 0x00000000800000ce (0x00000505) c.addi  a0, 1
core   0: 0 0x00000000800000ce (0x0505) x10 0x000000000000045e
core   0: 0x00000000800000d0 (0x0000bffd) c.j     pc - 2
core   0: 0 0x00000000800000d0 (0xbffd)
core   0: 0x00000000800000ce (0x00000505) c.addi  a0, 1
core   0: 0 0x00000000800000ce (0x0505) x10 0x000000000000045f
core   0: 0x00000000800000d0 (0x0000bffd) c.j     pc - 2
core   0: 0 0x00000000800000d0 (0xbffd)
core   0: 0x00000000800000ce (0x00000505) c.addi  a0, 1
core   0: 0 0x00000000800000ce (0x0505) x10 0x0000000000000460
core   0: 0x00000000800000d0 (0x0000bffd) c.j     pc - 2
core   0: 0 0x00000000800000d0 (0xbffd)
core   0: 0x00000000800000ce (0x00000505) c.addi  a0, 1
core   0: 0 0x00000000800000ce (0x0505) x10 0x0000000000000461
core   0: 0x00000000800000d0 (0x0000bffd) c.j     pc - 2
core   0: 0 0x00000000800000d0 (0xbffd)
core   0: 0x00000000800000ce (0x00000505) c.addi  a0, 1
core   0: 0 0x00000000800000ce (0x0505) x10 0x0000000000000462
core   0: 0x00000000800000d0 (0x0000bffd) c.j     pc - 2
core   0: 0 0x00000000800000d0 (0xbffd)
core   0: 0x00000000800000ce (0x00000505) c.addi  a0, 1
core   0: 0 0x00000000800000ce (0x0505) x10 0x0000000000000463
core   0: 0x00000000800000d0 (0x0000bffd) c.j     pc - 2
core   0: 0 0x00000000800000d0 (0xbffd)
core   0: 0x00000000800000ce (0x00000505) c.addi  a0, 1
core   0: 0 0x00000000800000ce (0x0505) x10 0x0000000000000464
core   0: 0x00000000800000d0 (0x0000bffd) c.j     pc - 2
core   0: 0 0x00000000800000d0 (0xbffd)
core   0: 0x00000000800000ce (0x00000505) c.addi  a0, 1
core   0: 0 0x00000000800000ce (0x0505) x10 0x0000000000000465
core   0: 0x00000000800000d0 (0x0000bffd) c.j     pc - 2
core   0: 0 0x00000000800000d0 (0xbffd)
core   0: 0x00000000800000ce (0x00000505) c.addi  a0, 1
core   0: 0 0x00000000800000ce (0x0505) x10 0x0000000000000466
core   0: 0x00000000800000d0 (0x0000bffd) c.j     pc - 2
core   0: 0 0x00000000800000d0 (0xbffd)
core   0: 0x00000000800000ce (0x00000505) c.addi  a0, 1
core   0: 0 0x00000000800000ce (0x0505) x10 0x0000000000000467
core   0: 0x00000000800000d0 (0x0000bffd) c.j     pc - 2
core   0: 0 0x00000000800000d0 (0xbffd)
core   0: 0x00000000800000ce (0x00000505) c.addi  a0, 1
core   0: 0 0x00000000800000ce (0x0505) x10 0x0000000000000468
core   0: 0x00000000800000d0 (0x0000bffd) c.j     pc - 2
core   0: 0 0x00000000800000d0 (0xbffd)
core   0: 0x00000000800000ce (0x00000505) c.addi  a0, 1
core   0: 0 0x00000000800000ce (0x0505) x10 0x0000000000000469
core   0: 0x00000000800000d0 (0x0000bffd) c.j     pc - 2
core   0: 0 0x00000000800000d0 (0xbffd)
core   0: 0x00000000800000ce (0x00000505) c.addi  a0, 1
core   0: 0 0x00000000800000ce (0x0505) x10 0x000000000000046a
core   0: 0x00000000800000d0 (0x0000bffd) c.j     pc - 2
core   0: 0 0x00000000800000d0 (0xbffd)
core   0: 0x00000000800000ce (0x00000505) c.addi  a0, 1
core   0: 0 0x00000000800000ce (0x0505) x10 0x000000000000046b
core   0: 0x00000000800000d0 (0x0000bffd) c.j     pc - 2
core   0: 0 0x00000000800000d0 (0xbffd)
core   0: 0x00000000800000ce (0x00000505) c.addi  a0, 1
core   0: 0 0x00000000800000ce (0x0505) x10 0x000000000000046c
core   0: 0x00000000800000d0 (0x0000bffd) c.j     pc - 2
core   0: 0 0x00000000800000d0 (0xbffd)
core   0: 0x00000000800000ce (0x00000505) c.addi  a0, 1
core   0: 0 0x00000000800000ce (0x0505) x10 0x000000000000046d
core   0: 0x00000000800000d0 (0x0000bffd) c.j     pc - 2
core   0: 0 0x00000000800000d0 (0xbffd)
core   0: 0x00000000800000ce (0x00000505) c.addi  a0, 1
core   0: 0 0x00000000800000ce (0x0505) x10 0x000000000000046e
core   0: 0x00000000800000d0 (0x0000bffd) c.j     pc - 2
core   0: 0 0x00000000800000d0 (0xbffd)
core   0: 0x00000000800000ce (0x00000505) c.addi  a0, 1
core   0: 0 0x00000000800000ce (0x0505) x10 0x000000000000046f
core   0: 0x00000000800000d0 (0x0000bffd) c.j     pc - 2
core   0: 0 0x00000000800000d0 (0xbffd)
core   0: 0x00000000800000ce (0x00000505) c.addi  a0, 1
core   0: 0 0x00000000800000ce (0x0505) x10 0x0000000000000470
core   0: 0x00000000800000d0 (0x0000bffd) c.j     pc - 2
core   0: 0 0x00000000800000d0 (0xbffd)
core   0: 0x00000000800000ce (0x00000505) c.addi  a0, 1
core   0: 0 0x00000000800000ce (0x0505) x10 0x0000000000000471
core   0: 0x00000000800000d0 (0x0000bffd) c.j     pc - 2
core   0: 0 0x00000000800000d0 (0xbffd)
core   0: 0x00000000800000ce (0x00000505) c.addi  a0, 1
core   0: 0 0x00000000800000ce (0x0505) x10 0x0000000000000472
core   0: 0x00000000800000d0 (0x0000bffd) c.j     pc - 2
core   0: 0 0x00000000800000d0 (0xbffd)
core   0: 0x00000000800000ce (0x00000505) c.addi  a0, 1
core   0: 0 0x00000000800000ce (0x0505) x10 0x0000000000000473
core   0: 0x00000000800000d0 (0x0000bffd) c.j     pc - 2
core   0: 0 0x00000000800000d0 (0xbffd)
core   0: 0x00000000800000ce (0x00000505) c.addi  a0, 1
core   0: 0 0x00000000800000ce (0x0505) x10 0x0000000000000474
core   0: 0x00000000800000d0 (0x0000bffd) c.j     pc - 2
core   0: 0 0x00000000800000d0 (0xbffd)
core   0: 0x00000000800000ce (0x00000505) c.addi  a0, 1
core   0: 0 0x00000000800000ce (0x0505) x10 0x0000000000000475
core   0: 0x00000000800000d0 (0x0000bffd) c.j     pc - 2
core   0: 0 0x00000000800000d0 (0xbffd)
core   0: 0x00000000800000ce (0x00000505) c.addi  a0, 1
core   0: 0 0x00000000800000ce (0x0505) x10 0x0000000000000476
core   0: 0x00000000800000d0 (0x0000bffd) c.j     pc - 2
core   0: 0 0x00000000800000d0 (0xbffd)
core   0: 0x00000000800000ce (0x00000505) c.addi  a0, 1
core   0: 0 0x00000000800000ce (0x0505) x10 0x0000000000000477
core   0: 0x00000000800000d0 (0x0000bffd) c.j     pc - 2
core   0: 0 0x00000000800000d0 (0xbffd)
core   0: 0x00000000800000ce (0x00000505) c.addi  a0, 1
core   0: 0 0x00000000800000ce (0x0505) x10 0x0000000000000478
core   0: 0x00000000800000d0 (0x0000bffd) c.j     pc - 2
core   0: 0 0x00000000800000d0 (0xbffd)
core   0: 0x00000000800000ce (0x00000505) c.addi  a0, 1
core   0: 0 0x00000000800000ce (0x0505) x10 0x0000000000000479
core   0: 0x00000000800000d0 (0x0000bffd) c.j     pc - 2
core   0: 0 0x00000000800000d0 (0xbffd)
core   0: 0x00000000800000ce (0x00000505) c.addi  a0, 1
core   0: 0 0x00000000800000ce (0x0505) x10 0x000000000000047a
core   0: 0x00000000800000d0 (0x0000bffd) c.j     pc - 2
core   0: 0 0x00000000800000d0 (0xbffd)
core   0: 0x00000000800000ce (0x00000505) c.addi  a0, 1
core   0: 0 0x00000000800000ce (0x0505) x10 0x000000000000047b
core   0: 0x00000000800000d0 (0x0000bffd) c.j     pc - 2
core   0: 0 0x00000000800000d0 (0xbffd)
core   0: 0x00000000800000ce (0x00000505) c.addi  a0, 1
core   0: 0 0x00000000800000ce (0x0505) x10 0x000000000000047c
core   0: 0x00000000800000d0 (0x0000bffd) c.j     pc - 2
core   0: 0 0x00000000800000d0 (0xbffd)
core   0: 0x00000000800000ce (0x00000505) c.addi  a0, 1
core   0: 0 0x00000000800000ce (0x0505) x10 0x000000000000047d
core   0: 0x00000000800000d0 (0x0000bffd) c.j     pc - 2
core   0: 0 0x00000000800000d0 (0xbffd)
core   0: 0x00000000800000ce (0x00000505) c.addi  a0, 1
core   0: 0 0x00000000800000ce (0x0505) x10 0x000000000000047e
core   0: 0x00000000800000d0 (0x0000bffd) c.j     pc - 2
core   0: 0 0x00000000800000d0 (0xbffd)
core   0: 0x00000000800000ce (0x00000505) c.addi  a0, 1
core   0: 0 0x00000000800000ce (0x0505) x10 0x000000000000047f
core   0: 0x00000000800000d0 (0x0000bffd) c.j     pc - 2
core   0: 0 0x00000000800000d0 (0xbffd)
core   0: 0x00000000800000ce (0x00000505) c.addi  a0, 1
core   0: 0 0x00000000800000ce (0x0505) x10 0x0000000000000480
core   0: 0x00000000800000d0 (0x0000bffd) c.j     pc - 2
core   0: 0 0x00000000800000d0 (0xbffd)
core   0: 0x00000000800000ce (0x00000505) c.addi  a0, 1
core   0: 0 0x00000000800000ce (0x0505) x10 0x0000000000000481
core   0: 0x00000000800000d0 (0x0000bffd) c.j     pc - 2
core   0: 0 0x00000000800000d0 (0xbffd)
core   0: 0x00000000800000ce (0x00000505) c.addi  a0, 1
core   0: 0 0x00000000800000ce (0x0505) x10 0x0000000000000482
core   0: 0x00000000800000d0 (0x0000bffd) c.j     pc - 2
core   0: 0 0x00000000800000d0 (0xbffd)
core   0: 0x00000000800000ce (0x00000505) c.addi  a0, 1
core   0: 0 0x00000000800000ce (0x0505) x10 0x0000000000000483
core   0: 0x00000000800000d0 (0x0000bffd) c.j     pc - 2
core   0: 0 0x00000000800000d0 (0xbffd)
core   0: 0x00000000800000ce (0x00000505) c.addi  a0, 1
core   0: 0 0x00000000800000ce (0x0505) x10 0x0000000000000484
core   0: 0x00000000800000d0 (0x0000bffd) c.j     pc - 2
core   0: 0 0x00000000800000d0 (0xbffd)
core   0: 0x00000000800000ce (0x00000505) c.addi  a0, 1
core   0: 0 0x00000000800000ce (0x0505) x10 0x0000000000000485
core   0: 0x00000000800000d0 (0x0000bffd) c.j     pc - 2
core   0: 0 0x00000000800000d0 (0xbffd)
core   0: 0x00000000800000ce (0x00000505) c.addi  a0, 1
core   0: 0 0x00000000800000ce (0x0505) x10 0x0000000000000486
core   0: 0x00000000800000d0 (0x0000bffd) c.j     pc - 2
core   0: 0 0x00000000800000d0 (0xbffd)
core   0: 0x00000000800000ce (0x00000505) c.addi  a0, 1
core   0: 0 0x00000000800000ce (0x0505) x10 0x0000000000000487
core   0: 0x00000000800000d0 (0x0000bffd) c.j     pc - 2
core   0: 0 0x00000000800000d0 (0xbffd)
core   0: 0x00000000800000ce (0x00000505) c.addi  a0, 1
core   0: 0 0x00000000800000ce (0x0505) x10 0x0000000000000488
core   0: 0x00000000800000d0 (0x0000bffd) c.j     pc - 2
core   0: 0 0x00000000800000d0 (0xbffd)
core   0: 0x00000000800000ce (0x00000505) c.addi  a0, 1
core   0: 0 0x00000000800000ce (0x0505) x10 0x0000000000000489
core   0: 0x00000000800000d0 (0x0000bffd) c.j     pc - 2
core   0: 0 0x00000000800000d0 (0xbffd)
core   0: 0x00000000800000ce (0x00000505) c.addi  a0, 1
core   0: 0 0x00000000800000ce (0x0505) x10 0x000000000000048a
core   0: 0x00000000800000d0 (0x0000bffd) c.j     pc - 2
core   0: 0 0x00000000800000d0 (0xbffd)
core   0: 0x00000000800000ce (0x00000505) c.addi  a0, 1
core   0: 0 0x00000000800000ce (0x0505) x10 0x000000000000048b
core   0: 0x00000000800000d0 (0x0000bffd) c.j     pc - 2
core   0: 0 0x00000000800000d0 (0xbffd)
core   0: 0x00000000800000ce (0x00000505) c.addi  a0, 1
core   0: 0 0x00000000800000ce (0x0505) x10 0x000000000000048c
core   0: 0x00000000800000d0 (0x0000bffd) c.j     pc - 2
core   0: 0 0x00000000800000d0 (0xbffd)
core   0: 0x00000000800000ce (0x00000505) c.addi  a0, 1
core   0: 0 0x00000000800000ce (0x0505) x10 0x000000000000048d
core   0: 0x00000000800000d0 (0x0000bffd) c.j     pc - 2
core   0: 0 0x00000000800000d0 (0xbffd)
core   0: 0x00000000800000ce (0x00000505) c.addi  a0, 1
core   0: 0 0x00000000800000ce (0x0505) x10 0x000000000000048e
core   0: 0x00000000800000d0 (0x0000bffd) c.j     pc - 2
core   0: 0 0x00000000800000d0 (0xbffd)
core   0: 0x00000000800000ce (0x00000505) c.addi  a0, 1
core   0: 0 0x00000000800000ce (0x0505) x10 0x000000000000048f
core   0: 0x00000000800000d0 (0x0000bffd) c.j     pc - 2
core   0: 0 0x00000000800000d0 (0xbffd)
core   0: 0x00000000800000ce (0x00000505) c.addi  a0, 1
core   0: 0 0x00000000800000ce (0x0505) x10 0x0000000000000490
core   0: 0x00000000800000d0 (0x0000bffd) c.j     pc - 2
core   0: 0 0x00000000800000d0 (0xbffd)
core   0: 0x00000000800000ce (0x00000505) c.addi  a0, 1
core   0: 0 0x00000000800000ce (0x0505) x10 0x0000000000000491
core   0: 0x00000000800000d0 (0x0000bffd) c.j     pc - 2
core   0: 0 0x00000000800000d0 (0xbffd)
core   0: 0x00000000800000ce (0x00000505) c.addi  a0, 1
core   0: 0 0x00000000800000ce (0x0505) x10 0x0000000000000492
core   0: 0x00000000800000d0 (0x0000bffd) c.j     pc - 2
core   0: 0 0x00000000800000d0 (0xbffd)
core   0: 0x00000000800000ce (0x00000505) c.addi  a0, 1
core   0: 0 0x00000000800000ce (0x0505) x10 0x0000000000000493
core   0: 0x00000000800000d0 (0x0000bffd) c.j     pc - 2
core   0: 0 0x00000000800000d0 (0xbffd)
core   0: 0x00000000800000ce (0x00000505) c.addi  a0, 1
core   0: 0 0x00000000800000ce (0x0505) x10 0x0000000000000494
core   0: 0x00000000800000d0 (0x0000bffd) c.j     pc - 2
core   0: 0 0x00000000800000d0 (0xbffd)
core   0: 0x00000000800000ce (0x00000505) c.addi  a0, 1
core   0: 0 0x00000000800000ce (0x0505) x10 0x0000000000000495
core   0: 0x00000000800000d0 (0x0000bffd) c.j     pc - 2
core   0: 0 0x00000000800000d0 (0xbffd)
core   0: 0x00000000800000ce (0x00000505) c.addi  a0, 1
core   0: 0 0x00000000800000ce (0x0505) x10 0x0000000000000496
core   0: 0x00000000800000d0 (0x0000bffd) c.j     pc - 2
core   0: 0 0x00000000800000d0 (0xbffd)
core   0: 0x00000000800000ce (0x00000505) c.addi  a0, 1
core   0: 0 0x00000000800000ce (0x0505) x10 0x0000000000000497
core   0: 0x00000000800000d0 (0x0000bffd) c.j     pc - 2
core   0: 0 0x00000000800000d0 (0xbffd)
core   0: 0x00000000800000ce (0x00000505) c.addi  a0, 1
core   0: 0 0x00000000800000ce (0x0505) x10 0x0000000000000498
core   0: 0x00000000800000d0 (0x0000bffd) c.j     pc - 2
core   0: 0 0x00000000800000d0 (0xbffd)
core   0: 0x00000000800000ce (0x00000505) c.addi  a0, 1
core   0: 0 0x00000000800000ce (0x0505) x10 0x0000000000000499
core   0: 0x00000000800000d0 (0x0000bffd) c.j     pc - 2
core   0: 0 0x00000000800000d0 (0xbffd)
core   0: 0x00000000800000ce (0x00000505) c.addi  a0, 1
core   0: 0 0x00000000800000ce (0x0505) x10 0x000000000000049a
core   0: 0x00000000800000d0 (0x0000bffd) c.j     pc - 2
core   0: 0 0x00000000800000d0 (0xbffd)
core   0: 0x00000000800000ce (0x00000505) c.addi  a0, 1
core   0: 0 0x00000000800000ce (0x0505) x10 0x000000000000049b
core   0: 0x00000000800000d0 (0x0000bffd) c.j     pc - 2
core   0: 0 0x00000000800000d0 (0xbffd)
core   0: 0x00000000800000ce (0x00000505) c.addi  a0, 1
core   0: 0 0x00000000800000ce (0x0505) x10 0x000000000000049c
core   0: 0x00000000800000d0 (0x0000bffd) c.j     pc - 2
core   0: 0 0x00000000800000d0 (0xbffd)
core   0: 0x00000000800000ce (0x00000505) c.addi  a0, 1
core   0: 0 0x00000000800000ce (0x0505) x10 0x000000000000049d
core   0: 0x00000000800000d0 (0x0000bffd) c.j     pc - 2
core   0: 0 0x00000000800000d0 (0xbffd)
core   0: 0x00000000800000ce (0x00000505) c.addi  a0, 1
core   0: 0 0x00000000800000ce (0x0505) x10 0x000000000000049e
core   0: 0x00000000800000d0 (0x0000bffd) c.j     pc - 2
core   0: 0 0x00000000800000d0 (0xbffd)
core   0: 0x00000000800000ce (0x00000505) c.addi  a0, 1
core   0: 0 0x00000000800000ce (0x0505) x10 0x000000000000049f
core   0: 0x00000000800000d0 (0x0000bffd) c.j     pc - 2
core   0: 0 0x00000000800000d0 (0xbffd)
core   0: 0x00000000800000ce (0x00000505) c.addi  a0, 1
core   0: 0 0x00000000800000ce (0x0505) x10 0x00000000000004a0
core   0: 0x00000000800000d0 (0x0000bffd) c.j     pc - 2
core   0: 0 0x00000000800000d0 (0xbffd)
core   0: 0x00000000800000ce (0x00000505) c.addi  a0, 1
core   0: 0 0x00000000800000ce (0x0505) x10 0x00000000000004a1
core   0: 0x00000000800000d0 (0x0000bffd) c.j     pc - 2
core   0: 0 0x00000000800000d0 (0xbffd)
core   0: 0x00000000800000ce (0x00000505) c.addi  a0, 1
core   0: 0 0x00000000800000ce (0x0505) x10 0x00000000000004a2
core   0: 0x00000000800000d0 (0x0000bffd) c.j     pc - 2
core   0: 0 0x00000000800000d0 (0xbffd)
core   0: 0x00000000800000ce (0x00000505) c.addi  a0, 1
core   0: 0 0x00000000800000ce (0x0505) x10 0x00000000000004a3
core   0: 0x00000000800000d0 (0x0000bffd) c.j     pc - 2
core   0: 0 0x00000000800000d0 (0xbffd)
core   0: 0x00000000800000ce (0x00000505) c.addi  a0, 1
core   0: 0 0x00000000800000ce (0x0505) x10 0x00000000000004a4
core   0: 0x00000000800000d0 (0x0000bffd) c.j     pc - 2
core   0: 0 0x00000000800000d0 (0xbffd)
core   0: 0x00000000800000ce (0x00000505) c.addi  a0, 1
core   0: 0 0x00000000800000ce (0x0505) x10 0x00000000000004a5
core   0: 0x00000000800000d0 (0x0000bffd) c.j     pc - 2
core   0: 0 0x00000000800000d0 (0xbffd)
core   0: 0x00000000800000ce (0x00000505) c.addi  a0, 1
core   0: 0 0x00000000800000ce (0x0505) x10 0x00000000000004a6
core   0: 0x00000000800000d0 (0x0000bffd) c.j     pc - 2
core   0: 0 0x00000000800000d0 (0xbffd)
core   0: 0x00000000800000ce (0x00000505) c.addi  a0, 1
core   0: 0 0x00000000800000ce (0x0505) x10 0x00000000000004a7
core   0: 0x00000000800000d0 (0x0000bffd) c.j     pc - 2
core   0: 0 0x00000000800000d0 (0xbffd)
core   0: 0x00000000800000ce (0x00000505) c.addi  a0, 1
core   0: 0 0x00000000800000ce (0x0505) x10 0x00000000000004a8
core   0: 0x00000000800000d0 (0x0000bffd) c.j     pc - 2
core   0: 0 0x00000000800000d0 (0xbffd)
core   0: 0x00000000800000ce (0x00000505) c.addi  a0, 1
core   0: 0 0x00000000800000ce (0x0505) x10 0x00000000000004a9
core   0: 0x00000000800000d0 (0x0000bffd) c.j     pc - 2
core   0: 0 0x00000000800000d0 (0xbffd)
core   0: 0x00000000800000ce (0x00000505) c.addi  a0, 1
core   0: 0 0x00000000800000ce (0x0505) x10 0x00000000000004aa
core   0: 0x00000000800000d0 (0x0000bffd) c.j     pc - 2
core   0: 0 0x00000000800000d0 (0xbffd)
core   0: 0x00000000800000ce (0x00000505) c.addi  a0, 1
core   0: 0 0x00000000800000ce (0x0505) x10 0x00000000000004ab
core   0: 0x00000000800000d0 (0x0000bffd) c.j     pc - 2
core   0: 0 0x00000000800000d0 (0xbffd)
core   0: 0x00000000800000ce (0x00000505) c.addi  a0, 1
core   0: 0 0x00000000800000ce (0x0505) x10 0x00000000000004ac
core   0: 0x00000000800000d0 (0x0000bffd) c.j     pc - 2
core   0: 0 0x00000000800000d0 (0xbffd)
core   0: 0x00000000800000ce (0x00000505) c.addi  a0, 1
core   0: 0 0x00000000800000ce (0x0505) x10 0x00000000000004ad
core   0: 0x00000000800000d0 (0x0000bffd) c.j     pc - 2
core   0: 0 0x00000000800000d0 (0xbffd)
core   0: 0x00000000800000ce (0x00000505) c.addi  a0, 1
core   0: 0 0x00000000800000ce (0x0505) x10 0x00000000000004ae
core   0: 0x00000000800000d0 (0x0000bffd) c.j     pc - 2
core   0: 0 0x00000000800000d0 (0xbffd)
core   0: 0x00000000800000ce (0x00000505) c.addi  a0, 1
core   0: 0 0x00000000800000ce (0x0505) x10 0x00000000000004af
core   0: 0x00000000800000d0 (0x0000bffd) c.j     pc - 2
core   0: 0 0x00000000800000d0 (0xbffd)
core   0: 0x00000000800000ce (0x00000505) c.addi  a0, 1
core   0: 0 0x00000000800000ce (0x0505) x10 0x00000000000004b0
core   0: 0x00000000800000d0 (0x0000bffd) c.j     pc - 2
core   0: 0 0x00000000800000d0 (0xbffd)
core   0: 0x00000000800000ce (0x00000505) c.addi  a0, 1
core   0: 0 0x00000000800000ce (0x0505) x10 0x00000000000004b1
core   0: 0x00000000800000d0 (0x0000bffd) c.j     pc - 2
core   0: 0 0x00000000800000d0 (0xbffd)
core   0: 0x00000000800000ce (0x00000505) c.addi  a0, 1
core   0: 0 0x00000000800000ce (0x0505) x10 0x00000000000004b2
core   0: 0x00000000800000d0 (0x0000bffd) c.j     pc - 2
core   0: 0 0x00000000800000d0 (0xbffd)
core   0: 0x00000000800000ce (0x00000505) c.addi  a0, 1
core   0: 0 0x00000000800000ce (0x0505) x10 0x00000000000004b3
core   0: 0x00000000800000d0 (0x0000bffd) c.j     pc - 2
core   0: 0 0x00000000800000d0 (0xbffd)
core   0: 0x00000000800000ce (0x00000505) c.addi  a0, 1
core   0: 0 0x00000000800000ce (0x0505) x10 0x00000000000004b4
core   0: 0x00000000800000d0 (0x0000bffd) c.j     pc - 2
core   0: 0 0x00000000800000d0 (0xbffd)
core   0: 0x00000000800000ce (0x00000505) c.addi  a0, 1
core   0: 0 0x00000000800000ce (0x0505) x10 0x00000000000004b5
core   0: 0x00000000800000d0 (0x0000bffd) c.j     pc - 2
core   0: 0 0x00000000800000d0 (0xbffd)
core   0: 0x00000000800000ce (0x00000505) c.addi  a0, 1
core   0: 0 0x00000000800000ce (0x0505) x10 0x00000000000004b6
core   0: 0x00000000800000d0 (0x0000bffd) c.j     pc - 2
core   0: 0 0x00000000800000d0 (0xbffd)
core   0: 0x00000000800000ce (0x00000505) c.addi  a0, 1
core   0: 0 0x00000000800000ce (0x0505) x10 0x00000000000004b7
core   0: 0x00000000800000d0 (0x0000bffd) c.j     pc - 2
core   0: 0 0x00000000800000d0 (0xbffd)
core   0: 0x00000000800000ce (0x00000505) c.addi  a0, 1
core   0: 0 0x00000000800000ce (0x0505) x10 0x00000000000004b8
core   0: 0x00000000800000d0 (0x0000bffd) c.j     pc - 2
core   0: 0 0x00000000800000d0 (0xbffd)
core   0: 0x00000000800000ce (0x00000505) c.addi  a0, 1
core   0: 0 0x00000000800000ce (0x0505) x10 0x00000000000004b9
core   0: 0x00000000800000d0 (0x0000bffd) c.j     pc - 2
core   0: 0 0x00000000800000d0 (0xbffd)
core   0: 0x00000000800000ce (0x00000505) c.addi  a0, 1
core   0: 0 0x00000000800000ce (0x0505) x10 0x00000000000004ba
core   0: 0x00000000800000d0 (0x0000bffd) c.j     pc - 2
core   0: 0 0x00000000800000d0 (0xbffd)
core   0: 0x00000000800000ce (0x00000505) c.addi  a0, 1
core   0: 0 0x00000000800000ce (0x0505) x10 0x00000000000004bb
core   0: 0x00000000800000d0 (0x0000bffd) c.j     pc - 2
core   0: 0 0x00000000800000d0 (0xbffd)
core   0: 0x00000000800000ce (0x00000505) c.addi  a0, 1
core   0: 0 0x00000000800000ce (0x0505) x10 0x00000000000004bc
core   0: 0x00000000800000d0 (0x0000bffd) c.j     pc - 2
core   0: 0 0x00000000800000d0 (0xbffd)
core   0: 0x00000000800000ce (0x00000505) c.addi  a0, 1
core   0: 0 0x00000000800000ce (0x0505) x10 0x00000000000004bd
core   0: 0x00000000800000d0 (0x0000bffd) c.j     pc - 2
core   0: 0 0x00000000800000d0 (0xbffd)
core   0: 0x00000000800000ce (0x00000505) c.addi  a0, 1
core   0: 0 0x00000000800000ce (0x0505) x10 0x00000000000004be
core   0: 0x00000000800000d0 (0x0000bffd) c.j     pc - 2
core   0: 0 0x00000000800000d0 (0xbffd)
core   0: 0x00000000800000ce (0x00000505) c.addi  a0, 1
core   0: 0 0x00000000800000ce (0x0505) x10 0x00000000000004bf
core   0: 0x00000000800000d0 (0x0000bffd) c.j     pc - 2
core   0: 0 0x00000000800000d0 (0xbffd)
core   0: 0x00000000800000ce (0x00000505) c.addi  a0, 1
core   0: 0 0x00000000800000ce (0x0505) x10 0x00000000000004c0
core   0: 0x00000000800000d0 (0x0000bffd) c.j     pc - 2
core   0: 0 0x00000000800000d0 (0xbffd)
core   0: 0x00000000800000ce (0x00000505) c.addi  a0, 1
core   0: 0 0x00000000800000ce (0x0505) x10 0x00000000000004c1
core   0: 0x00000000800000d0 (0x0000bffd) c.j     pc - 2
core   0: 0 0x00000000800000d0 (0xbffd)
core   0: 0x00000000800000ce (0x00000505) c.addi  a0, 1
core   0: 0 0x00000000800000ce (0x0505) x10 0x00000000000004c2
core   0: 0x00000000800000d0 (0x0000bffd) c.j     pc - 2
core   0: 0 0x00000000800000d0 (0xbffd)
core   0: 0x00000000800000ce (0x00000505) c.addi  a0, 1
core   0: 0 0x00000000800000ce (0x0505) x10 0x00000000000004c3
core   0: 0x00000000800000d0 (0x0000bffd) c.j     pc - 2
core   0: 0 0x00000000800000d0 (0xbffd)
core   0: 0x00000000800000ce (0x00000505) c.addi  a0, 1
core   0: 0 0x00000000800000ce (0x0505) x10 0x00000000000004c4
core   0: 0x00000000800000d0 (0x0000bffd) c.j     pc - 2
core   0: 0 0x00000000800000d0 (0xbffd)
core   0: 0x00000000800000ce (0x00000505) c.addi  a0, 1
core   0: 0 0x00000000800000ce (0x0505) x10 0x00000000000004c5
core   0: 0x00000000800000d0 (0x0000bffd) c.j     pc - 2
core   0: 0 0x00000000800000d0 (0xbffd)
core   0: 0x00000000800000ce (0x00000505) c.addi  a0, 1
core   0: 0 0x00000000800000ce (0x0505) x10 0x00000000000004c6
core   0: 0x00000000800000d0 (0x0000bffd) c.j     pc - 2
core   0: 0 0x00000000800000d0 (0xbffd)
core   0: 0x00000000800000ce (0x00000505) c.addi  a0, 1
core   0: 0 0x00000000800000ce (0x0505) x10 0x00000000000004c7
core   0: 0x00000000800000d0 (0x0000bffd) c.j     pc - 2
core   0: 0 0x00000000800000d0 (0xbffd)
core   0: 0x00000000800000ce (0x00000505) c.addi  a0, 1
core   0: 0 0x00000000800000ce (0x0505) x10 0x00000000000004c8
core   0: 0x00000000800000d0 (0x0000bffd) c.j     pc - 2
core   0: 0 0x00000000800000d0 (0xbffd)
core   0: 0x00000000800000ce (0x00000505) c.addi  a0, 1
core   0: 0 0x00000000800000ce (0x0505) x10 0x00000000000004c9
core   0: 0x00000000800000d0 (0x0000bffd) c.j     pc - 2
core   0: 0 0x00000000800000d0 (0xbffd)
core   0: 0x00000000800000ce (0x00000505) c.addi  a0, 1
core   0: 0 0x00000000800000ce (0x0505) x10 0x00000000000004ca
core   0: 0x00000000800000d0 (0x0000bffd) c.j     pc - 2
core   0: 0 0x00000000800000d0 (0xbffd)
core   0: 0x00000000800000ce (0x00000505) c.addi  a0, 1
core   0: 0 0x00000000800000ce (0x0505) x10 0x00000000000004cb
core   0: 0x00000000800000d0 (0x0000bffd) c.j     pc - 2
core   0: 0 0x00000000800000d0 (0xbffd)
core   0: 0x00000000800000ce (0x00000505) c.addi  a0, 1
core   0: 0 0x00000000800000ce (0x0505) x10 0x00000000000004cc
core   0: 0x00000000800000d0 (0x0000bffd) c.j     pc - 2
core   0: 0 0x00000000800000d0 (0xbffd)
core   0: 0x00000000800000ce (0x00000505) c.addi  a0, 1
core   0: 0 0x00000000800000ce (0x0505) x10 0x00000000000004cd
core   0: 0x00000000800000d0 (0x0000bffd) c.j     pc - 2
core   0: 0 0x00000000800000d0 (0xbffd)
core   0: 0x00000000800000ce (0x00000505) c.addi  a0, 1
core   0: 0 0x00000000800000ce (0x0505) x10 0x00000000000004ce
core   0: 0x00000000800000d0 (0x0000bffd) c.j     pc - 2
core   0: 0 0x00000000800000d0 (0xbffd)
core   0: 0x00000000800000ce (0x00000505) c.addi  a0, 1
core   0: 0 0x00000000800000ce (0x0505) x10 0x00000000000004cf
core   0: 0x00000000800000d0 (0x0000bffd) c.j     pc - 2
core   0: 0 0x00000000800000d0 (0xbffd)
core   0: 0x00000000800000ce (0x00000505) c.addi  a0, 1
core   0: 0 0x00000000800000ce (0x0505) x10 0x00000000000004d0
core   0: 0x00000000800000d0 (0x0000bffd) c.j     pc - 2
core   0: 0 0x00000000800000d0 (0xbffd)
core   0: 0x00000000800000ce (0x00000505) c.addi  a0, 1
core   0: 0 0x00000000800000ce (0x0505) x10 0x00000000000004d1
core   0: 0x00000000800000d0 (0x0000bffd) c.j     pc - 2
core   0: 0 0x00000000800000d0 (0xbffd)
core   0: 0x00000000800000ce (0x00000505) c.addi  a0, 1
core   0: 0 0x00000000800000ce (0x0505) x10 0x00000000000004d2
core   0: 0x00000000800000d0 (0x0000bffd) c.j     pc - 2
core   0: 0 0x00000000800000d0 (0xbffd)
core   0: 0x00000000800000ce (0x00000505) c.addi  a0, 1
core   0: 0 0x00000000800000ce (0x0505) x10 0x00000000000004d3
core   0: 0x00000000800000d0 (0x0000bffd) c.j     pc - 2
core   0: 0 0x00000000800000d0 (0xbffd)
core   0: 0x00000000800000ce (0x00000505) c.addi  a0, 1
core   0: 0 0x00000000800000ce (0x0505) x10 0x00000000000004d4
core   0: 0x00000000800000d0 (0x0000bffd) c.j     pc - 2
core   0: 0 0x00000000800000d0 (0xbffd)
core   0: 0x00000000800000ce (0x00000505) c.addi  a0, 1
core   0: 0 0x00000000800000ce (0x0505) x10 0x00000000000004d5
core   0: 0x00000000800000d0 (0x0000bffd) c.j     pc - 2
core   0: 0 0x00000000800000d0 (0xbffd)
core   0: 0x00000000800000ce (0x00000505) c.addi  a0, 1
core   0: 0 0x00000000800000ce (0x0505) x10 0x00000000000004d6
core   0: 0x00000000800000d0 (0x0000bffd) c.j     pc - 2
core   0: 0 0x00000000800000d0 (0xbffd)
core   0: 0x00000000800000ce (0x00000505) c.addi  a0, 1
core   0: 0 0x00000000800000ce (0x0505) x10 0x00000000000004d7
core   0: 0x00000000800000d0 (0x0000bffd) c.j     pc - 2
core   0: 0 0x00000000800000d0 (0xbffd)
core   0: 0x00000000800000ce (0x00000505) c.addi  a0, 1
core   0: 0 0x00000000800000ce (0x0505) x10 0x00000000000004d8
core   0: 0x00000000800000d0 (0x0000bffd) c.j     pc - 2
core   0: 0 0x00000000800000d0 (0xbffd)
core   0: 0x00000000800000ce (0x00000505) c.addi  a0, 1
core   0: 0 0x00000000800000ce (0x0505) x10 0x00000000000004d9
core   0: 0x00000000800000d0 (0x0000bffd) c.j     pc - 2
core   0: 0 0x00000000800000d0 (0xbffd)
core   0: 0x00000000800000ce (0x00000505) c.addi  a0, 1
core   0: 0 0x00000000800000ce (0x0505) x10 0x00000000000004da
core   0: 0x00000000800000d0 (0x0000bffd) c.j     pc - 2
core   0: 0 0x00000000800000d0 (0xbffd)
core   0: 0x00000000800000ce (0x00000505) c.addi  a0, 1
core   0: 0 0x00000000800000ce (0x0505) x10 0x00000000000004db
core   0: 0x00000000800000d0 (0x0000bffd) c.j     pc - 2
core   0: 0 0x00000000800000d0 (0xbffd)
core   0: 0x00000000800000ce (0x00000505) c.addi  a0, 1
core   0: 0 0x00000000800000ce (0x0505) x10 0x00000000000004dc
core   0: 0x00000000800000d0 (0x0000bffd) c.j     pc - 2
core   0: 0 0x00000000800000d0 (0xbffd)
core   0: 0x00000000800000ce (0x00000505) c.addi  a0, 1
core   0: 0 0x00000000800000ce (0x0505) x10 0x00000000000004dd
core   0: 0x00000000800000d0 (0x0000bffd) c.j     pc - 2
core   0: 0 0x00000000800000d0 (0xbffd)
core   0: 0x00000000800000ce (0x00000505) c.addi  a0, 1
core   0: 0 0x00000000800000ce (0x0505) x10 0x00000000000004de
core   0: 0x00000000800000d0 (0x0000bffd) c.j     pc - 2
core   0: 0 0x00000000800000d0 (0xbffd)
core   0: 0x00000000800000ce (0x00000505) c.addi  a0, 1
core   0: 0 0x00000000800000ce (0x0505) x10 0x00000000000004df
core   0: 0x00000000800000d0 (0x0000bffd) c.j     pc - 2
core   0: 0 0x00000000800000d0 (0xbffd)
core   0: 0x00000000800000ce (0x00000505) c.addi  a0, 1
core   0: 0 0x00000000800000ce (0x0505) x10 0x00000000000004e0
core   0: 0x00000000800000d0 (0x0000bffd) c.j     pc - 2
core   0: 0 0x00000000800000d0 (0xbffd)
core   0: 0x00000000800000ce (0x00000505) c.addi  a0, 1
core   0: 0 0x00000000800000ce (0x0505) x10 0x00000000000004e1
core   0: 0x00000000800000d0 (0x0000bffd) c.j     pc - 2
core   0: 0 0x00000000800000d0 (0xbffd)
core   0: 0x00000000800000ce (0x00000505) c.addi  a0, 1
core   0: 0 0x00000000800000ce (0x0505) x10 0x00000000000004e2
core   0: 0x00000000800000d0 (0x0000bffd) c.j     pc - 2
core   0: 0 0x00000000800000d0 (0xbffd)
core   0: 0x00000000800000ce (0x00000505) c.addi  a0, 1
core   0: 0 0x00000000800000ce (0x0505) x10 0x00000000000004e3
core   0: 0x00000000800000d0 (0x0000bffd) c.j     pc - 2
core   0: 0 0x00000000800000d0 (0xbffd)
core   0: 0x00000000800000ce (0x00000505) c.addi  a0, 1
core   0: 0 0x00000000800000ce (0x0505) x10 0x00000000000004e4
core   0: 0x00000000800000d0 (0x0000bffd) c.j     pc - 2
core   0: 0 0x00000000800000d0 (0xbffd)
core   0: 0x00000000800000ce (0x00000505) c.addi  a0, 1
core   0: 0 0x00000000800000ce (0x0505) x10 0x00000000000004e5
core   0: 0x00000000800000d0 (0x0000bffd) c.j     pc - 2
core   0: 0 0x00000000800000d0 (0xbffd)
core   0: 0x00000000800000ce (0x00000505) c.addi  a0, 1
core   0: 0 0x00000000800000ce (0x0505) x10 0x00000000000004e6
core   0: 0x00000000800000d0 (0x0000bffd) c.j     pc - 2
core   0: 0 0x00000000800000d0 (0xbffd)
core   0: 0x00000000800000ce (0x00000505) c.addi  a0, 1
core   0: 0 0x00000000800000ce (0x0505) x10 0x00000000000004e7
core   0: 0x00000000800000d0 (0x0000bffd) c.j     pc - 2
core   0: 0 0x00000000800000d0 (0xbffd)
core   0: 0x00000000800000ce (0x00000505) c.addi  a0, 1
core   0: 0 0x00000000800000ce (0x0505) x10 0x00000000000004e8
core   0: 0x00000000800000d0 (0x0000bffd) c.j     pc - 2
core   0: 0 0x00000000800000d0 (0xbffd)
core   0: 0x00000000800000ce (0x00000505) c.addi  a0, 1
core   0: 0 0x00000000800000ce (0x0505) x10 0x00000000000004e9
core   0: 0x00000000800000d0 (0x0000bffd) c.j     pc - 2
core   0: 0 0x00000000800000d0 (0xbffd)
core   0: 0x00000000800000ce (0x00000505) c.addi  a0, 1
core   0: 0 0x00000000800000ce (0x0505) x10 0x00000000000004ea
core   0: 0x00000000800000d0 (0x0000bffd) c.j     pc - 2
core   0: 0 0x00000000800000d0 (0xbffd)
core   0: 0x00000000800000ce (0x00000505) c.addi  a0, 1
core   0: 0 0x00000000800000ce (0x0505) x10 0x00000000000004eb
core   0: 0x00000000800000d0 (0x0000bffd) c.j     pc - 2
core   0: 0 0x00000000800000d0 (0xbffd)
core   0: 0x00000000800000ce (0x00000505) c.addi  a0, 1
core   0: 0 0x00000000800000ce (0x0505) x10 0x00000000000004ec
core   0: 0x00000000800000d0 (0x0000bffd) c.j     pc - 2
core   0: 0 0x00000000800000d0 (0xbffd)
core   0: 0x00000000800000ce (0x00000505) c.addi  a0, 1
core   0: 0 0x00000000800000ce (0x0505) x10 0x00000000000004ed
core   0: 0x00000000800000d0 (0x0000bffd) c.j     pc - 2
core   0: 0 0x00000000800000d0 (0xbffd)
core   0: 0x00000000800000ce (0x00000505) c.addi  a0, 1
core   0: 0 0x00000000800000ce (0x0505) x10 0x00000000000004ee
core   0: 0x00000000800000d0 (0x0000bffd) c.j     pc - 2
core   0: 0 0x00000000800000d0 (0xbffd)
core   0: 0x00000000800000ce (0x00000505) c.addi  a0, 1
core   0: 0 0x00000000800000ce (0x0505) x10 0x00000000000004ef
core   0: 0x00000000800000d0 (0x0000bffd) c.j     pc - 2
core   0: 0 0x00000000800000d0 (0xbffd)
core   0: 0x00000000800000ce (0x00000505) c.addi  a0, 1
core   0: 0 0x00000000800000ce (0x0505) x10 0x00000000000004f0
core   0: 0x00000000800000d0 (0x0000bffd) c.j     pc - 2
core   0: 0 0x00000000800000d0 (0xbffd)
core   0: 0x00000000800000ce (0x00000505) c.addi  a0, 1
core   0: 0 0x00000000800000ce (0x0505) x10 0x00000000000004f1
core   0: 0x00000000800000d0 (0x0000bffd) c.j     pc - 2
core   0: 0 0x00000000800000d0 (0xbffd)
core   0: 0x00000000800000ce (0x00000505) c.addi  a0, 1
core   0: 0 0x00000000800000ce (0x0505) x10 0x00000000000004f2
core   0: 0x00000000800000d0 (0x0000bffd) c.j     pc - 2
core   0: 0 0x00000000800000d0 (0xbffd)
core   0: 0x00000000800000ce (0x00000505) c.addi  a0, 1
core   0: 0 0x00000000800000ce (0x0505) x10 0x00000000000004f3
core   0: 0x00000000800000d0 (0x0000bffd) c.j     pc - 2
core   0: 0 0x00000000800000d0 (0xbffd)
core   0: 0x00000000800000ce (0x00000505) c.addi  a0, 1
core   0: 0 0x00000000800000ce (0x0505) x10 0x00000000000004f4
core   0: 0x00000000800000d0 (0x0000bffd) c.j     pc - 2
core   0: 0 0x00000000800000d0 (0xbffd)
core   0: 0x00000000800000ce (0x00000505) c.addi  a0, 1
core   0: 0 0x00000000800000ce (0x0505) x10 0x00000000000004f5
core   0: 0x00000000800000d0 (0x0000bffd) c.j     pc - 2
core   0: 0 0x00000000800000d0 (0xbffd)
core   0: 0x00000000800000ce (0x00000505) c.addi  a0, 1
core   0: 0 0x00000000800000ce (0x0505) x10 0x00000000000004f6
core   0: 0x00000000800000d0 (0x0000bffd) c.j     pc - 2
core   0: 0 0x00000000800000d0 (0xbffd)
core   0: 0x00000000800000ce (0x00000505) c.addi  a0, 1
core   0: 0 0x00000000800000ce (0x0505) x10 0x00000000000004f7
core   0: 0x00000000800000d0 (0x0000bffd) c.j     pc - 2
core   0: 0 0x00000000800000d0 (0xbffd)
core   0: 0x00000000800000ce (0x00000505) c.addi  a0, 1
core   0: 0 0x00000000800000ce (0x0505) x10 0x00000000000004f8
core   0: 0x00000000800000d0 (0x0000bffd) c.j     pc - 2
core   0: 0 0x00000000800000d0 (0xbffd)
core   0: 0x00000000800000ce (0x00000505) c.addi  a0, 1
core   0: 0 0x00000000800000ce (0x0505) x10 0x00000000000004f9
core   0: 0x00000000800000d0 (0x0000bffd) c.j     pc - 2
core   0: 0 0x00000000800000d0 (0xbffd)
core   0: 0x00000000800000ce (0x00000505) c.addi  a0, 1
core   0: 0 0x00000000800000ce (0x0505) x10 0x00000000000004fa
core   0: 0x00000000800000d0 (0x0000bffd) c.j     pc - 2
core   0: 0 0x00000000800000d0 (0xbffd)
core   0: 0x00000000800000ce (0x00000505) c.addi  a0, 1
core   0: 0 0x00000000800000ce (0x0505) x10 0x00000000000004fb
core   0: 0x00000000800000d0 (0x0000bffd) c.j     pc - 2
core   0: 0 0x00000000800000d0 (0xbffd)
core   0: 0x00000000800000ce (0x00000505) c.addi  a0, 1
core   0: 0 0x00000000800000ce (0x0505) x10 0x00000000000004fc
core   0: 0x00000000800000d0 (0x0000bffd) c.j     pc - 2
core   0: 0 0x00000000800000d0 (0xbffd)
core   0: 0x00000000800000ce (0x00000505) c.addi  a0, 1
core   0: 0 0x00000000800000ce (0x0505) x10 0x00000000000004fd
core   0: 0x00000000800000d0 (0x0000bffd) c.j     pc - 2
core   0: 0 0x00000000800000d0 (0xbffd)
core   0: 0x00000000800000ce (0x00000505) c.addi  a0, 1
core   0: 0 0x00000000800000ce (0x0505) x10 0x00000000000004fe
core   0: 0x00000000800000d0 (0x0000bffd) c.j     pc - 2
core   0: 0 0x00000000800000d0 (0xbffd)
core   0: 0x00000000800000ce (0x00000505) c.addi  a0, 1
core   0: 0 0x00000000800000ce (0x0505) x10 0x00000000000004ff
core   0: 0x00000000800000d0 (0x0000bffd) c.j     pc - 2
core   0: 0 0x00000000800000d0 (0xbffd)
core   0: 0x00000000800000ce (0x00000505) c.addi  a0, 1
core   0: 0 0x00000000800000ce (0x0505) x10 0x0000000000000500
core   0: 0x00000000800000d0 (0x0000bffd) c.j     pc - 2
core   0: 0 0x00000000800000d0 (0xbffd)
core   0: 0x00000000800000ce (0x00000505) c.addi  a0, 1
core   0: 0 0x00000000800000ce (0x0505) x10 0x0000000000000501
core   0: 0x00000000800000d0 (0x0000bffd) c.j     pc - 2
core   0: 0 0x00000000800000d0 (0xbffd)
core   0: 0x00000000800000ce (0x00000505) c.addi  a0, 1
core   0: 0 0x00000000800000ce (0x0505) x10 0x0000000000000502
core   0: 0x00000000800000d0 (0x0000bffd) c.j     pc - 2
core   0: 0 0x00000000800000d0 (0xbffd)
core   0: 0x00000000800000ce (0x00000505) c.addi  a0, 1
core   0: 0 0x00000000800000ce (0x0505) x10 0x0000000000000503
core   0: 0x00000000800000d0 (0x0000bffd) c.j     pc - 2
core   0: 0 0x00000000800000d0 (0xbffd)
core   0: 0x00000000800000ce (0x00000505) c.addi  a0, 1
core   0: 0 0x00000000800000ce (0x0505) x10 0x0000000000000504
core   0: 0x00000000800000d0 (0x0000bffd) c.j     pc - 2
core   0: 0 0x00000000800000d0 (0xbffd)
core   0: 0x00000000800000ce (0x00000505) c.addi  a0, 1
core   0: 0 0x00000000800000ce (0x0505) x10 0x0000000000000505
core   0: 0x00000000800000d0 (0x0000bffd) c.j     pc - 2
core   0: 0 0x00000000800000d0 (0xbffd)
core   0: 0x00000000800000ce (0x00000505) c.addi  a0, 1
core   0: 0 0x00000000800000ce (0x0505) x10 0x0000000000000506
core   0: 0x00000000800000d0 (0x0000bffd) c.j     pc - 2
core   0: 0 0x00000000800000d0 (0xbffd)
core   0: 0x00000000800000ce (0x00000505) c.addi  a0, 1
core   0: 0 0x00000000800000ce (0x0505) x10 0x0000000000000507
core   0: 0x00000000800000d0 (0x0000bffd) c.j     pc - 2
core   0: 0 0x00000000800000d0 (0xbffd)
core   0: 0x00000000800000ce (0x00000505) c.addi  a0, 1
core   0: 0 0x00000000800000ce (0x0505) x10 0x0000000000000508
core   0: 0x00000000800000d0 (0x0000bffd) c.j     pc - 2
core   0: 0 0x00000000800000d0 (0xbffd)
core   0: 0x00000000800000ce (0x00000505) c.addi  a0, 1
core   0: 0 0x00000000800000ce (0x0505) x10 0x0000000000000509
core   0: 0x00000000800000d0 (0x0000bffd) c.j     pc - 2
core   0: 0 0x00000000800000d0 (0xbffd)
core   0: 0x00000000800000ce (0x00000505) c.addi  a0, 1
core   0: 0 0x00000000800000ce (0x0505) x10 0x000000000000050a
core   0: 0x00000000800000d0 (0x0000bffd) c.j     pc - 2
core   0: 0 0x00000000800000d0 (0xbffd)
core   0: 0x00000000800000ce (0x00000505) c.addi  a0, 1
core   0: 0 0x00000000800000ce (0x0505) x10 0x000000000000050b
core   0: 0x00000000800000d0 (0x0000bffd) c.j     pc - 2
core   0: 0 0x00000000800000d0 (0xbffd)
core   0: 0x00000000800000ce (0x00000505) c.addi  a0, 1
core   0: 0 0x00000000800000ce (0x0505) x10 0x000000000000050c
core   0: 0x00000000800000d0 (0x0000bffd) c.j     pc - 2
core   0: 0 0x00000000800000d0 (0xbffd)
core   0: 0x00000000800000ce (0x00000505) c.addi  a0, 1
core   0: 0 0x00000000800000ce (0x0505) x10 0x000000000000050d
core   0: 0x00000000800000d0 (0x0000bffd) c.j     pc - 2
core   0: 0 0x00000000800000d0 (0xbffd)
core   0: 0x00000000800000ce (0x00000505) c.addi  a0, 1
core   0: 0 0x00000000800000ce (0x0505) x10 0x000000000000050e
core   0: 0x00000000800000d0 (0x0000bffd) c.j     pc - 2
core   0: 0 0x00000000800000d0 (0xbffd)
core   0: 0x00000000800000ce (0x00000505) c.addi  a0, 1
core   0: 0 0x00000000800000ce (0x0505) x10 0x000000000000050f
core   0: 0x00000000800000d0 (0x0000bffd) c.j     pc - 2
core   0: 0 0x00000000800000d0 (0xbffd)
core   0: 0x00000000800000ce (0x00000505) c.addi  a0, 1
core   0: 0 0x00000000800000ce (0x0505) x10 0x0000000000000510
core   0: 0x00000000800000d0 (0x0000bffd) c.j     pc - 2
core   0: 0 0x00000000800000d0 (0xbffd)
core   0: 0x00000000800000ce (0x00000505) c.addi  a0, 1
core   0: 0 0x00000000800000ce (0x0505) x10 0x0000000000000511
core   0: 0x00000000800000d0 (0x0000bffd) c.j     pc - 2
core   0: 0 0x00000000800000d0 (0xbffd)
core   0: 0x00000000800000ce (0x00000505) c.addi  a0, 1
core   0: 0 0x00000000800000ce (0x0505) x10 0x0000000000000512
core   0: 0x00000000800000d0 (0x0000bffd) c.j     pc - 2
core   0: 0 0x00000000800000d0 (0xbffd)
core   0: 0x00000000800000ce (0x00000505) c.addi  a0, 1
core   0: 0 0x00000000800000ce (0x0505) x10 0x0000000000000513
core   0: 0x00000000800000d0 (0x0000bffd) c.j     pc - 2
core   0: 0 0x00000000800000d0 (0xbffd)
core   0: 0x00000000800000ce (0x00000505) c.addi  a0, 1
core   0: 0 0x00000000800000ce (0x0505) x10 0x0000000000000514
core   0: 0x00000000800000d0 (0x0000bffd) c.j     pc - 2
core   0: 0 0x00000000800000d0 (0xbffd)
core   0: 0x00000000800000ce (0x00000505) c.addi  a0, 1
core   0: 0 0x00000000800000ce (0x0505) x10 0x0000000000000515
core   0: 0x00000000800000d0 (0x0000bffd) c.j     pc - 2
core   0: 0 0x00000000800000d0 (0xbffd)
core   0: 0x00000000800000ce (0x00000505) c.addi  a0, 1
core   0: 0 0x00000000800000ce (0x0505) x10 0x0000000000000516
core   0: 0x00000000800000d0 (0x0000bffd) c.j     pc - 2
core   0: 0 0x00000000800000d0 (0xbffd)
core   0: 0x00000000800000ce (0x00000505) c.addi  a0, 1
core   0: 0 0x00000000800000ce (0x0505) x10 0x0000000000000517
core   0: 0x00000000800000d0 (0x0000bffd) c.j     pc - 2
core   0: 0 0x00000000800000d0 (0xbffd)
core   0: 0x00000000800000ce (0x00000505) c.addi  a0, 1
core   0: 0 0x00000000800000ce (0x0505) x10 0x0000000000000518
core   0: 0x00000000800000d0 (0x0000bffd) c.j     pc - 2
core   0: 0 0x00000000800000d0 (0xbffd)
core   0: 0x00000000800000ce (0x00000505) c.addi  a0, 1
core   0: 0 0x00000000800000ce (0x0505) x10 0x0000000000000519
core   0: 0x00000000800000d0 (0x0000bffd) c.j     pc - 2
core   0: 0 0x00000000800000d0 (0xbffd)
core   0: 0x00000000800000ce (0x00000505) c.addi  a0, 1
core   0: 0 0x00000000800000ce (0x0505) x10 0x000000000000051a
core   0: 0x00000000800000d0 (0x0000bffd) c.j     pc - 2
core   0: 0 0x00000000800000d0 (0xbffd)
core   0: 0x00000000800000ce (0x00000505) c.addi  a0, 1
core   0: 0 0x00000000800000ce (0x0505) x10 0x000000000000051b
core   0: 0x00000000800000d0 (0x0000bffd) c.j     pc - 2
core   0: 0 0x00000000800000d0 (0xbffd)
core   0: 0x00000000800000ce (0x00000505) c.addi  a0, 1
core   0: 0 0x00000000800000ce (0x0505) x10 0x000000000000051c
core   0: 0x00000000800000d0 (0x0000bffd) c.j     pc - 2
core   0: 0 0x00000000800000d0 (0xbffd)
core   0: 0x00000000800000ce (0x00000505) c.addi  a0, 1
core   0: 0 0x00000000800000ce (0x0505) x10 0x000000000000051d
core   0: 0x00000000800000d0 (0x0000bffd) c.j     pc - 2
core   0: 0 0x00000000800000d0 (0xbffd)
core   0: 0x00000000800000ce (0x00000505) c.addi  a0, 1
core   0: 0 0x00000000800000ce (0x0505) x10 0x000000000000051e
core   0: 0x00000000800000d0 (0x0000bffd) c.j     pc - 2
core   0: 0 0x00000000800000d0 (0xbffd)
core   0: 0x00000000800000ce (0x00000505) c.addi  a0, 1
core   0: 0 0x00000000800000ce (0x0505) x10 0x000000000000051f
core   0: 0x00000000800000d0 (0x0000bffd) c.j     pc - 2
core   0: 0 0x00000000800000d0 (0xbffd)
core   0: 0x00000000800000ce (0x00000505) c.addi  a0, 1
core   0: 0 0x00000000800000ce (0x0505) x10 0x0000000000000520
core   0: 0x00000000800000d0 (0x0000bffd) c.j     pc - 2
core   0: 0 0x00000000800000d0 (0xbffd)
core   0: 0x00000000800000ce (0x00000505) c.addi  a0, 1
core   0: 0 0x00000000800000ce (0x0505) x10 0x0000000000000521
core   0: 0x00000000800000d0 (0x0000bffd) c.j     pc - 2
core   0: 0 0x00000000800000d0 (0xbffd)
core   0: 0x00000000800000ce (0x00000505) c.addi  a0, 1
core   0: 0 0x00000000800000ce (0x0505) x10 0x0000000000000522
core   0: 0x00000000800000d0 (0x0000bffd) c.j     pc - 2
core   0: 0 0x00000000800000d0 (0xbffd)
core   0: 0x00000000800000ce (0x00000505) c.addi  a0, 1
core   0: 0 0x00000000800000ce (0x0505) x10 0x0000000000000523
core   0: 0x00000000800000d0 (0x0000bffd) c.j     pc - 2
core   0: 0 0x00000000800000d0 (0xbffd)
core   0: 0x00000000800000ce (0x00000505) c.addi  a0, 1
core   0: 0 0x00000000800000ce (0x0505) x10 0x0000000000000524
core   0: 0x00000000800000d0 (0x0000bffd) c.j     pc - 2
core   0: 0 0x00000000800000d0 (0xbffd)
core   0: 0x00000000800000ce (0x00000505) c.addi  a0, 1
core   0: 0 0x00000000800000ce (0x0505) x10 0x0000000000000525
core   0: 0x00000000800000d0 (0x0000bffd) c.j     pc - 2
core   0: 0 0x00000000800000d0 (0xbffd)
core   0: 0x00000000800000ce (0x00000505) c.addi  a0, 1
core   0: 0 0x00000000800000ce (0x0505) x10 0x0000000000000526
core   0: 0x00000000800000d0 (0x0000bffd) c.j     pc - 2
core   0: 0 0x00000000800000d0 (0xbffd)
core   0: 0x00000000800000ce (0x00000505) c.addi  a0, 1
core   0: 0 0x00000000800000ce (0x0505) x10 0x0000000000000527
core   0: 0x00000000800000d0 (0x0000bffd) c.j     pc - 2
core   0: 0 0x00000000800000d0 (0xbffd)
core   0: 0x00000000800000ce (0x00000505) c.addi  a0, 1
core   0: 0 0x00000000800000ce (0x0505) x10 0x0000000000000528
core   0: 0x00000000800000d0 (0x0000bffd) c.j     pc - 2
core   0: 0 0x00000000800000d0 (0xbffd)
core   0: 0x00000000800000ce (0x00000505) c.addi  a0, 1
core   0: 0 0x00000000800000ce (0x0505) x10 0x0000000000000529
core   0: 0x00000000800000d0 (0x0000bffd) c.j     pc - 2
core   0: 0 0x00000000800000d0 (0xbffd)
core   0: 0x00000000800000ce (0x00000505) c.addi  a0, 1
core   0: 0 0x00000000800000ce (0x0505) x10 0x000000000000052a
core   0: 0x00000000800000d0 (0x0000bffd) c.j     pc - 2
core   0: 0 0x00000000800000d0 (0xbffd)
core   0: 0x00000000800000ce (0x00000505) c.addi  a0, 1
core   0: 0 0x00000000800000ce (0x0505) x10 0x000000000000052b
core   0: 0x00000000800000d0 (0x0000bffd) c.j     pc - 2
core   0: 0 0x00000000800000d0 (0xbffd)
core   0: 0x00000000800000ce (0x00000505) c.addi  a0, 1
core   0: 0 0x00000000800000ce (0x0505) x10 0x000000000000052c
core   0: 0x00000000800000d0 (0x0000bffd) c.j     pc - 2
core   0: 0 0x00000000800000d0 (0xbffd)
core   0: 0x00000000800000ce (0x00000505) c.addi  a0, 1
core   0: 0 0x00000000800000ce (0x0505) x10 0x000000000000052d
core   0: 0x00000000800000d0 (0x0000bffd) c.j     pc - 2
core   0: 0 0x00000000800000d0 (0xbffd)
core   0: 0x00000000800000ce (0x00000505) c.addi  a0, 1
core   0: 0 0x00000000800000ce (0x0505) x10 0x000000000000052e
core   0: 0x00000000800000d0 (0x0000bffd) c.j     pc - 2
core   0: 0 0x00000000800000d0 (0xbffd)
core   0: 0x00000000800000ce (0x00000505) c.addi  a0, 1
core   0: 0 0x00000000800000ce (0x0505) x10 0x000000000000052f
core   0: 0x00000000800000d0 (0x0000bffd) c.j     pc - 2
core   0: 0 0x00000000800000d0 (0xbffd)
core   0: 0x00000000800000ce (0x00000505) c.addi  a0, 1
core   0: 0 0x00000000800000ce (0x0505) x10 0x0000000000000530
core   0: 0x00000000800000d0 (0x0000bffd) c.j     pc - 2
core   0: 0 0x00000000800000d0 (0xbffd)
core   0: 0x00000000800000ce (0x00000505) c.addi  a0, 1
core   0: 0 0x00000000800000ce (0x0505) x10 0x0000000000000531
core   0: 0x00000000800000d0 (0x0000bffd) c.j     pc - 2
core   0: 0 0x00000000800000d0 (0xbffd)
core   0: 0x00000000800000ce (0x00000505) c.addi  a0, 1
core   0: 0 0x00000000800000ce (0x0505) x10 0x0000000000000532
core   0: 0x00000000800000d0 (0x0000bffd) c.j     pc - 2
core   0: 0 0x00000000800000d0 (0xbffd)
core   0: 0x00000000800000ce (0x00000505) c.addi  a0, 1
core   0: 0 0x00000000800000ce (0x0505) x10 0x0000000000000533
core   0: 0x00000000800000d0 (0x0000bffd) c.j     pc - 2
core   0: 0 0x00000000800000d0 (0xbffd)
core   0: 0x00000000800000ce (0x00000505) c.addi  a0, 1
core   0: 0 0x00000000800000ce (0x0505) x10 0x0000000000000534
core   0: 0x00000000800000d0 (0x0000bffd) c.j     pc - 2
core   0: 0 0x00000000800000d0 (0xbffd)
core   0: 0x00000000800000ce (0x00000505) c.addi  a0, 1
core   0: 0 0x00000000800000ce (0x0505) x10 0x0000000000000535
core   0: 0x00000000800000d0 (0x0000bffd) c.j     pc - 2
core   0: 0 0x00000000800000d0 (0xbffd)
core   0: 0x00000000800000ce (0x00000505) c.addi  a0, 1
core   0: 0 0x00000000800000ce (0x0505) x10 0x0000000000000536
core   0: 0x00000000800000d0 (0x0000bffd) c.j     pc - 2
core   0: 0 0x00000000800000d0 (0xbffd)
core   0: 0x00000000800000ce (0x00000505) c.addi  a0, 1
core   0: 0 0x00000000800000ce (0x0505) x10 0x0000000000000537
core   0: 0x00000000800000d0 (0x0000bffd) c.j     pc - 2
core   0: 0 0x00000000800000d0 (0xbffd)
core   0: 0x00000000800000ce (0x00000505) c.addi  a0, 1
core   0: 0 0x00000000800000ce (0x0505) x10 0x0000000000000538
core   0: 0x00000000800000d0 (0x0000bffd) c.j     pc - 2
core   0: 0 0x00000000800000d0 (0xbffd)
core   0: 0x00000000800000ce (0x00000505) c.addi  a0, 1
core   0: 0 0x00000000800000ce (0x0505) x10 0x0000000000000539
core   0: 0x00000000800000d0 (0x0000bffd) c.j     pc - 2
core   0: 0 0x00000000800000d0 (0xbffd)
core   0: 0x00000000800000ce (0x00000505) c.addi  a0, 1
core   0: 0 0x00000000800000ce (0x0505) x10 0x000000000000053a
core   0: 0x00000000800000d0 (0x0000bffd) c.j     pc - 2
core   0: 0 0x00000000800000d0 (0xbffd)
core   0: 0x00000000800000ce (0x00000505) c.addi  a0, 1
core   0: 0 0x00000000800000ce (0x0505) x10 0x000000000000053b
core   0: 0x00000000800000d0 (0x0000bffd) c.j     pc - 2
core   0: 0 0x00000000800000d0 (0xbffd)
core   0: 0x00000000800000ce (0x00000505) c.addi  a0, 1
core   0: 0 0x00000000800000ce (0x0505) x10 0x000000000000053c
core   0: 0x00000000800000d0 (0x0000bffd) c.j     pc - 2
core   0: 0 0x00000000800000d0 (0xbffd)
core   0: 0x00000000800000ce (0x00000505) c.addi  a0, 1
core   0: 0 0x00000000800000ce (0x0505) x10 0x000000000000053d
core   0: 0x00000000800000d0 (0x0000bffd) c.j     pc - 2
core   0: 0 0x00000000800000d0 (0xbffd)
core   0: 0x00000000800000ce (0x00000505) c.addi  a0, 1
core   0: 0 0x00000000800000ce (0x0505) x10 0x000000000000053e
core   0: 0x00000000800000d0 (0x0000bffd) c.j     pc - 2
core   0: 0 0x00000000800000d0 (0xbffd)
core   0: 0x00000000800000ce (0x00000505) c.addi  a0, 1
core   0: 0 0x00000000800000ce (0x0505) x10 0x000000000000053f
core   0: 0x00000000800000d0 (0x0000bffd) c.j     pc - 2
core   0: 0 0x00000000800000d0 (0xbffd)
core   0: 0x00000000800000ce (0x00000505) c.addi  a0, 1
core   0: 0 0x00000000800000ce (0x0505) x10 0x0000000000000540
core   0: 0x00000000800000d0 (0x0000bffd) c.j     pc - 2
core   0: 0 0x00000000800000d0 (0xbffd)
core   0: 0x00000000800000ce (0x00000505) c.addi  a0, 1
core   0: 0 0x00000000800000ce (0x0505) x10 0x0000000000000541
core   0: 0x00000000800000d0 (0x0000bffd) c.j     pc - 2
core   0: 0 0x00000000800000d0 (0xbffd)
core   0: 0x00000000800000ce (0x00000505) c.addi  a0, 1
core   0: 0 0x00000000800000ce (0x0505) x10 0x0000000000000542
core   0: 0x00000000800000d0 (0x0000bffd) c.j     pc - 2
core   0: 0 0x00000000800000d0 (0xbffd)
core   0: 0x00000000800000ce (0x00000505) c.addi  a0, 1
core   0: 0 0x00000000800000ce (0x0505) x10 0x0000000000000543
core   0: 0x00000000800000d0 (0x0000bffd) c.j     pc - 2
core   0: 0 0x00000000800000d0 (0xbffd)
core   0: 0x00000000800000ce (0x00000505) c.addi  a0, 1
core   0: 0 0x00000000800000ce (0x0505) x10 0x0000000000000544
core   0: 0x00000000800000d0 (0x0000bffd) c.j     pc - 2
core   0: 0 0x00000000800000d0 (0xbffd)
core   0: 0x00000000800000ce (0x00000505) c.addi  a0, 1
core   0: 0 0x00000000800000ce (0x0505) x10 0x0000000000000545
core   0: 0x00000000800000d0 (0x0000bffd) c.j     pc - 2
core   0: 0 0x00000000800000d0 (0xbffd)
core   0: 0x00000000800000ce (0x00000505) c.addi  a0, 1
core   0: 0 0x00000000800000ce (0x0505) x10 0x0000000000000546
core   0: 0x00000000800000d0 (0x0000bffd) c.j     pc - 2
core   0: 0 0x00000000800000d0 (0xbffd)
core   0: 0x00000000800000ce (0x00000505) c.addi  a0, 1
core   0: 0 0x00000000800000ce (0x0505) x10 0x0000000000000547
core   0: 0x00000000800000d0 (0x0000bffd) c.j     pc - 2
core   0: 0 0x00000000800000d0 (0xbffd)
core   0: 0x00000000800000ce (0x00000505) c.addi  a0, 1
core   0: 0 0x00000000800000ce (0x0505) x10 0x0000000000000548
core   0: 0x00000000800000d0 (0x0000bffd) c.j     pc - 2
core   0: 0 0x00000000800000d0 (0xbffd)
core   0: 0x00000000800000ce (0x00000505) c.addi  a0, 1
core   0: 0 0x00000000800000ce (0x0505) x10 0x0000000000000549
core   0: 0x00000000800000d0 (0x0000bffd) c.j     pc - 2
core   0: 0 0x00000000800000d0 (0xbffd)
core   0: 0x00000000800000ce (0x00000505) c.addi  a0, 1
core   0: 0 0x00000000800000ce (0x0505) x10 0x000000000000054a
core   0: 0x00000000800000d0 (0x0000bffd) c.j     pc - 2
core   0: 0 0x00000000800000d0 (0xbffd)
core   0: 0x00000000800000ce (0x00000505) c.addi  a0, 1
core   0: 0 0x00000000800000ce (0x0505) x10 0x000000000000054b
core   0: 0x00000000800000d0 (0x0000bffd) c.j     pc - 2
core   0: 0 0x00000000800000d0 (0xbffd)
core   0: 0x00000000800000ce (0x00000505) c.addi  a0, 1
core   0: 0 0x00000000800000ce (0x0505) x10 0x000000000000054c
core   0: 0x00000000800000d0 (0x0000bffd) c.j     pc - 2
core   0: 0 0x00000000800000d0 (0xbffd)
core   0: 0x00000000800000ce (0x00000505) c.addi  a0, 1
core   0: 0 0x00000000800000ce (0x0505) x10 0x000000000000054d
core   0: 0x00000000800000d0 (0x0000bffd) c.j     pc - 2
core   0: 0 0x00000000800000d0 (0xbffd)
core   0: 0x00000000800000ce (0x00000505) c.addi  a0, 1
core   0: 0 0x00000000800000ce (0x0505) x10 0x000000000000054e
core   0: 0x00000000800000d0 (0x0000bffd) c.j     pc - 2
core   0: 0 0x00000000800000d0 (0xbffd)
core   0: 0x00000000800000ce (0x00000505) c.addi  a0, 1
core   0: 0 0x00000000800000ce (0x0505) x10 0x000000000000054f
core   0: 0x00000000800000d0 (0x0000bffd) c.j     pc - 2
core   0: 0 0x00000000800000d0 (0xbffd)
core   0: 0x00000000800000ce (0x00000505) c.addi  a0, 1
core   0: 0 0x00000000800000ce (0x0505) x10 0x0000000000000550
core   0: 0x00000000800000d0 (0x0000bffd) c.j     pc - 2
core   0: 0 0x00000000800000d0 (0xbffd)
core   0: 0x00000000800000ce (0x00000505) c.addi  a0, 1
core   0: 0 0x00000000800000ce (0x0505) x10 0x0000000000000551
core   0: 0x00000000800000d0 (0x0000bffd) c.j     pc - 2
core   0: 0 0x00000000800000d0 (0xbffd)
core   0: 0x00000000800000ce (0x00000505) c.addi  a0, 1
core   0: 0 0x00000000800000ce (0x0505) x10 0x0000000000000552
core   0: 0x00000000800000d0 (0x0000bffd) c.j     pc - 2
core   0: 0 0x00000000800000d0 (0xbffd)
core   0: 0x00000000800000ce (0x00000505) c.addi  a0, 1
core   0: 0 0x00000000800000ce (0x0505) x10 0x0000000000000553
core   0: 0x00000000800000d0 (0x0000bffd) c.j     pc - 2
core   0: 0 0x00000000800000d0 (0xbffd)
core   0: 0x00000000800000ce (0x00000505) c.addi  a0, 1
core   0: 0 0x00000000800000ce (0x0505) x10 0x0000000000000554
core   0: 0x00000000800000d0 (0x0000bffd) c.j     pc - 2
core   0: 0 0x00000000800000d0 (0xbffd)
core   0: 0x00000000800000ce (0x00000505) c.addi  a0, 1
core   0: 0 0x00000000800000ce (0x0505) x10 0x0000000000000555
core   0: 0x00000000800000d0 (0x0000bffd) c.j     pc - 2
core   0: 0 0x00000000800000d0 (0xbffd)
core   0: 0x00000000800000ce (0x00000505) c.addi  a0, 1
core   0: 0 0x00000000800000ce (0x0505) x10 0x0000000000000556
core   0: 0x00000000800000d0 (0x0000bffd) c.j     pc - 2
core   0: 0 0x00000000800000d0 (0xbffd)
core   0: 0x00000000800000ce (0x00000505) c.addi  a0, 1
core   0: 0 0x00000000800000ce (0x0505) x10 0x0000000000000557
core   0: 0x00000000800000d0 (0x0000bffd) c.j     pc - 2
core   0: 0 0x00000000800000d0 (0xbffd)
core   0: 0x00000000800000ce (0x00000505) c.addi  a0, 1
core   0: 0 0x00000000800000ce (0x0505) x10 0x0000000000000558
core   0: 0x00000000800000d0 (0x0000bffd) c.j     pc - 2
core   0: 0 0x00000000800000d0 (0xbffd)
core   0: 0x00000000800000ce (0x00000505) c.addi  a0, 1
core   0: 0 0x00000000800000ce (0x0505) x10 0x0000000000000559
core   0: 0x00000000800000d0 (0x0000bffd) c.j     pc - 2
core   0: 0 0x00000000800000d0 (0xbffd)
core   0: 0x00000000800000ce (0x00000505) c.addi  a0, 1
core   0: 0 0x00000000800000ce (0x0505) x10 0x000000000000055a
core   0: 0x00000000800000d0 (0x0000bffd) c.j     pc - 2
core   0: 0 0x00000000800000d0 (0xbffd)
core   0: 0x00000000800000ce (0x00000505) c.addi  a0, 1
core   0: 0 0x00000000800000ce (0x0505) x10 0x000000000000055b
core   0: 0x00000000800000d0 (0x0000bffd) c.j     pc - 2
core   0: 0 0x00000000800000d0 (0xbffd)
core   0: 0x00000000800000ce (0x00000505) c.addi  a0, 1
core   0: 0 0x00000000800000ce (0x0505) x10 0x000000000000055c
core   0: 0x00000000800000d0 (0x0000bffd) c.j     pc - 2
core   0: 0 0x00000000800000d0 (0xbffd)
core   0: 0x00000000800000ce (0x00000505) c.addi  a0, 1
core   0: 0 0x00000000800000ce (0x0505) x10 0x000000000000055d
core   0: 0x00000000800000d0 (0x0000bffd) c.j     pc - 2
core   0: 0 0x00000000800000d0 (0xbffd)
core   0: 0x00000000800000ce (0x00000505) c.addi  a0, 1
core   0: 0 0x00000000800000ce (0x0505) x10 0x000000000000055e
core   0: 0x00000000800000d0 (0x0000bffd) c.j     pc - 2
core   0: 0 0x00000000800000d0 (0xbffd)
core   0: 0x00000000800000ce (0x00000505) c.addi  a0, 1
core   0: 0 0x00000000800000ce (0x0505) x10 0x000000000000055f
core   0: 0x00000000800000d0 (0x0000bffd) c.j     pc - 2
core   0: 0 0x00000000800000d0 (0xbffd)
core   0: 0x00000000800000ce (0x00000505) c.addi  a0, 1
core   0: 0 0x00000000800000ce (0x0505) x10 0x0000000000000560
core   0: 0x00000000800000d0 (0x0000bffd) c.j     pc - 2
core   0: 0 0x00000000800000d0 (0xbffd)
core   0: 0x00000000800000ce (0x00000505) c.addi  a0, 1
core   0: 0 0x00000000800000ce (0x0505) x10 0x0000000000000561
core   0: 0x00000000800000d0 (0x0000bffd) c.j     pc - 2
core   0: 0 0x00000000800000d0 (0xbffd)
core   0: 0x00000000800000ce (0x00000505) c.addi  a0, 1
core   0: 0 0x00000000800000ce (0x0505) x10 0x0000000000000562
core   0: 0x00000000800000d0 (0x0000bffd) c.j     pc - 2
core   0: 0 0x00000000800000d0 (0xbffd)
core   0: 0x00000000800000ce (0x00000505) c.addi  a0, 1
core   0: 0 0x00000000800000ce (0x0505) x10 0x0000000000000563
core   0: 0x00000000800000d0 (0x0000bffd) c.j     pc - 2
core   0: 0 0x00000000800000d0 (0xbffd)
core   0: 0x00000000800000ce (0x00000505) c.addi  a0, 1
core   0: 0 0x00000000800000ce (0x0505) x10 0x0000000000000564
core   0: 0x00000000800000d0 (0x0000bffd) c.j     pc - 2
core   0: 0 0x00000000800000d0 (0xbffd)
core   0: 0x00000000800000ce (0x00000505) c.addi  a0, 1
core   0: 0 0x00000000800000ce (0x0505) x10 0x0000000000000565
core   0: 0x00000000800000d0 (0x0000bffd) c.j     pc - 2
core   0: 0 0x00000000800000d0 (0xbffd)
core   0: 0x00000000800000ce (0x00000505) c.addi  a0, 1
core   0: 0 0x00000000800000ce (0x0505) x10 0x0000000000000566
core   0: 0x00000000800000d0 (0x0000bffd) c.j     pc - 2
core   0: 0 0x00000000800000d0 (0xbffd)
core   0: 0x00000000800000ce (0x00000505) c.addi  a0, 1
core   0: 0 0x00000000800000ce (0x0505) x10 0x0000000000000567
core   0: 0x00000000800000d0 (0x0000bffd) c.j     pc - 2
core   0: 0 0x00000000800000d0 (0xbffd)
core   0: 0x00000000800000ce (0x00000505) c.addi  a0, 1
core   0: 0 0x00000000800000ce (0x0505) x10 0x0000000000000568
core   0: 0x00000000800000d0 (0x0000bffd) c.j     pc - 2
core   0: 0 0x00000000800000d0 (0xbffd)
core   0: 0x00000000800000ce (0x00000505) c.addi  a0, 1
core   0: 0 0x00000000800000ce (0x0505) x10 0x0000000000000569
core   0: 0x00000000800000d0 (0x0000bffd) c.j     pc - 2
core   0: 0 0x00000000800000d0 (0xbffd)
core   0: 0x00000000800000ce (0x00000505) c.addi  a0, 1
core   0: 0 0x00000000800000ce (0x0505) x10 0x000000000000056a
core   0: 0x00000000800000d0 (0x0000bffd) c.j     pc - 2
core   0: 0 0x00000000800000d0 (0xbffd)
core   0: 0x00000000800000ce (0x00000505) c.addi  a0, 1
core   0: 0 0x00000000800000ce (0x0505) x10 0x000000000000056b
core   0: 0x00000000800000d0 (0x0000bffd) c.j     pc - 2
core   0: 0 0x00000000800000d0 (0xbffd)
core   0: 0x00000000800000ce (0x00000505) c.addi  a0, 1
core   0: 0 0x00000000800000ce (0x0505) x10 0x000000000000056c
core   0: 0x00000000800000d0 (0x0000bffd) c.j     pc - 2
core   0: 0 0x00000000800000d0 (0xbffd)
core   0: 0x00000000800000ce (0x00000505) c.addi  a0, 1
core   0: 0 0x00000000800000ce (0x0505) x10 0x000000000000056d
core   0: 0x00000000800000d0 (0x0000bffd) c.j     pc - 2
core   0: 0 0x00000000800000d0 (0xbffd)
core   0: 0x00000000800000ce (0x00000505) c.addi  a0, 1
core   0: 0 0x00000000800000ce (0x0505) x10 0x000000000000056e
core   0: 0x00000000800000d0 (0x0000bffd) c.j     pc - 2
core   0: 0 0x00000000800000d0 (0xbffd)
core   0: 0x00000000800000ce (0x00000505) c.addi  a0, 1
core   0: 0 0x00000000800000ce (0x0505) x10 0x000000000000056f
core   0: 0x00000000800000d0 (0x0000bffd) c.j     pc - 2
core   0: 0 0x00000000800000d0 (0xbffd)
core   0: 0x00000000800000ce (0x00000505) c.addi  a0, 1
core   0: 0 0x00000000800000ce (0x0505) x10 0x0000000000000570
core   0: 0x00000000800000d0 (0x0000bffd) c.j     pc - 2
core   0: 0 0x00000000800000d0 (0xbffd)
core   0: 0x00000000800000ce (0x00000505) c.addi  a0, 1
core   0: 0 0x00000000800000ce (0x0505) x10 0x0000000000000571
core   0: 0x00000000800000d0 (0x0000bffd) c.j     pc - 2
core   0: 0 0x00000000800000d0 (0xbffd)
core   0: 0x00000000800000ce (0x00000505) c.addi  a0, 1
core   0: 0 0x00000000800000ce (0x0505) x10 0x0000000000000572
core   0: 0x00000000800000d0 (0x0000bffd) c.j     pc - 2
core   0: 0 0x00000000800000d0 (0xbffd)
core   0: 0x00000000800000ce (0x00000505) c.addi  a0, 1
core   0: 0 0x00000000800000ce (0x0505) x10 0x0000000000000573
core   0: 0x00000000800000d0 (0x0000bffd) c.j     pc - 2
core   0: 0 0x00000000800000d0 (0xbffd)
core   0: 0x00000000800000ce (0x00000505) c.addi  a0, 1
core   0: 0 0x00000000800000ce (0x0505) x10 0x0000000000000574
core   0: 0x00000000800000d0 (0x0000bffd) c.j     pc - 2
core   0: 0 0x00000000800000d0 (0xbffd)
core   0: 0x00000000800000ce (0x00000505) c.addi  a0, 1
core   0: 0 0x00000000800000ce (0x0505) x10 0x0000000000000575
core   0: 0x00000000800000d0 (0x0000bffd) c.j     pc - 2
core   0: 0 0x00000000800000d0 (0xbffd)
core   0: 0x00000000800000ce (0x00000505) c.addi  a0, 1
core   0: 0 0x00000000800000ce (0x0505) x10 0x0000000000000576
core   0: 0x00000000800000d0 (0x0000bffd) c.j     pc - 2
core   0: 0 0x00000000800000d0 (0xbffd)
core   0: 0x00000000800000ce (0x00000505) c.addi  a0, 1
core   0: 0 0x00000000800000ce (0x0505) x10 0x0000000000000577
core   0: 0x00000000800000d0 (0x0000bffd) c.j     pc - 2
core   0: 0 0x00000000800000d0 (0xbffd)
core   0: 0x00000000800000ce (0x00000505) c.addi  a0, 1
core   0: 0 0x00000000800000ce (0x0505) x10 0x0000000000000578
core   0: 0x00000000800000d0 (0x0000bffd) c.j     pc - 2
core   0: 0 0x00000000800000d0 (0xbffd)
core   0: 0x00000000800000ce (0x00000505) c.addi  a0, 1
core   0: 0 0x00000000800000ce (0x0505) x10 0x0000000000000579
core   0: 0x00000000800000d0 (0x0000bffd) c.j     pc - 2
core   0: 0 0x00000000800000d0 (0xbffd)
core   0: 0x00000000800000ce (0x00000505) c.addi  a0, 1
core   0: 0 0x00000000800000ce (0x0505) x10 0x000000000000057a
core   0: 0x00000000800000d0 (0x0000bffd) c.j     pc - 2
core   0: 0 0x00000000800000d0 (0xbffd)
core   0: 0x00000000800000ce (0x00000505) c.addi  a0, 1
core   0: 0 0x00000000800000ce (0x0505) x10 0x000000000000057b
core   0: 0x00000000800000d0 (0x0000bffd) c.j     pc - 2
core   0: 0 0x00000000800000d0 (0xbffd)
core   0: 0x00000000800000ce (0x00000505) c.addi  a0, 1
core   0: 0 0x00000000800000ce (0x0505) x10 0x000000000000057c
core   0: 0x00000000800000d0 (0x0000bffd) c.j     pc - 2
core   0: 0 0x00000000800000d0 (0xbffd)
core   0: 0x00000000800000ce (0x00000505) c.addi  a0, 1
core   0: 0 0x00000000800000ce (0x0505) x10 0x000000000000057d
core   0: 0x00000000800000d0 (0x0000bffd) c.j     pc - 2
core   0: 0 0x00000000800000d0 (0xbffd)
core   0: 0x00000000800000ce (0x00000505) c.addi  a0, 1
core   0: 0 0x00000000800000ce (0x0505) x10 0x000000000000057e
core   0: 0x00000000800000d0 (0x0000bffd) c.j     pc - 2
core   0: 0 0x00000000800000d0 (0xbffd)
core   0: 0x00000000800000ce (0x00000505) c.addi  a0, 1
core   0: 0 0x00000000800000ce (0x0505) x10 0x000000000000057f
core   0: 0x00000000800000d0 (0x0000bffd) c.j     pc - 2
core   0: 0 0x00000000800000d0 (0xbffd)
core   0: 0x00000000800000ce (0x00000505) c.addi  a0, 1
core   0: 0 0x00000000800000ce (0x0505) x10 0x0000000000000580
core   0: 0x00000000800000d0 (0x0000bffd) c.j     pc - 2
core   0: 0 0x00000000800000d0 (0xbffd)
core   0: 0x00000000800000ce (0x00000505) c.addi  a0, 1
core   0: 0 0x00000000800000ce (0x0505) x10 0x0000000000000581
core   0: 0x00000000800000d0 (0x0000bffd) c.j     pc - 2
core   0: 0 0x00000000800000d0 (0xbffd)
core   0: 0x00000000800000ce (0x00000505) c.addi  a0, 1
core   0: 0 0x00000000800000ce (0x0505) x10 0x0000000000000582
core   0: 0x00000000800000d0 (0x0000bffd) c.j     pc - 2
core   0: 0 0x00000000800000d0 (0xbffd)
core   0: 0x00000000800000ce (0x00000505) c.addi  a0, 1
core   0: 0 0x00000000800000ce (0x0505) x10 0x0000000000000583
core   0: 0x00000000800000d0 (0x0000bffd) c.j     pc - 2
core   0: 0 0x00000000800000d0 (0xbffd)
core   0: 0x00000000800000ce (0x00000505) c.addi  a0, 1
core   0: 0 0x00000000800000ce (0x0505) x10 0x0000000000000584
core   0: 0x00000000800000d0 (0x0000bffd) c.j     pc - 2
core   0: 0 0x00000000800000d0 (0xbffd)
core   0: 0x00000000800000ce (0x00000505) c.addi  a0, 1
core   0: 0 0x00000000800000ce (0x0505) x10 0x0000000000000585
core   0: 0x00000000800000d0 (0x0000bffd) c.j     pc - 2
core   0: 0 0x00000000800000d0 (0xbffd)
core   0: 0x00000000800000ce (0x00000505) c.addi  a0, 1
core   0: 0 0x00000000800000ce (0x0505) x10 0x0000000000000586
core   0: 0x00000000800000d0 (0x0000bffd) c.j     pc - 2
core   0: 0 0x00000000800000d0 (0xbffd)
core   0: 0x00000000800000ce (0x00000505) c.addi  a0, 1
core   0: 0 0x00000000800000ce (0x0505) x10 0x0000000000000587
core   0: 0x00000000800000d0 (0x0000bffd) c.j     pc - 2
core   0: 0 0x00000000800000d0 (0xbffd)
core   0: 0x00000000800000ce (0x00000505) c.addi  a0, 1
core   0: 0 0x00000000800000ce (0x0505) x10 0x0000000000000588
core   0: 0x00000000800000d0 (0x0000bffd) c.j     pc - 2
core   0: 0 0x00000000800000d0 (0xbffd)
core   0: 0x00000000800000ce (0x00000505) c.addi  a0, 1
core   0: 0 0x00000000800000ce (0x0505) x10 0x0000000000000589
core   0: 0x00000000800000d0 (0x0000bffd) c.j     pc - 2
core   0: 0 0x00000000800000d0 (0xbffd)
core   0: 0x00000000800000ce (0x00000505) c.addi  a0, 1
core   0: 0 0x00000000800000ce (0x0505) x10 0x000000000000058a
core   0: 0x00000000800000d0 (0x0000bffd) c.j     pc - 2
core   0: 0 0x00000000800000d0 (0xbffd)
core   0: 0x00000000800000ce (0x00000505) c.addi  a0, 1
core   0: 0 0x00000000800000ce (0x0505) x10 0x000000000000058b
core   0: 0x00000000800000d0 (0x0000bffd) c.j     pc - 2
core   0: 0 0x00000000800000d0 (0xbffd)
core   0: 0x00000000800000ce (0x00000505) c.addi  a0, 1
core   0: 0 0x00000000800000ce (0x0505) x10 0x000000000000058c
core   0: 0x00000000800000d0 (0x0000bffd) c.j     pc - 2
core   0: 0 0x00000000800000d0 (0xbffd)
core   0: 0x00000000800000ce (0x00000505) c.addi  a0, 1
core   0: 0 0x00000000800000ce (0x0505) x10 0x000000000000058d
core   0: 0x00000000800000d0 (0x0000bffd) c.j     pc - 2
core   0: 0 0x00000000800000d0 (0xbffd)
core   0: 0x00000000800000ce (0x00000505) c.addi  a0, 1
core   0: 0 0x00000000800000ce (0x0505) x10 0x000000000000058e
core   0: 0x00000000800000d0 (0x0000bffd) c.j     pc - 2
core   0: 0 0x00000000800000d0 (0xbffd)
core   0: 0x00000000800000ce (0x00000505) c.addi  a0, 1
core   0: 0 0x00000000800000ce (0x0505) x10 0x000000000000058f
core   0: 0x00000000800000d0 (0x0000bffd) c.j     pc - 2
core   0: 0 0x00000000800000d0 (0xbffd)
core   0: 0x00000000800000ce (0x00000505) c.addi  a0, 1
core   0: 0 0x00000000800000ce (0x0505) x10 0x0000000000000590
core   0: 0x00000000800000d0 (0x0000bffd) c.j     pc - 2
core   0: 0 0x00000000800000d0 (0xbffd)
core   0: 0x00000000800000ce (0x00000505) c.addi  a0, 1
core   0: 0 0x00000000800000ce (0x0505) x10 0x0000000000000591
core   0: 0x00000000800000d0 (0x0000bffd) c.j     pc - 2
core   0: 0 0x00000000800000d0 (0xbffd)
core   0: 0x00000000800000ce (0x00000505) c.addi  a0, 1
core   0: 0 0x00000000800000ce (0x0505) x10 0x0000000000000592
core   0: 0x00000000800000d0 (0x0000bffd) c.j     pc - 2
core   0: 0 0x00000000800000d0 (0xbffd)
core   0: 0x00000000800000ce (0x00000505) c.addi  a0, 1
core   0: 0 0x00000000800000ce (0x0505) x10 0x0000000000000593
core   0: 0x00000000800000d0 (0x0000bffd) c.j     pc - 2
core   0: 0 0x00000000800000d0 (0xbffd)
core   0: 0x00000000800000ce (0x00000505) c.addi  a0, 1
core   0: 0 0x00000000800000ce (0x0505) x10 0x0000000000000594
core   0: 0x00000000800000d0 (0x0000bffd) c.j     pc - 2
core   0: 0 0x00000000800000d0 (0xbffd)
core   0: 0x00000000800000ce (0x00000505) c.addi  a0, 1
core   0: 0 0x00000000800000ce (0x0505) x10 0x0000000000000595
core   0: 0x00000000800000d0 (0x0000bffd) c.j     pc - 2
core   0: 0 0x00000000800000d0 (0xbffd)
core   0: 0x00000000800000ce (0x00000505) c.addi  a0, 1
core   0: 0 0x00000000800000ce (0x0505) x10 0x0000000000000596
core   0: 0x00000000800000d0 (0x0000bffd) c.j     pc - 2
core   0: 0 0x00000000800000d0 (0xbffd)
core   0: 0x00000000800000ce (0x00000505) c.addi  a0, 1
core   0: 0 0x00000000800000ce (0x0505) x10 0x0000000000000597
core   0: 0x00000000800000d0 (0x0000bffd) c.j     pc - 2
core   0: 0 0x00000000800000d0 (0xbffd)
core   0: 0x00000000800000ce (0x00000505) c.addi  a0, 1
core   0: 0 0x00000000800000ce (0x0505) x10 0x0000000000000598
core   0: 0x00000000800000d0 (0x0000bffd) c.j     pc - 2
core   0: 0 0x00000000800000d0 (0xbffd)
core   0: 0x00000000800000ce (0x00000505) c.addi  a0, 1
core   0: 0 0x00000000800000ce (0x0505) x10 0x0000000000000599
core   0: 0x00000000800000d0 (0x0000bffd) c.j     pc - 2
core   0: 0 0x00000000800000d0 (0xbffd)
core   0: 0x00000000800000ce (0x00000505) c.addi  a0, 1
core   0: 0 0x00000000800000ce (0x0505) x10 0x000000000000059a
core   0: 0x00000000800000d0 (0x0000bffd) c.j     pc - 2
core   0: 0 0x00000000800000d0 (0xbffd)
core   0: 0x00000000800000ce (0x00000505) c.addi  a0, 1
core   0: 0 0x00000000800000ce (0x0505) x10 0x000000000000059b
core   0: 0x00000000800000d0 (0x0000bffd) c.j     pc - 2
core   0: 0 0x00000000800000d0 (0xbffd)
core   0: 0x00000000800000ce (0x00000505) c.addi  a0, 1
core   0: 0 0x00000000800000ce (0x0505) x10 0x000000000000059c
core   0: 0x00000000800000d0 (0x0000bffd) c.j     pc - 2
core   0: 0 0x00000000800000d0 (0xbffd)
core   0: 0x00000000800000ce (0x00000505) c.addi  a0, 1
core   0: 0 0x00000000800000ce (0x0505) x10 0x000000000000059d
core   0: 0x00000000800000d0 (0x0000bffd) c.j     pc - 2
core   0: 0 0x00000000800000d0 (0xbffd)
core   0: 0x00000000800000ce (0x00000505) c.addi  a0, 1
core   0: 0 0x00000000800000ce (0x0505) x10 0x000000000000059e
core   0: 0x00000000800000d0 (0x0000bffd) c.j     pc - 2
core   0: 0 0x00000000800000d0 (0xbffd)
core   0: 0x00000000800000ce (0x00000505) c.addi  a0, 1
core   0: 0 0x00000000800000ce (0x0505) x10 0x000000000000059f
core   0: 0x00000000800000d0 (0x0000bffd) c.j     pc - 2
core   0: 0 0x00000000800000d0 (0xbffd)
core   0: 0x00000000800000ce (0x00000505) c.addi  a0, 1
core   0: 0 0x00000000800000ce (0x0505) x10 0x00000000000005a0
core   0: 0x00000000800000d0 (0x0000bffd) c.j     pc - 2
core   0: 0 0x00000000800000d0 (0xbffd)
core   0: 0x00000000800000ce (0x00000505) c.addi  a0, 1
core   0: 0 0x00000000800000ce (0x0505) x10 0x00000000000005a1
core   0: 0x00000000800000d0 (0x0000bffd) c.j     pc - 2
core   0: 0 0x00000000800000d0 (0xbffd)
core   0: 0x00000000800000ce (0x00000505) c.addi  a0, 1
core   0: 0 0x00000000800000ce (0x0505) x10 0x00000000000005a2
core   0: 0x00000000800000d0 (0x0000bffd) c.j     pc - 2
core   0: 0 0x00000000800000d0 (0xbffd)
core   0: 0x00000000800000ce (0x00000505) c.addi  a0, 1
core   0: 0 0x00000000800000ce (0x0505) x10 0x00000000000005a3
core   0: 0x00000000800000d0 (0x0000bffd) c.j     pc - 2
core   0: 0 0x00000000800000d0 (0xbffd)
core   0: 0x00000000800000ce (0x00000505) c.addi  a0, 1
core   0: 0 0x00000000800000ce (0x0505) x10 0x00000000000005a4
core   0: 0x00000000800000d0 (0x0000bffd) c.j     pc - 2
core   0: 0 0x00000000800000d0 (0xbffd)
core   0: 0x00000000800000ce (0x00000505) c.addi  a0, 1
core   0: 0 0x00000000800000ce (0x0505) x10 0x00000000000005a5
core   0: 0x00000000800000d0 (0x0000bffd) c.j     pc - 2
core   0: 0 0x00000000800000d0 (0xbffd)
core   0: 0x00000000800000ce (0x00000505) c.addi  a0, 1
core   0: 0 0x00000000800000ce (0x0505) x10 0x00000000000005a6
core   0: 0x00000000800000d0 (0x0000bffd) c.j     pc - 2
core   0: 0 0x00000000800000d0 (0xbffd)
core   0: 0x00000000800000ce (0x00000505) c.addi  a0, 1
core   0: 0 0x00000000800000ce (0x0505) x10 0x00000000000005a7
core   0: 0x00000000800000d0 (0x0000bffd) c.j     pc - 2
core   0: 0 0x00000000800000d0 (0xbffd)
core   0: 0x00000000800000ce (0x00000505) c.addi  a0, 1
core   0: 0 0x00000000800000ce (0x0505) x10 0x00000000000005a8
core   0: 0x00000000800000d0 (0x0000bffd) c.j     pc - 2
core   0: 0 0x00000000800000d0 (0xbffd)
core   0: 0x00000000800000ce (0x00000505) c.addi  a0, 1
core   0: 0 0x00000000800000ce (0x0505) x10 0x00000000000005a9
core   0: 0x00000000800000d0 (0x0000bffd) c.j     pc - 2
core   0: 0 0x00000000800000d0 (0xbffd)
core   0: 0x00000000800000ce (0x00000505) c.addi  a0, 1
core   0: 0 0x00000000800000ce (0x0505) x10 0x00000000000005aa
core   0: 0x00000000800000d0 (0x0000bffd) c.j     pc - 2
core   0: 0 0x00000000800000d0 (0xbffd)
core   0: 0x00000000800000ce (0x00000505) c.addi  a0, 1
core   0: 0 0x00000000800000ce (0x0505) x10 0x00000000000005ab
core   0: 0x00000000800000d0 (0x0000bffd) c.j     pc - 2
core   0: 0 0x00000000800000d0 (0xbffd)
core   0: 0x00000000800000ce (0x00000505) c.addi  a0, 1
core   0: 0 0x00000000800000ce (0x0505) x10 0x00000000000005ac
core   0: 0x00000000800000d0 (0x0000bffd) c.j     pc - 2
core   0: 0 0x00000000800000d0 (0xbffd)
core   0: 0x00000000800000ce (0x00000505) c.addi  a0, 1
core   0: 0 0x00000000800000ce (0x0505) x10 0x00000000000005ad
core   0: 0x00000000800000d0 (0x0000bffd) c.j     pc - 2
core   0: 0 0x00000000800000d0 (0xbffd)
core   0: 0x00000000800000ce (0x00000505) c.addi  a0, 1
core   0: 0 0x00000000800000ce (0x0505) x10 0x00000000000005ae
core   0: 0x00000000800000d0 (0x0000bffd) c.j     pc - 2
core   0: 0 0x00000000800000d0 (0xbffd)
core   0: 0x00000000800000ce (0x00000505) c.addi  a0, 1
core   0: 0 0x00000000800000ce (0x0505) x10 0x00000000000005af
core   0: 0x00000000800000d0 (0x0000bffd) c.j     pc - 2
core   0: 0 0x00000000800000d0 (0xbffd)
core   0: 0x00000000800000ce (0x00000505) c.addi  a0, 1
core   0: 0 0x00000000800000ce (0x0505) x10 0x00000000000005b0
core   0: 0x00000000800000d0 (0x0000bffd) c.j     pc - 2
core   0: 0 0x00000000800000d0 (0xbffd)
core   0: 0x00000000800000ce (0x00000505) c.addi  a0, 1
core   0: 0 0x00000000800000ce (0x0505) x10 0x00000000000005b1
core   0: 0x00000000800000d0 (0x0000bffd) c.j     pc - 2
core   0: 0 0x00000000800000d0 (0xbffd)
core   0: 0x00000000800000ce (0x00000505) c.addi  a0, 1
core   0: 0 0x00000000800000ce (0x0505) x10 0x00000000000005b2
core   0: 0x00000000800000d0 (0x0000bffd) c.j     pc - 2
core   0: 0 0x00000000800000d0 (0xbffd)
core   0: 0x00000000800000ce (0x00000505) c.addi  a0, 1
core   0: 0 0x00000000800000ce (0x0505) x10 0x00000000000005b3
core   0: 0x00000000800000d0 (0x0000bffd) c.j     pc - 2
core   0: 0 0x00000000800000d0 (0xbffd)
core   0: 0x00000000800000ce (0x00000505) c.addi  a0, 1
core   0: 0 0x00000000800000ce (0x0505) x10 0x00000000000005b4
core   0: 0x00000000800000d0 (0x0000bffd) c.j     pc - 2
core   0: 0 0x00000000800000d0 (0xbffd)
core   0: 0x00000000800000ce (0x00000505) c.addi  a0, 1
core   0: 0 0x00000000800000ce (0x0505) x10 0x00000000000005b5
core   0: 0x00000000800000d0 (0x0000bffd) c.j     pc - 2
core   0: 0 0x00000000800000d0 (0xbffd)
core   0: 0x00000000800000ce (0x00000505) c.addi  a0, 1
core   0: 0 0x00000000800000ce (0x0505) x10 0x00000000000005b6
core   0: 0x00000000800000d0 (0x0000bffd) c.j     pc - 2
core   0: 0 0x00000000800000d0 (0xbffd)
core   0: 0x00000000800000ce (0x00000505) c.addi  a0, 1
core   0: 0 0x00000000800000ce (0x0505) x10 0x00000000000005b7
core   0: 0x00000000800000d0 (0x0000bffd) c.j     pc - 2
core   0: 0 0x00000000800000d0 (0xbffd)
core   0: 0x00000000800000ce (0x00000505) c.addi  a0, 1
core   0: 0 0x00000000800000ce (0x0505) x10 0x00000000000005b8
core   0: 0x00000000800000d0 (0x0000bffd) c.j     pc - 2
core   0: 0 0x00000000800000d0 (0xbffd)
core   0: 0x00000000800000ce (0x00000505) c.addi  a0, 1
core   0: 0 0x00000000800000ce (0x0505) x10 0x00000000000005b9
core   0: 0x00000000800000d0 (0x0000bffd) c.j     pc - 2
core   0: 0 0x00000000800000d0 (0xbffd)
core   0: 0x00000000800000ce (0x00000505) c.addi  a0, 1
core   0: 0 0x00000000800000ce (0x0505) x10 0x00000000000005ba
core   0: 0x00000000800000d0 (0x0000bffd) c.j     pc - 2
core   0: 0 0x00000000800000d0 (0xbffd)
core   0: 0x00000000800000ce (0x00000505) c.addi  a0, 1
core   0: 0 0x00000000800000ce (0x0505) x10 0x00000000000005bb
core   0: 0x00000000800000d0 (0x0000bffd) c.j     pc - 2
core   0: 0 0x00000000800000d0 (0xbffd)
core   0: 0x00000000800000ce (0x00000505) c.addi  a0, 1
core   0: 0 0x00000000800000ce (0x0505) x10 0x00000000000005bc
core   0: 0x00000000800000d0 (0x0000bffd) c.j     pc - 2
core   0: 0 0x00000000800000d0 (0xbffd)
core   0: 0x00000000800000ce (0x00000505) c.addi  a0, 1
core   0: 0 0x00000000800000ce (0x0505) x10 0x00000000000005bd
core   0: 0x00000000800000d0 (0x0000bffd) c.j     pc - 2
core   0: 0 0x00000000800000d0 (0xbffd)
core   0: 0x00000000800000ce (0x00000505) c.addi  a0, 1
core   0: 0 0x00000000800000ce (0x0505) x10 0x00000000000005be
core   0: 0x00000000800000d0 (0x0000bffd) c.j     pc - 2
core   0: 0 0x00000000800000d0 (0xbffd)
core   0: 0x00000000800000ce (0x00000505) c.addi  a0, 1
core   0: 0 0x00000000800000ce (0x0505) x10 0x00000000000005bf
core   0: 0x00000000800000d0 (0x0000bffd) c.j     pc - 2
core   0: 0 0x00000000800000d0 (0xbffd)
core   0: 0x00000000800000ce (0x00000505) c.addi  a0, 1
core   0: 0 0x00000000800000ce (0x0505) x10 0x00000000000005c0
core   0: 0x00000000800000d0 (0x0000bffd) c.j     pc - 2
core   0: 0 0x00000000800000d0 (0xbffd)
core   0: 0x00000000800000ce (0x00000505) c.addi  a0, 1
core   0: 0 0x00000000800000ce (0x0505) x10 0x00000000000005c1
core   0: 0x00000000800000d0 (0x0000bffd) c.j     pc - 2
core   0: 0 0x00000000800000d0 (0xbffd)
core   0: 0x00000000800000ce (0x00000505) c.addi  a0, 1
core   0: 0 0x00000000800000ce (0x0505) x10 0x00000000000005c2
core   0: 0x00000000800000d0 (0x0000bffd) c.j     pc - 2
core   0: 0 0x00000000800000d0 (0xbffd)
core   0: 0x00000000800000ce (0x00000505) c.addi  a0, 1
core   0: 0 0x00000000800000ce (0x0505) x10 0x00000000000005c3
core   0: 0x00000000800000d0 (0x0000bffd) c.j     pc - 2
core   0: 0 0x00000000800000d0 (0xbffd)
core   0: 0x00000000800000ce (0x00000505) c.addi  a0, 1
core   0: 0 0x00000000800000ce (0x0505) x10 0x00000000000005c4
core   0: 0x00000000800000d0 (0x0000bffd) c.j     pc - 2
core   0: 0 0x00000000800000d0 (0xbffd)
core   0: 0x00000000800000ce (0x00000505) c.addi  a0, 1
core   0: 0 0x00000000800000ce (0x0505) x10 0x00000000000005c5
core   0: 0x00000000800000d0 (0x0000bffd) c.j     pc - 2
core   0: 0 0x00000000800000d0 (0xbffd)
core   0: 0x00000000800000ce (0x00000505) c.addi  a0, 1
core   0: 0 0x00000000800000ce (0x0505) x10 0x00000000000005c6
core   0: 0x00000000800000d0 (0x0000bffd) c.j     pc - 2
core   0: 0 0x00000000800000d0 (0xbffd)
core   0: 0x00000000800000ce (0x00000505) c.addi  a0, 1
core   0: 0 0x00000000800000ce (0x0505) x10 0x00000000000005c7
core   0: 0x00000000800000d0 (0x0000bffd) c.j     pc - 2
core   0: 0 0x00000000800000d0 (0xbffd)
core   0: 0x00000000800000ce (0x00000505) c.addi  a0, 1
core   0: 0 0x00000000800000ce (0x0505) x10 0x00000000000005c8
core   0: 0x00000000800000d0 (0x0000bffd) c.j     pc - 2
core   0: 0 0x00000000800000d0 (0xbffd)
core   0: 0x00000000800000ce (0x00000505) c.addi  a0, 1
core   0: 0 0x00000000800000ce (0x0505) x10 0x00000000000005c9
core   0: 0x00000000800000d0 (0x0000bffd) c.j     pc - 2
core   0: 0 0x00000000800000d0 (0xbffd)
core   0: 0x00000000800000ce (0x00000505) c.addi  a0, 1
core   0: 0 0x00000000800000ce (0x0505) x10 0x00000000000005ca
core   0: 0x00000000800000d0 (0x0000bffd) c.j     pc - 2
core   0: 0 0x00000000800000d0 (0xbffd)
core   0: 0x00000000800000ce (0x00000505) c.addi  a0, 1
core   0: 0 0x00000000800000ce (0x0505) x10 0x00000000000005cb
core   0: 0x00000000800000d0 (0x0000bffd) c.j     pc - 2
core   0: 0 0x00000000800000d0 (0xbffd)
core   0: 0x00000000800000ce (0x00000505) c.addi  a0, 1
core   0: 0 0x00000000800000ce (0x0505) x10 0x00000000000005cc
core   0: 0x00000000800000d0 (0x0000bffd) c.j     pc - 2
core   0: 0 0x00000000800000d0 (0xbffd)
core   0: 0x00000000800000ce (0x00000505) c.addi  a0, 1
core   0: 0 0x00000000800000ce (0x0505) x10 0x00000000000005cd
core   0: 0x00000000800000d0 (0x0000bffd) c.j     pc - 2
core   0: 0 0x00000000800000d0 (0xbffd)
core   0: 0x00000000800000ce (0x00000505) c.addi  a0, 1
core   0: 0 0x00000000800000ce (0x0505) x10 0x00000000000005ce
core   0: 0x00000000800000d0 (0x0000bffd) c.j     pc - 2
core   0: 0 0x00000000800000d0 (0xbffd)
core   0: 0x00000000800000ce (0x00000505) c.addi  a0, 1
core   0: 0 0x00000000800000ce (0x0505) x10 0x00000000000005cf
core   0: 0x00000000800000d0 (0x0000bffd) c.j     pc - 2
core   0: 0 0x00000000800000d0 (0xbffd)
core   0: 0x00000000800000ce (0x00000505) c.addi  a0, 1
core   0: 0 0x00000000800000ce (0x0505) x10 0x00000000000005d0
core   0: 0x00000000800000d0 (0x0000bffd) c.j     pc - 2
core   0: 0 0x00000000800000d0 (0xbffd)
core   0: 0x00000000800000ce (0x00000505) c.addi  a0, 1
core   0: 0 0x00000000800000ce (0x0505) x10 0x00000000000005d1
core   0: 0x00000000800000d0 (0x0000bffd) c.j     pc - 2
core   0: 0 0x00000000800000d0 (0xbffd)
core   0: 0x00000000800000ce (0x00000505) c.addi  a0, 1
core   0: 0 0x00000000800000ce (0x0505) x10 0x00000000000005d2
core   0: 0x00000000800000d0 (0x0000bffd) c.j     pc - 2
core   0: 0 0x00000000800000d0 (0xbffd)
core   0: 0x00000000800000ce (0x00000505) c.addi  a0, 1
core   0: 0 0x00000000800000ce (0x0505) x10 0x00000000000005d3
core   0: 0x00000000800000d0 (0x0000bffd) c.j     pc - 2
core   0: 0 0x00000000800000d0 (0xbffd)
core   0: 0x00000000800000ce (0x00000505) c.addi  a0, 1
core   0: 0 0x00000000800000ce (0x0505) x10 0x00000000000005d4
core   0: 0x00000000800000d0 (0x0000bffd) c.j     pc - 2
core   0: 0 0x00000000800000d0 (0xbffd)
core   0: 0x00000000800000ce (0x00000505) c.addi  a0, 1
core   0: 0 0x00000000800000ce (0x0505) x10 0x00000000000005d5
core   0: 0x00000000800000d0 (0x0000bffd) c.j     pc - 2
core   0: 0 0x00000000800000d0 (0xbffd)
core   0: 0x00000000800000ce (0x00000505) c.addi  a0, 1
core   0: 0 0x00000000800000ce (0x0505) x10 0x00000000000005d6
core   0: 0x00000000800000d0 (0x0000bffd) c.j     pc - 2
core   0: 0 0x00000000800000d0 (0xbffd)
core   0: 0x00000000800000ce (0x00000505) c.addi  a0, 1
core   0: 0 0x00000000800000ce (0x0505) x10 0x00000000000005d7
core   0: 0x00000000800000d0 (0x0000bffd) c.j     pc - 2
core   0: 0 0x00000000800000d0 (0xbffd)
core   0: 0x00000000800000ce (0x00000505) c.addi  a0, 1
core   0: 0 0x00000000800000ce (0x0505) x10 0x00000000000005d8
core   0: 0x00000000800000d0 (0x0000bffd) c.j     pc - 2
core   0: 0 0x00000000800000d0 (0xbffd)
core   0: 0x00000000800000ce (0x00000505) c.addi  a0, 1
core   0: 0 0x00000000800000ce (0x0505) x10 0x00000000000005d9
core   0: 0x00000000800000d0 (0x0000bffd) c.j     pc - 2
core   0: 0 0x00000000800000d0 (0xbffd)
core   0: 0x00000000800000ce (0x00000505) c.addi  a0, 1
core   0: 0 0x00000000800000ce (0x0505) x10 0x00000000000005da
core   0: 0x00000000800000d0 (0x0000bffd) c.j     pc - 2
core   0: 0 0x00000000800000d0 (0xbffd)
core   0: 0x00000000800000ce (0x00000505) c.addi  a0, 1
core   0: 0 0x00000000800000ce (0x0505) x10 0x00000000000005db
core   0: 0x00000000800000d0 (0x0000bffd) c.j     pc - 2
core   0: 0 0x00000000800000d0 (0xbffd)
core   0: 0x00000000800000ce (0x00000505) c.addi  a0, 1
core   0: 0 0x00000000800000ce (0x0505) x10 0x00000000000005dc
core   0: 0x00000000800000d0 (0x0000bffd) c.j     pc - 2
core   0: 0 0x00000000800000d0 (0xbffd)
core   0: 0x00000000800000ce (0x00000505) c.addi  a0, 1
core   0: 0 0x00000000800000ce (0x0505) x10 0x00000000000005dd
core   0: 0x00000000800000d0 (0x0000bffd) c.j     pc - 2
core   0: 0 0x00000000800000d0 (0xbffd)
core   0: 0x00000000800000ce (0x00000505) c.addi  a0, 1
core   0: 0 0x00000000800000ce (0x0505) x10 0x00000000000005de
core   0: 0x00000000800000d0 (0x0000bffd) c.j     pc - 2
core   0: 0 0x00000000800000d0 (0xbffd)
core   0: 0x00000000800000ce (0x00000505) c.addi  a0, 1
core   0: 0 0x00000000800000ce (0x0505) x10 0x00000000000005df
core   0: 0x00000000800000d0 (0x0000bffd) c.j     pc - 2
core   0: 0 0x00000000800000d0 (0xbffd)
core   0: 0x00000000800000ce (0x00000505) c.addi  a0, 1
core   0: 0 0x00000000800000ce (0x0505) x10 0x00000000000005e0
core   0: 0x00000000800000d0 (0x0000bffd) c.j     pc - 2
core   0: 0 0x00000000800000d0 (0xbffd)
core   0: 0x00000000800000ce (0x00000505) c.addi  a0, 1
core   0: 0 0x00000000800000ce (0x0505) x10 0x00000000000005e1
core   0: 0x00000000800000d0 (0x0000bffd) c.j     pc - 2
core   0: 0 0x00000000800000d0 (0xbffd)
core   0: 0x00000000800000ce (0x00000505) c.addi  a0, 1
core   0: 0 0x00000000800000ce (0x0505) x10 0x00000000000005e2
core   0: 0x00000000800000d0 (0x0000bffd) c.j     pc - 2
core   0: 0 0x00000000800000d0 (0xbffd)
core   0: 0x00000000800000ce (0x00000505) c.addi  a0, 1
core   0: 0 0x00000000800000ce (0x0505) x10 0x00000000000005e3
core   0: 0x00000000800000d0 (0x0000bffd) c.j     pc - 2
core   0: 0 0x00000000800000d0 (0xbffd)
core   0: 0x00000000800000ce (0x00000505) c.addi  a0, 1
core   0: 0 0x00000000800000ce (0x0505) x10 0x00000000000005e4
core   0: 0x00000000800000d0 (0x0000bffd) c.j     pc - 2
core   0: 0 0x00000000800000d0 (0xbffd)
core   0: 0x00000000800000ce (0x00000505) c.addi  a0, 1
core   0: 0 0x00000000800000ce (0x0505) x10 0x00000000000005e5
core   0: 0x00000000800000d0 (0x0000bffd) c.j     pc - 2
core   0: 0 0x00000000800000d0 (0xbffd)
core   0: 0x00000000800000ce (0x00000505) c.addi  a0, 1
core   0: 0 0x00000000800000ce (0x0505) x10 0x00000000000005e6
core   0: 0x00000000800000d0 (0x0000bffd) c.j     pc - 2
core   0: 0 0x00000000800000d0 (0xbffd)
core   0: 0x00000000800000ce (0x00000505) c.addi  a0, 1
core   0: 0 0x00000000800000ce (0x0505) x10 0x00000000000005e7
core   0: 0x00000000800000d0 (0x0000bffd) c.j     pc - 2
core   0: 0 0x00000000800000d0 (0xbffd)
core   0: 0x00000000800000ce (0x00000505) c.addi  a0, 1
core   0: 0 0x00000000800000ce (0x0505) x10 0x00000000000005e8
core   0: 0x00000000800000d0 (0x0000bffd) c.j     pc - 2
core   0: 0 0x00000000800000d0 (0xbffd)
core   0: 0x00000000800000ce (0x00000505) c.addi  a0, 1
core   0: 0 0x00000000800000ce (0x0505) x10 0x00000000000005e9
core   0: 0x00000000800000d0 (0x0000bffd) c.j     pc - 2
core   0: 0 0x00000000800000d0 (0xbffd)
core   0: 0x00000000800000ce (0x00000505) c.addi  a0, 1
core   0: 0 0x00000000800000ce (0x0505) x10 0x00000000000005ea
core   0: 0x00000000800000d0 (0x0000bffd) c.j     pc - 2
core   0: 0 0x00000000800000d0 (0xbffd)
core   0: 0x00000000800000ce (0x00000505) c.addi  a0, 1
core   0: 0 0x00000000800000ce (0x0505) x10 0x00000000000005eb
core   0: 0x00000000800000d0 (0x0000bffd) c.j     pc - 2
core   0: 0 0x00000000800000d0 (0xbffd)
core   0: 0x00000000800000ce (0x00000505) c.addi  a0, 1
core   0: 0 0x00000000800000ce (0x0505) x10 0x00000000000005ec
core   0: 0x00000000800000d0 (0x0000bffd) c.j     pc - 2
core   0: 0 0x00000000800000d0 (0xbffd)
core   0: 0x00000000800000ce (0x00000505) c.addi  a0, 1
core   0: 0 0x00000000800000ce (0x0505) x10 0x00000000000005ed
core   0: 0x00000000800000d0 (0x0000bffd) c.j     pc - 2
core   0: 0 0x00000000800000d0 (0xbffd)
core   0: 0x00000000800000ce (0x00000505) c.addi  a0, 1
core   0: 0 0x00000000800000ce (0x0505) x10 0x00000000000005ee
core   0: 0x00000000800000d0 (0x0000bffd) c.j     pc - 2
core   0: 0 0x00000000800000d0 (0xbffd)
core   0: 0x00000000800000ce (0x00000505) c.addi  a0, 1
core   0: 0 0x00000000800000ce (0x0505) x10 0x00000000000005ef
core   0: 0x00000000800000d0 (0x0000bffd) c.j     pc - 2
core   0: 0 0x00000000800000d0 (0xbffd)
core   0: 0x00000000800000ce (0x00000505) c.addi  a0, 1
core   0: 0 0x00000000800000ce (0x0505) x10 0x00000000000005f0
core   0: 0x00000000800000d0 (0x0000bffd) c.j     pc - 2
core   0: 0 0x00000000800000d0 (0xbffd)
core   0: 0x00000000800000ce (0x00000505) c.addi  a0, 1
core   0: 0 0x00000000800000ce (0x0505) x10 0x00000000000005f1
core   0: 0x00000000800000d0 (0x0000bffd) c.j     pc - 2
core   0: 0 0x00000000800000d0 (0xbffd)
core   0: 0x00000000800000ce (0x00000505) c.addi  a0, 1
core   0: 0 0x00000000800000ce (0x0505) x10 0x00000000000005f2
core   0: 0x00000000800000d0 (0x0000bffd) c.j     pc - 2
core   0: 0 0x00000000800000d0 (0xbffd)
core   0: 0x00000000800000ce (0x00000505) c.addi  a0, 1
core   0: 0 0x00000000800000ce (0x0505) x10 0x00000000000005f3
core   0: 0x00000000800000d0 (0x0000bffd) c.j     pc - 2
core   0: 0 0x00000000800000d0 (0xbffd)
core   0: 0x00000000800000ce (0x00000505) c.addi  a0, 1
core   0: 0 0x00000000800000ce (0x0505) x10 0x00000000000005f4
core   0: 0x00000000800000d0 (0x0000bffd) c.j     pc - 2
core   0: 0 0x00000000800000d0 (0xbffd)
core   0: 0x00000000800000ce (0x00000505) c.addi  a0, 1
core   0: 0 0x00000000800000ce (0x0505) x10 0x00000000000005f5
core   0: 0x00000000800000d0 (0x0000bffd) c.j     pc - 2
core   0: 0 0x00000000800000d0 (0xbffd)
core   0: 0x00000000800000ce (0x00000505) c.addi  a0, 1
core   0: 0 0x00000000800000ce (0x0505) x10 0x00000000000005f6
core   0: 0x00000000800000d0 (0x0000bffd) c.j     pc - 2
core   0: 0 0x00000000800000d0 (0xbffd)
core   0: 0x00000000800000ce (0x00000505) c.addi  a0, 1
core   0: 0 0x00000000800000ce (0x0505) x10 0x00000000000005f7
core   0: 0x00000000800000d0 (0x0000bffd) c.j     pc - 2
core   0: 0 0x00000000800000d0 (0xbffd)
core   0: 0x00000000800000ce (0x00000505) c.addi  a0, 1
core   0: 0 0x00000000800000ce (0x0505) x10 0x00000000000005f8
core   0: 0x00000000800000d0 (0x0000bffd) c.j     pc - 2
core   0: 0 0x00000000800000d0 (0xbffd)
core   0: 0x00000000800000ce (0x00000505) c.addi  a0, 1
core   0: 0 0x00000000800000ce (0x0505) x10 0x00000000000005f9
core   0: 0x00000000800000d0 (0x0000bffd) c.j     pc - 2
core   0: 0 0x00000000800000d0 (0xbffd)
core   0: 0x00000000800000ce (0x00000505) c.addi  a0, 1
core   0: 0 0x00000000800000ce (0x0505) x10 0x00000000000005fa
core   0: 0x00000000800000d0 (0x0000bffd) c.j     pc - 2
core   0: 0 0x00000000800000d0 (0xbffd)
core   0: 0x00000000800000ce (0x00000505) c.addi  a0, 1
core   0: 0 0x00000000800000ce (0x0505) x10 0x00000000000005fb
core   0: 0x00000000800000d0 (0x0000bffd) c.j     pc - 2
core   0: 0 0x00000000800000d0 (0xbffd)
core   0: 0x00000000800000ce (0x00000505) c.addi  a0, 1
core   0: 0 0x00000000800000ce (0x0505) x10 0x00000000000005fc
core   0: 0x00000000800000d0 (0x0000bffd) c.j     pc - 2
core   0: 0 0x00000000800000d0 (0xbffd)
core   0: 0x00000000800000ce (0x00000505) c.addi  a0, 1
core   0: 0 0x00000000800000ce (0x0505) x10 0x00000000000005fd
core   0: 0x00000000800000d0 (0x0000bffd) c.j     pc - 2
core   0: 0 0x00000000800000d0 (0xbffd)
core   0: 0x00000000800000ce (0x00000505) c.addi  a0, 1
core   0: 0 0x00000000800000ce (0x0505) x10 0x00000000000005fe
core   0: 0x00000000800000d0 (0x0000bffd) c.j     pc - 2
core   0: 0 0x00000000800000d0 (0xbffd)
core   0: 0x00000000800000ce (0x00000505) c.addi  a0, 1
core   0: 0 0x00000000800000ce (0x0505) x10 0x00000000000005ff
core   0: 0x00000000800000d0 (0x0000bffd) c.j     pc - 2
core   0: 0 0x00000000800000d0 (0xbffd)
core   0: 0x00000000800000ce (0x00000505) c.addi  a0, 1
core   0: 0 0x00000000800000ce (0x0505) x10 0x0000000000000600
core   0: 0x00000000800000d0 (0x0000bffd) c.j     pc - 2
core   0: 0 0x00000000800000d0 (0xbffd)
core   0: 0x00000000800000ce (0x00000505) c.addi  a0, 1
core   0: 0 0x00000000800000ce (0x0505) x10 0x0000000000000601
core   0: 0x00000000800000d0 (0x0000bffd) c.j     pc - 2
core   0: 0 0x00000000800000d0 (0xbffd)
core   0: 0x00000000800000ce (0x00000505) c.addi  a0, 1
core   0: 0 0x00000000800000ce (0x0505) x10 0x0000000000000602
core   0: 0x00000000800000d0 (0x0000bffd) c.j     pc - 2
core   0: 0 0x00000000800000d0 (0xbffd)
core   0: 0x00000000800000ce (0x00000505) c.addi  a0, 1
core   0: 0 0x00000000800000ce (0x0505) x10 0x0000000000000603
core   0: 0x00000000800000d0 (0x0000bffd) c.j     pc - 2
core   0: 0 0x00000000800000d0 (0xbffd)
core   0: 0x00000000800000ce (0x00000505) c.addi  a0, 1
core   0: 0 0x00000000800000ce (0x0505) x10 0x0000000000000604
core   0: 0x00000000800000d0 (0x0000bffd) c.j     pc - 2
core   0: 0 0x00000000800000d0 (0xbffd)
core   0: 0x00000000800000ce (0x00000505) c.addi  a0, 1
core   0: 0 0x00000000800000ce (0x0505) x10 0x0000000000000605
core   0: 0x00000000800000d0 (0x0000bffd) c.j     pc - 2
core   0: 0 0x00000000800000d0 (0xbffd)
core   0: 0x00000000800000ce (0x00000505) c.addi  a0, 1
core   0: 0 0x00000000800000ce (0x0505) x10 0x0000000000000606
core   0: 0x00000000800000d0 (0x0000bffd) c.j     pc - 2
core   0: 0 0x00000000800000d0 (0xbffd)
core   0: 0x00000000800000ce (0x00000505) c.addi  a0, 1
core   0: 0 0x00000000800000ce (0x0505) x10 0x0000000000000607
core   0: 0x00000000800000d0 (0x0000bffd) c.j     pc - 2
core   0: 0 0x00000000800000d0 (0xbffd)
core   0: 0x00000000800000ce (0x00000505) c.addi  a0, 1
core   0: 0 0x00000000800000ce (0x0505) x10 0x0000000000000608
core   0: 0x00000000800000d0 (0x0000bffd) c.j     pc - 2
core   0: 0 0x00000000800000d0 (0xbffd)
core   0: 0x00000000800000ce (0x00000505) c.addi  a0, 1
core   0: 0 0x00000000800000ce (0x0505) x10 0x0000000000000609
core   0: 0x00000000800000d0 (0x0000bffd) c.j     pc - 2
core   0: 0 0x00000000800000d0 (0xbffd)
core   0: 0x00000000800000ce (0x00000505) c.addi  a0, 1
core   0: 0 0x00000000800000ce (0x0505) x10 0x000000000000060a
core   0: 0x00000000800000d0 (0x0000bffd) c.j     pc - 2
core   0: 0 0x00000000800000d0 (0xbffd)
core   0: 0x00000000800000ce (0x00000505) c.addi  a0, 1
core   0: 0 0x00000000800000ce (0x0505) x10 0x000000000000060b
core   0: 0x00000000800000d0 (0x0000bffd) c.j     pc - 2
core   0: 0 0x00000000800000d0 (0xbffd)
core   0: 0x00000000800000ce (0x00000505) c.addi  a0, 1
core   0: 0 0x00000000800000ce (0x0505) x10 0x000000000000060c
core   0: 0x00000000800000d0 (0x0000bffd) c.j     pc - 2
core   0: 0 0x00000000800000d0 (0xbffd)
core   0: 0x00000000800000ce (0x00000505) c.addi  a0, 1
core   0: 0 0x00000000800000ce (0x0505) x10 0x000000000000060d
core   0: 0x00000000800000d0 (0x0000bffd) c.j     pc - 2
core   0: 0 0x00000000800000d0 (0xbffd)
core   0: 0x00000000800000ce (0x00000505) c.addi  a0, 1
core   0: 0 0x00000000800000ce (0x0505) x10 0x000000000000060e
core   0: 0x00000000800000d0 (0x0000bffd) c.j     pc - 2
core   0: 0 0x00000000800000d0 (0xbffd)
core   0: 0x00000000800000ce (0x00000505) c.addi  a0, 1
core   0: 0 0x00000000800000ce (0x0505) x10 0x000000000000060f
core   0: 0x00000000800000d0 (0x0000bffd) c.j     pc - 2
core   0: 0 0x00000000800000d0 (0xbffd)
core   0: 0x00000000800000ce (0x00000505) c.addi  a0, 1
core   0: 0 0x00000000800000ce (0x0505) x10 0x0000000000000610
core   0: 0x00000000800000d0 (0x0000bffd) c.j     pc - 2
core   0: 0 0x00000000800000d0 (0xbffd)
core   0: 0x00000000800000ce (0x00000505) c.addi  a0, 1
core   0: 0 0x00000000800000ce (0x0505) x10 0x0000000000000611
core   0: 0x00000000800000d0 (0x0000bffd) c.j     pc - 2
core   0: 0 0x00000000800000d0 (0xbffd)
core   0: 0x00000000800000ce (0x00000505) c.addi  a0, 1
core   0: 0 0x00000000800000ce (0x0505) x10 0x0000000000000612
core   0: 0x00000000800000d0 (0x0000bffd) c.j     pc - 2
core   0: 0 0x00000000800000d0 (0xbffd)
core   0: 0x00000000800000ce (0x00000505) c.addi  a0, 1
core   0: 0 0x00000000800000ce (0x0505) x10 0x0000000000000613
core   0: 0x00000000800000d0 (0x0000bffd) c.j     pc - 2
core   0: 0 0x00000000800000d0 (0xbffd)
core   0: 0x00000000800000ce (0x00000505) c.addi  a0, 1
core   0: 0 0x00000000800000ce (0x0505) x10 0x0000000000000614
core   0: 0x00000000800000d0 (0x0000bffd) c.j     pc - 2
core   0: 0 0x00000000800000d0 (0xbffd)
core   0: 0x00000000800000ce (0x00000505) c.addi  a0, 1
core   0: 0 0x00000000800000ce (0x0505) x10 0x0000000000000615
core   0: 0x00000000800000d0 (0x0000bffd) c.j     pc - 2
core   0: 0 0x00000000800000d0 (0xbffd)
core   0: 0x00000000800000ce (0x00000505) c.addi  a0, 1
core   0: 0 0x00000000800000ce (0x0505) x10 0x0000000000000616
core   0: 0x00000000800000d0 (0x0000bffd) c.j     pc - 2
core   0: 0 0x00000000800000d0 (0xbffd)
core   0: 0x00000000800000ce (0x00000505) c.addi  a0, 1
core   0: 0 0x00000000800000ce (0x0505) x10 0x0000000000000617
core   0: 0x00000000800000d0 (0x0000bffd) c.j     pc - 2
core   0: 0 0x00000000800000d0 (0xbffd)
core   0: 0x00000000800000ce (0x00000505) c.addi  a0, 1
core   0: 0 0x00000000800000ce (0x0505) x10 0x0000000000000618
core   0: 0x00000000800000d0 (0x0000bffd) c.j     pc - 2
core   0: 0 0x00000000800000d0 (0xbffd)
core   0: 0x00000000800000ce (0x00000505) c.addi  a0, 1
core   0: 0 0x00000000800000ce (0x0505) x10 0x0000000000000619
core   0: 0x00000000800000d0 (0x0000bffd) c.j     pc - 2
core   0: 0 0x00000000800000d0 (0xbffd)
core   0: 0x00000000800000ce (0x00000505) c.addi  a0, 1
core   0: 0 0x00000000800000ce (0x0505) x10 0x000000000000061a
core   0: 0x00000000800000d0 (0x0000bffd) c.j     pc - 2
core   0: 0 0x00000000800000d0 (0xbffd)
core   0: 0x00000000800000ce (0x00000505) c.addi  a0, 1
core   0: 0 0x00000000800000ce (0x0505) x10 0x000000000000061b
core   0: 0x00000000800000d0 (0x0000bffd) c.j     pc - 2
core   0: 0 0x00000000800000d0 (0xbffd)
core   0: 0x00000000800000ce (0x00000505) c.addi  a0, 1
core   0: 0 0x00000000800000ce (0x0505) x10 0x000000000000061c
core   0: 0x00000000800000d0 (0x0000bffd) c.j     pc - 2
core   0: 0 0x00000000800000d0 (0xbffd)
core   0: 0x00000000800000ce (0x00000505) c.addi  a0, 1
core   0: 0 0x00000000800000ce (0x0505) x10 0x000000000000061d
core   0: 0x00000000800000d0 (0x0000bffd) c.j     pc - 2
core   0: 0 0x00000000800000d0 (0xbffd)
core   0: 0x00000000800000ce (0x00000505) c.addi  a0, 1
core   0: 0 0x00000000800000ce (0x0505) x10 0x000000000000061e
core   0: 0x00000000800000d0 (0x0000bffd) c.j     pc - 2
core   0: 0 0x00000000800000d0 (0xbffd)
core   0: 0x00000000800000ce (0x00000505) c.addi  a0, 1
core   0: 0 0x00000000800000ce (0x0505) x10 0x000000000000061f
core   0: 0x00000000800000d0 (0x0000bffd) c.j     pc - 2
core   0: 0 0x00000000800000d0 (0xbffd)
core   0: 0x00000000800000ce (0x00000505) c.addi  a0, 1
core   0: 0 0x00000000800000ce (0x0505) x10 0x0000000000000620
core   0: 0x00000000800000d0 (0x0000bffd) c.j     pc - 2
core   0: 0 0x00000000800000d0 (0xbffd)
core   0: 0x00000000800000ce (0x00000505) c.addi  a0, 1
core   0: 0 0x00000000800000ce (0x0505) x10 0x0000000000000621
core   0: 0x00000000800000d0 (0x0000bffd) c.j     pc - 2
core   0: 0 0x00000000800000d0 (0xbffd)
core   0: 0x00000000800000ce (0x00000505) c.addi  a0, 1
core   0: 0 0x00000000800000ce (0x0505) x10 0x0000000000000622
core   0: 0x00000000800000d0 (0x0000bffd) c.j     pc - 2
core   0: 0 0x00000000800000d0 (0xbffd)
core   0: 0x00000000800000ce (0x00000505) c.addi  a0, 1
core   0: 0 0x00000000800000ce (0x0505) x10 0x0000000000000623
core   0: 0x00000000800000d0 (0x0000bffd) c.j     pc - 2
core   0: 0 0x00000000800000d0 (0xbffd)
core   0: 0x00000000800000ce (0x00000505) c.addi  a0, 1
core   0: 0 0x00000000800000ce (0x0505) x10 0x0000000000000624
core   0: 0x00000000800000d0 (0x0000bffd) c.j     pc - 2
core   0: 0 0x00000000800000d0 (0xbffd)
core   0: 0x00000000800000ce (0x00000505) c.addi  a0, 1
core   0: 0 0x00000000800000ce (0x0505) x10 0x0000000000000625
core   0: 0x00000000800000d0 (0x0000bffd) c.j     pc - 2
core   0: 0 0x00000000800000d0 (0xbffd)
core   0: 0x00000000800000ce (0x00000505) c.addi  a0, 1
core   0: 0 0x00000000800000ce (0x0505) x10 0x0000000000000626
core   0: 0x00000000800000d0 (0x0000bffd) c.j     pc - 2
core   0: 0 0x00000000800000d0 (0xbffd)
core   0: 0x00000000800000ce (0x00000505) c.addi  a0, 1
core   0: 0 0x00000000800000ce (0x0505) x10 0x0000000000000627
core   0: 0x00000000800000d0 (0x0000bffd) c.j     pc - 2
core   0: 0 0x00000000800000d0 (0xbffd)
core   0: 0x00000000800000ce (0x00000505) c.addi  a0, 1
core   0: 0 0x00000000800000ce (0x0505) x10 0x0000000000000628
core   0: 0x00000000800000d0 (0x0000bffd) c.j     pc - 2
core   0: 0 0x00000000800000d0 (0xbffd)
core   0: 0x00000000800000ce (0x00000505) c.addi  a0, 1
core   0: 0 0x00000000800000ce (0x0505) x10 0x0000000000000629
core   0: 0x00000000800000d0 (0x0000bffd) c.j     pc - 2
core   0: 0 0x00000000800000d0 (0xbffd)
core   0: 0x00000000800000ce (0x00000505) c.addi  a0, 1
core   0: 0 0x00000000800000ce (0x0505) x10 0x000000000000062a
core   0: 0x00000000800000d0 (0x0000bffd) c.j     pc - 2
core   0: 0 0x00000000800000d0 (0xbffd)
core   0: 0x00000000800000ce (0x00000505) c.addi  a0, 1
core   0: 0 0x00000000800000ce (0x0505) x10 0x000000000000062b
core   0: 0x00000000800000d0 (0x0000bffd) c.j     pc - 2
core   0: 0 0x00000000800000d0 (0xbffd)
core   0: 0x00000000800000ce (0x00000505) c.addi  a0, 1
core   0: 0 0x00000000800000ce (0x0505) x10 0x000000000000062c
core   0: 0x00000000800000d0 (0x0000bffd) c.j     pc - 2
core   0: 0 0x00000000800000d0 (0xbffd)
core   0: 0x00000000800000ce (0x00000505) c.addi  a0, 1
core   0: 0 0x00000000800000ce (0x0505) x10 0x000000000000062d
core   0: 0x00000000800000d0 (0x0000bffd) c.j     pc - 2
core   0: 0 0x00000000800000d0 (0xbffd)
core   0: 0x00000000800000ce (0x00000505) c.addi  a0, 1
core   0: 0 0x00000000800000ce (0x0505) x10 0x000000000000062e
core   0: 0x00000000800000d0 (0x0000bffd) c.j     pc - 2
core   0: 0 0x00000000800000d0 (0xbffd)
core   0: 0x00000000800000ce (0x00000505) c.addi  a0, 1
core   0: 0 0x00000000800000ce (0x0505) x10 0x000000000000062f
core   0: 0x00000000800000d0 (0x0000bffd) c.j     pc - 2
core   0: 0 0x00000000800000d0 (0xbffd)
core   0: 0x00000000800000ce (0x00000505) c.addi  a0, 1
core   0: 0 0x00000000800000ce (0x0505) x10 0x0000000000000630
core   0: 0x00000000800000d0 (0x0000bffd) c.j     pc - 2
core   0: 0 0x00000000800000d0 (0xbffd)
core   0: 0x00000000800000ce (0x00000505) c.addi  a0, 1
core   0: 0 0x00000000800000ce (0x0505) x10 0x0000000000000631
core   0: 0x00000000800000d0 (0x0000bffd) c.j     pc - 2
core   0: 0 0x00000000800000d0 (0xbffd)
core   0: 0x00000000800000ce (0x00000505) c.addi  a0, 1
core   0: 0 0x00000000800000ce (0x0505) x10 0x0000000000000632
core   0: 0x00000000800000d0 (0x0000bffd) c.j     pc - 2
core   0: 0 0x00000000800000d0 (0xbffd)
core   0: 0x00000000800000ce (0x00000505) c.addi  a0, 1
core   0: 0 0x00000000800000ce (0x0505) x10 0x0000000000000633
core   0: 0x00000000800000d0 (0x0000bffd) c.j     pc - 2
core   0: 0 0x00000000800000d0 (0xbffd)
core   0: 0x00000000800000ce (0x00000505) c.addi  a0, 1
core   0: 0 0x00000000800000ce (0x0505) x10 0x0000000000000634
core   0: 0x00000000800000d0 (0x0000bffd) c.j     pc - 2
core   0: 0 0x00000000800000d0 (0xbffd)
core   0: 0x00000000800000ce (0x00000505) c.addi  a0, 1
core   0: 0 0x00000000800000ce (0x0505) x10 0x0000000000000635
core   0: 0x00000000800000d0 (0x0000bffd) c.j     pc - 2
core   0: 0 0x00000000800000d0 (0xbffd)
core   0: 0x00000000800000ce (0x00000505) c.addi  a0, 1
core   0: 0 0x00000000800000ce (0x0505) x10 0x0000000000000636
core   0: 0x00000000800000d0 (0x0000bffd) c.j     pc - 2
core   0: 0 0x00000000800000d0 (0xbffd)
core   0: 0x00000000800000ce (0x00000505) c.addi  a0, 1
core   0: 0 0x00000000800000ce (0x0505) x10 0x0000000000000637
core   0: 0x00000000800000d0 (0x0000bffd) c.j     pc - 2
core   0: 0 0x00000000800000d0 (0xbffd)
core   0: 0x00000000800000ce (0x00000505) c.addi  a0, 1
core   0: 0 0x00000000800000ce (0x0505) x10 0x0000000000000638
core   0: 0x00000000800000d0 (0x0000bffd) c.j     pc - 2
core   0: 0 0x00000000800000d0 (0xbffd)
core   0: 0x00000000800000ce (0x00000505) c.addi  a0, 1
core   0: 0 0x00000000800000ce (0x0505) x10 0x0000000000000639
core   0: 0x00000000800000d0 (0x0000bffd) c.j     pc - 2
core   0: 0 0x00000000800000d0 (0xbffd)
core   0: 0x00000000800000ce (0x00000505) c.addi  a0, 1
core   0: 0 0x00000000800000ce (0x0505) x10 0x000000000000063a
core   0: 0x00000000800000d0 (0x0000bffd) c.j     pc - 2
core   0: 0 0x00000000800000d0 (0xbffd)
core   0: 0x00000000800000ce (0x00000505) c.addi  a0, 1
core   0: 0 0x00000000800000ce (0x0505) x10 0x000000000000063b
core   0: 0x00000000800000d0 (0x0000bffd) c.j     pc - 2
core   0: 0 0x00000000800000d0 (0xbffd)
core   0: 0x00000000800000ce (0x00000505) c.addi  a0, 1
core   0: 0 0x00000000800000ce (0x0505) x10 0x000000000000063c
core   0: 0x00000000800000d0 (0x0000bffd) c.j     pc - 2
core   0: 0 0x00000000800000d0 (0xbffd)
core   0: 0x00000000800000ce (0x00000505) c.addi  a0, 1
core   0: 0 0x00000000800000ce (0x0505) x10 0x000000000000063d
core   0: 0x00000000800000d0 (0x0000bffd) c.j     pc - 2
core   0: 0 0x00000000800000d0 (0xbffd)
core   0: 0x00000000800000ce (0x00000505) c.addi  a0, 1
core   0: 0 0x00000000800000ce (0x0505) x10 0x000000000000063e
core   0: 0x00000000800000d0 (0x0000bffd) c.j     pc - 2
core   0: 0 0x00000000800000d0 (0xbffd)
core   0: 0x00000000800000ce (0x00000505) c.addi  a0, 1
core   0: 0 0x00000000800000ce (0x0505) x10 0x000000000000063f
core   0: 0x00000000800000d0 (0x0000bffd) c.j     pc - 2
core   0: 0 0x00000000800000d0 (0xbffd)
core   0: 0x00000000800000ce (0x00000505) c.addi  a0, 1
core   0: 0 0x00000000800000ce (0x0505) x10 0x0000000000000640
core   0: 0x00000000800000d0 (0x0000bffd) c.j     pc - 2
core   0: 0 0x00000000800000d0 (0xbffd)
core   0: 0x00000000800000ce (0x00000505) c.addi  a0, 1
core   0: 0 0x00000000800000ce (0x0505) x10 0x0000000000000641
core   0: 0x00000000800000d0 (0x0000bffd) c.j     pc - 2
core   0: 0 0x00000000800000d0 (0xbffd)
core   0: 0x00000000800000ce (0x00000505) c.addi  a0, 1
core   0: 0 0x00000000800000ce (0x0505) x10 0x0000000000000642
core   0: 0x00000000800000d0 (0x0000bffd) c.j     pc - 2
core   0: 0 0x00000000800000d0 (0xbffd)
core   0: 0x00000000800000ce (0x00000505) c.addi  a0, 1
core   0: 0 0x00000000800000ce (0x0505) x10 0x0000000000000643
core   0: 0x00000000800000d0 (0x0000bffd) c.j     pc - 2
core   0: 0 0x00000000800000d0 (0xbffd)
core   0: 0x00000000800000ce (0x00000505) c.addi  a0, 1
core   0: 0 0x00000000800000ce (0x0505) x10 0x0000000000000644
core   0: 0x00000000800000d0 (0x0000bffd) c.j     pc - 2
core   0: 0 0x00000000800000d0 (0xbffd)
core   0: 0x00000000800000ce (0x00000505) c.addi  a0, 1
core   0: 0 0x00000000800000ce (0x0505) x10 0x0000000000000645
core   0: 0x00000000800000d0 (0x0000bffd) c.j     pc - 2
core   0: 0 0x00000000800000d0 (0xbffd)
core   0: 0x00000000800000ce (0x00000505) c.addi  a0, 1
core   0: 0 0x00000000800000ce (0x0505) x10 0x0000000000000646
core   0: 0x00000000800000d0 (0x0000bffd) c.j     pc - 2
core   0: 0 0x00000000800000d0 (0xbffd)
core   0: 0x00000000800000ce (0x00000505) c.addi  a0, 1
core   0: 0 0x00000000800000ce (0x0505) x10 0x0000000000000647
core   0: 0x00000000800000d0 (0x0000bffd) c.j     pc - 2
core   0: 0 0x00000000800000d0 (0xbffd)
core   0: 0x00000000800000ce (0x00000505) c.addi  a0, 1
core   0: 0 0x00000000800000ce (0x0505) x10 0x0000000000000648
core   0: 0x00000000800000d0 (0x0000bffd) c.j     pc - 2
core   0: 0 0x00000000800000d0 (0xbffd)
core   0: 0x00000000800000ce (0x00000505) c.addi  a0, 1
core   0: 0 0x00000000800000ce (0x0505) x10 0x0000000000000649
core   0: 0x00000000800000d0 (0x0000bffd) c.j     pc - 2
core   0: 0 0x00000000800000d0 (0xbffd)
core   0: 0x00000000800000ce (0x00000505) c.addi  a0, 1
core   0: 0 0x00000000800000ce (0x0505) x10 0x000000000000064a
core   0: 0x00000000800000d0 (0x0000bffd) c.j     pc - 2
core   0: 0 0x00000000800000d0 (0xbffd)
core   0: 0x00000000800000ce (0x00000505) c.addi  a0, 1
core   0: 0 0x00000000800000ce (0x0505) x10 0x000000000000064b
core   0: 0x00000000800000d0 (0x0000bffd) c.j     pc - 2
core   0: 0 0x00000000800000d0 (0xbffd)
core   0: 0x00000000800000ce (0x00000505) c.addi  a0, 1
core   0: 0 0x00000000800000ce (0x0505) x10 0x000000000000064c
core   0: 0x00000000800000d0 (0x0000bffd) c.j     pc - 2
core   0: 0 0x00000000800000d0 (0xbffd)
core   0: 0x00000000800000ce (0x00000505) c.addi  a0, 1
core   0: 0 0x00000000800000ce (0x0505) x10 0x000000000000064d
core   0: 0x00000000800000d0 (0x0000bffd) c.j     pc - 2
core   0: 0 0x00000000800000d0 (0xbffd)
core   0: 0x00000000800000ce (0x00000505) c.addi  a0, 1
core   0: 0 0x00000000800000ce (0x0505) x10 0x000000000000064e
core   0: 0x00000000800000d0 (0x0000bffd) c.j     pc - 2
core   0: 0 0x00000000800000d0 (0xbffd)
core   0: 0x00000000800000ce (0x00000505) c.addi  a0, 1
core   0: 0 0x00000000800000ce (0x0505) x10 0x000000000000064f
core   0: 0x00000000800000d0 (0x0000bffd) c.j     pc - 2
core   0: 0 0x00000000800000d0 (0xbffd)
core   0: 0x00000000800000ce (0x00000505) c.addi  a0, 1
core   0: 0 0x00000000800000ce (0x0505) x10 0x0000000000000650
core   0: 0x00000000800000d0 (0x0000bffd) c.j     pc - 2
core   0: 0 0x00000000800000d0 (0xbffd)
core   0: 0x00000000800000ce (0x00000505) c.addi  a0, 1
core   0: 0 0x00000000800000ce (0x0505) x10 0x0000000000000651
core   0: 0x00000000800000d0 (0x0000bffd) c.j     pc - 2
core   0: 0 0x00000000800000d0 (0xbffd)
core   0: 0x00000000800000ce (0x00000505) c.addi  a0, 1
core   0: 0 0x00000000800000ce (0x0505) x10 0x0000000000000652
core   0: 0x00000000800000d0 (0x0000bffd) c.j     pc - 2
core   0: 0 0x00000000800000d0 (0xbffd)
core   0: 0x00000000800000ce (0x00000505) c.addi  a0, 1
core   0: 0 0x00000000800000ce (0x0505) x10 0x0000000000000653
core   0: 0x00000000800000d0 (0x0000bffd) c.j     pc - 2
core   0: 0 0x00000000800000d0 (0xbffd)
core   0: 0x00000000800000ce (0x00000505) c.addi  a0, 1
core   0: 0 0x00000000800000ce (0x0505) x10 0x0000000000000654
core   0: 0x00000000800000d0 (0x0000bffd) c.j     pc - 2
core   0: 0 0x00000000800000d0 (0xbffd)
core   0: 0x00000000800000ce (0x00000505) c.addi  a0, 1
core   0: 0 0x00000000800000ce (0x0505) x10 0x0000000000000655
core   0: 0x00000000800000d0 (0x0000bffd) c.j     pc - 2
core   0: 0 0x00000000800000d0 (0xbffd)
core   0: 0x00000000800000ce (0x00000505) c.addi  a0, 1
core   0: 0 0x00000000800000ce (0x0505) x10 0x0000000000000656
core   0: 0x00000000800000d0 (0x0000bffd) c.j     pc - 2
core   0: 0 0x00000000800000d0 (0xbffd)
core   0: 0x00000000800000ce (0x00000505) c.addi  a0, 1
core   0: 0 0x00000000800000ce (0x0505) x10 0x0000000000000657
core   0: 0x00000000800000d0 (0x0000bffd) c.j     pc - 2
core   0: 0 0x00000000800000d0 (0xbffd)
core   0: 0x00000000800000ce (0x00000505) c.addi  a0, 1
core   0: 0 0x00000000800000ce (0x0505) x10 0x0000000000000658
core   0: 0x00000000800000d0 (0x0000bffd) c.j     pc - 2
core   0: 0 0x00000000800000d0 (0xbffd)
core   0: 0x00000000800000ce (0x00000505) c.addi  a0, 1
core   0: 0 0x00000000800000ce (0x0505) x10 0x0000000000000659
core   0: 0x00000000800000d0 (0x0000bffd) c.j     pc - 2
core   0: 0 0x00000000800000d0 (0xbffd)
core   0: 0x00000000800000ce (0x00000505) c.addi  a0, 1
core   0: 0 0x00000000800000ce (0x0505) x10 0x000000000000065a
core   0: 0x00000000800000d0 (0x0000bffd) c.j     pc - 2
core   0: 0 0x00000000800000d0 (0xbffd)
core   0: 0x00000000800000ce (0x00000505) c.addi  a0, 1
core   0: 0 0x00000000800000ce (0x0505) x10 0x000000000000065b
core   0: 0x00000000800000d0 (0x0000bffd) c.j     pc - 2
core   0: 0 0x00000000800000d0 (0xbffd)
core   0: 0x00000000800000ce (0x00000505) c.addi  a0, 1
core   0: 0 0x00000000800000ce (0x0505) x10 0x000000000000065c
core   0: 0x00000000800000d0 (0x0000bffd) c.j     pc - 2
core   0: 0 0x00000000800000d0 (0xbffd)
core   0: 0x00000000800000ce (0x00000505) c.addi  a0, 1
core   0: 0 0x00000000800000ce (0x0505) x10 0x000000000000065d
core   0: 0x00000000800000d0 (0x0000bffd) c.j     pc - 2
core   0: 0 0x00000000800000d0 (0xbffd)
core   0: 0x00000000800000ce (0x00000505) c.addi  a0, 1
core   0: 0 0x00000000800000ce (0x0505) x10 0x000000000000065e
core   0: 0x00000000800000d0 (0x0000bffd) c.j     pc - 2
core   0: 0 0x00000000800000d0 (0xbffd)
core   0: 0x00000000800000ce (0x00000505) c.addi  a0, 1
core   0: 0 0x00000000800000ce (0x0505) x10 0x000000000000065f
core   0: 0x00000000800000d0 (0x0000bffd) c.j     pc - 2
core   0: 0 0x00000000800000d0 (0xbffd)
core   0: 0x00000000800000ce (0x00000505) c.addi  a0, 1
core   0: 0 0x00000000800000ce (0x0505) x10 0x0000000000000660
core   0: 0x00000000800000d0 (0x0000bffd) c.j     pc - 2
core   0: 0 0x00000000800000d0 (0xbffd)
core   0: 0x00000000800000ce (0x00000505) c.addi  a0, 1
core   0: 0 0x00000000800000ce (0x0505) x10 0x0000000000000661
core   0: 0x00000000800000d0 (0x0000bffd) c.j     pc - 2
core   0: 0 0x00000000800000d0 (0xbffd)
core   0: 0x00000000800000ce (0x00000505) c.addi  a0, 1
core   0: 0 0x00000000800000ce (0x0505) x10 0x0000000000000662
core   0: 0x00000000800000d0 (0x0000bffd) c.j     pc - 2
core   0: 0 0x00000000800000d0 (0xbffd)
core   0: 0x00000000800000ce (0x00000505) c.addi  a0, 1
core   0: 0 0x00000000800000ce (0x0505) x10 0x0000000000000663
core   0: 0x00000000800000d0 (0x0000bffd) c.j     pc - 2
core   0: 0 0x00000000800000d0 (0xbffd)
core   0: 0x00000000800000ce (0x00000505) c.addi  a0, 1
core   0: 0 0x00000000800000ce (0x0505) x10 0x0000000000000664
core   0: 0x00000000800000d0 (0x0000bffd) c.j     pc - 2
core   0: 0 0x00000000800000d0 (0xbffd)
core   0: 0x00000000800000ce (0x00000505) c.addi  a0, 1
core   0: 0 0x00000000800000ce (0x0505) x10 0x0000000000000665
core   0: 0x00000000800000d0 (0x0000bffd) c.j     pc - 2
core   0: 0 0x00000000800000d0 (0xbffd)
core   0: 0x00000000800000ce (0x00000505) c.addi  a0, 1
core   0: 0 0x00000000800000ce (0x0505) x10 0x0000000000000666
core   0: 0x00000000800000d0 (0x0000bffd) c.j     pc - 2
core   0: 0 0x00000000800000d0 (0xbffd)
core   0: 0x00000000800000ce (0x00000505) c.addi  a0, 1
core   0: 0 0x00000000800000ce (0x0505) x10 0x0000000000000667
core   0: 0x00000000800000d0 (0x0000bffd) c.j     pc - 2
core   0: 0 0x00000000800000d0 (0xbffd)
core   0: 0x00000000800000ce (0x00000505) c.addi  a0, 1
core   0: 0 0x00000000800000ce (0x0505) x10 0x0000000000000668
core   0: 0x00000000800000d0 (0x0000bffd) c.j     pc - 2
core   0: 0 0x00000000800000d0 (0xbffd)
core   0: 0x00000000800000ce (0x00000505) c.addi  a0, 1
core   0: 0 0x00000000800000ce (0x0505) x10 0x0000000000000669
core   0: 0x00000000800000d0 (0x0000bffd) c.j     pc - 2
core   0: 0 0x00000000800000d0 (0xbffd)
core   0: 0x00000000800000ce (0x00000505) c.addi  a0, 1
core   0: 0 0x00000000800000ce (0x0505) x10 0x000000000000066a
core   0: 0x00000000800000d0 (0x0000bffd) c.j     pc - 2
core   0: 0 0x00000000800000d0 (0xbffd)
core   0: 0x00000000800000ce (0x00000505) c.addi  a0, 1
core   0: 0 0x00000000800000ce (0x0505) x10 0x000000000000066b
core   0: 0x00000000800000d0 (0x0000bffd) c.j     pc - 2
core   0: 0 0x00000000800000d0 (0xbffd)
core   0: 0x00000000800000ce (0x00000505) c.addi  a0, 1
core   0: 0 0x00000000800000ce (0x0505) x10 0x000000000000066c
core   0: 0x00000000800000d0 (0x0000bffd) c.j     pc - 2
core   0: 0 0x00000000800000d0 (0xbffd)
core   0: 0x00000000800000ce (0x00000505) c.addi  a0, 1
core   0: 0 0x00000000800000ce (0x0505) x10 0x000000000000066d
core   0: 0x00000000800000d0 (0x0000bffd) c.j     pc - 2
core   0: 0 0x00000000800000d0 (0xbffd)
core   0: 0x00000000800000ce (0x00000505) c.addi  a0, 1
core   0: 0 0x00000000800000ce (0x0505) x10 0x000000000000066e
core   0: 0x00000000800000d0 (0x0000bffd) c.j     pc - 2
core   0: 0 0x00000000800000d0 (0xbffd)
core   0: 0x00000000800000ce (0x00000505) c.addi  a0, 1
core   0: 0 0x00000000800000ce (0x0505) x10 0x000000000000066f
core   0: 0x00000000800000d0 (0x0000bffd) c.j     pc - 2
core   0: 0 0x00000000800000d0 (0xbffd)
core   0: 0x00000000800000ce (0x00000505) c.addi  a0, 1
core   0: 0 0x00000000800000ce (0x0505) x10 0x0000000000000670
core   0: 0x00000000800000d0 (0x0000bffd) c.j     pc - 2
core   0: 0 0x00000000800000d0 (0xbffd)
core   0: 0x00000000800000ce (0x00000505) c.addi  a0, 1
core   0: 0 0x00000000800000ce (0x0505) x10 0x0000000000000671
core   0: 0x00000000800000d0 (0x0000bffd) c.j     pc - 2
core   0: 0 0x00000000800000d0 (0xbffd)
core   0: 0x00000000800000ce (0x00000505) c.addi  a0, 1
core   0: 0 0x00000000800000ce (0x0505) x10 0x0000000000000672
core   0: 0x00000000800000d0 (0x0000bffd) c.j     pc - 2
core   0: 0 0x00000000800000d0 (0xbffd)
core   0: 0x00000000800000ce (0x00000505) c.addi  a0, 1
core   0: 0 0x00000000800000ce (0x0505) x10 0x0000000000000673
core   0: 0x00000000800000d0 (0x0000bffd) c.j     pc - 2
core   0: 0 0x00000000800000d0 (0xbffd)
core   0: 0x00000000800000ce (0x00000505) c.addi  a0, 1
core   0: 0 0x00000000800000ce (0x0505) x10 0x0000000000000674
core   0: 0x00000000800000d0 (0x0000bffd) c.j     pc - 2
core   0: 0 0x00000000800000d0 (0xbffd)
core   0: 0x00000000800000ce (0x00000505) c.addi  a0, 1
core   0: 0 0x00000000800000ce (0x0505) x10 0x0000000000000675
core   0: 0x00000000800000d0 (0x0000bffd) c.j     pc - 2
core   0: 0 0x00000000800000d0 (0xbffd)
core   0: 0x00000000800000ce (0x00000505) c.addi  a0, 1
core   0: 0 0x00000000800000ce (0x0505) x10 0x0000000000000676
core   0: 0x00000000800000d0 (0x0000bffd) c.j     pc - 2
core   0: 0 0x00000000800000d0 (0xbffd)
core   0: 0x00000000800000ce (0x00000505) c.addi  a0, 1
core   0: 0 0x00000000800000ce (0x0505) x10 0x0000000000000677
core   0: 0x00000000800000d0 (0x0000bffd) c.j     pc - 2
core   0: 0 0x00000000800000d0 (0xbffd)
core   0: 0x00000000800000ce (0x00000505) c.addi  a0, 1
core   0: 0 0x00000000800000ce (0x0505) x10 0x0000000000000678
core   0: 0x00000000800000d0 (0x0000bffd) c.j     pc - 2
core   0: 0 0x00000000800000d0 (0xbffd)
core   0: 0x00000000800000ce (0x00000505) c.addi  a0, 1
core   0: 0 0x00000000800000ce (0x0505) x10 0x0000000000000679
core   0: 0x00000000800000d0 (0x0000bffd) c.j     pc - 2
core   0: 0 0x00000000800000d0 (0xbffd)
core   0: 0x00000000800000ce (0x00000505) c.addi  a0, 1
core   0: 0 0x00000000800000ce (0x0505) x10 0x000000000000067a
core   0: 0x00000000800000d0 (0x0000bffd) c.j     pc - 2
core   0: 0 0x00000000800000d0 (0xbffd)
core   0: 0x00000000800000ce (0x00000505) c.addi  a0, 1
core   0: 0 0x00000000800000ce (0x0505) x10 0x000000000000067b
core   0: 0x00000000800000d0 (0x0000bffd) c.j     pc - 2
core   0: 0 0x00000000800000d0 (0xbffd)
core   0: 0x00000000800000ce (0x00000505) c.addi  a0, 1
core   0: 0 0x00000000800000ce (0x0505) x10 0x000000000000067c
core   0: 0x00000000800000d0 (0x0000bffd) c.j     pc - 2
core   0: 0 0x00000000800000d0 (0xbffd)
core   0: 0x00000000800000ce (0x00000505) c.addi  a0, 1
core   0: 0 0x00000000800000ce (0x0505) x10 0x000000000000067d
core   0: 0x00000000800000d0 (0x0000bffd) c.j     pc - 2
core   0: 0 0x00000000800000d0 (0xbffd)
core   0: 0x00000000800000ce (0x00000505) c.addi  a0, 1
core   0: 0 0x00000000800000ce (0x0505) x10 0x000000000000067e
core   0: 0x00000000800000d0 (0x0000bffd) c.j     pc - 2
core   0: 0 0x00000000800000d0 (0xbffd)
core   0: 0x00000000800000ce (0x00000505) c.addi  a0, 1
core   0: 0 0x00000000800000ce (0x0505) x10 0x000000000000067f
core   0: 0x00000000800000d0 (0x0000bffd) c.j     pc - 2
core   0: 0 0x00000000800000d0 (0xbffd)
core   0: 0x00000000800000ce (0x00000505) c.addi  a0, 1
core   0: 0 0x00000000800000ce (0x0505) x10 0x0000000000000680
core   0: 0x00000000800000d0 (0x0000bffd) c.j     pc - 2
core   0: 0 0x00000000800000d0 (0xbffd)
core   0: 0x00000000800000ce (0x00000505) c.addi  a0, 1
core   0: 0 0x00000000800000ce (0x0505) x10 0x0000000000000681
core   0: 0x00000000800000d0 (0x0000bffd) c.j     pc - 2
core   0: 0 0x00000000800000d0 (0xbffd)
core   0: 0x00000000800000ce (0x00000505) c.addi  a0, 1
core   0: 0 0x00000000800000ce (0x0505) x10 0x0000000000000682
core   0: 0x00000000800000d0 (0x0000bffd) c.j     pc - 2
core   0: 0 0x00000000800000d0 (0xbffd)
core   0: 0x00000000800000ce (0x00000505) c.addi  a0, 1
core   0: 0 0x00000000800000ce (0x0505) x10 0x0000000000000683
core   0: 0x00000000800000d0 (0x0000bffd) c.j     pc - 2
core   0: 0 0x00000000800000d0 (0xbffd)
core   0: 0x00000000800000ce (0x00000505) c.addi  a0, 1
core   0: 0 0x00000000800000ce (0x0505) x10 0x0000000000000684
core   0: 0x00000000800000d0 (0x0000bffd) c.j     pc - 2
core   0: 0 0x00000000800000d0 (0xbffd)
core   0: 0x00000000800000ce (0x00000505) c.addi  a0, 1
core   0: 0 0x00000000800000ce (0x0505) x10 0x0000000000000685
core   0: 0x00000000800000d0 (0x0000bffd) c.j     pc - 2
core   0: 0 0x00000000800000d0 (0xbffd)
core   0: 0x00000000800000ce (0x00000505) c.addi  a0, 1
core   0: 0 0x00000000800000ce (0x0505) x10 0x0000000000000686
core   0: 0x00000000800000d0 (0x0000bffd) c.j     pc - 2
core   0: 0 0x00000000800000d0 (0xbffd)
core   0: 0x00000000800000ce (0x00000505) c.addi  a0, 1
core   0: 0 0x00000000800000ce (0x0505) x10 0x0000000000000687
core   0: 0x00000000800000d0 (0x0000bffd) c.j     pc - 2
core   0: 0 0x00000000800000d0 (0xbffd)
core   0: 0x00000000800000ce (0x00000505) c.addi  a0, 1
core   0: 0 0x00000000800000ce (0x0505) x10 0x0000000000000688
core   0: 0x00000000800000d0 (0x0000bffd) c.j     pc - 2
core   0: 0 0x00000000800000d0 (0xbffd)
core   0: 0x00000000800000ce (0x00000505) c.addi  a0, 1
core   0: 0 0x00000000800000ce (0x0505) x10 0x0000000000000689
core   0: 0x00000000800000d0 (0x0000bffd) c.j     pc - 2
core   0: 0 0x00000000800000d0 (0xbffd)
core   0: 0x00000000800000ce (0x00000505) c.addi  a0, 1
core   0: 0 0x00000000800000ce (0x0505) x10 0x000000000000068a
core   0: 0x00000000800000d0 (0x0000bffd) c.j     pc - 2
core   0: 0 0x00000000800000d0 (0xbffd)
core   0: 0x00000000800000ce (0x00000505) c.addi  a0, 1
core   0: 0 0x00000000800000ce (0x0505) x10 0x000000000000068b
core   0: 0x00000000800000d0 (0x0000bffd) c.j     pc - 2
core   0: 0 0x00000000800000d0 (0xbffd)
core   0: 0x00000000800000ce (0x00000505) c.addi  a0, 1
core   0: 0 0x00000000800000ce (0x0505) x10 0x000000000000068c
core   0: 0x00000000800000d0 (0x0000bffd) c.j     pc - 2
core   0: 0 0x00000000800000d0 (0xbffd)
core   0: 0x00000000800000ce (0x00000505) c.addi  a0, 1
core   0: 0 0x00000000800000ce (0x0505) x10 0x000000000000068d
core   0: 0x00000000800000d0 (0x0000bffd) c.j     pc - 2
core   0: 0 0x00000000800000d0 (0xbffd)
core   0: 0x00000000800000ce (0x00000505) c.addi  a0, 1
core   0: 0 0x00000000800000ce (0x0505) x10 0x000000000000068e
core   0: 0x00000000800000d0 (0x0000bffd) c.j     pc - 2
core   0: 0 0x00000000800000d0 (0xbffd)
core   0: 0x00000000800000ce (0x00000505) c.addi  a0, 1
core   0: 0 0x00000000800000ce (0x0505) x10 0x000000000000068f
core   0: 0x00000000800000d0 (0x0000bffd) c.j     pc - 2
core   0: 0 0x00000000800000d0 (0xbffd)
core   0: 0x00000000800000ce (0x00000505) c.addi  a0, 1
core   0: 0 0x00000000800000ce (0x0505) x10 0x0000000000000690
core   0: 0x00000000800000d0 (0x0000bffd) c.j     pc - 2
core   0: 0 0x00000000800000d0 (0xbffd)
core   0: 0x00000000800000ce (0x00000505) c.addi  a0, 1
core   0: 0 0x00000000800000ce (0x0505) x10 0x0000000000000691
core   0: 0x00000000800000d0 (0x0000bffd) c.j     pc - 2
core   0: 0 0x00000000800000d0 (0xbffd)
core   0: 0x00000000800000ce (0x00000505) c.addi  a0, 1
core   0: 0 0x00000000800000ce (0x0505) x10 0x0000000000000692
core   0: 0x00000000800000d0 (0x0000bffd) c.j     pc - 2
core   0: 0 0x00000000800000d0 (0xbffd)
core   0: 0x00000000800000ce (0x00000505) c.addi  a0, 1
core   0: 0 0x00000000800000ce (0x0505) x10 0x0000000000000693
core   0: 0x00000000800000d0 (0x0000bffd) c.j     pc - 2
core   0: 0 0x00000000800000d0 (0xbffd)
core   0: 0x00000000800000ce (0x00000505) c.addi  a0, 1
core   0: 0 0x00000000800000ce (0x0505) x10 0x0000000000000694
core   0: 0x00000000800000d0 (0x0000bffd) c.j     pc - 2
core   0: 0 0x00000000800000d0 (0xbffd)
core   0: 0x00000000800000ce (0x00000505) c.addi  a0, 1
core   0: 0 0x00000000800000ce (0x0505) x10 0x0000000000000695
core   0: 0x00000000800000d0 (0x0000bffd) c.j     pc - 2
core   0: 0 0x00000000800000d0 (0xbffd)
core   0: 0x00000000800000ce (0x00000505) c.addi  a0, 1
core   0: 0 0x00000000800000ce (0x0505) x10 0x0000000000000696
core   0: 0x00000000800000d0 (0x0000bffd) c.j     pc - 2
core   0: 0 0x00000000800000d0 (0xbffd)
core   0: 0x00000000800000ce (0x00000505) c.addi  a0, 1
core   0: 0 0x00000000800000ce (0x0505) x10 0x0000000000000697
core   0: 0x00000000800000d0 (0x0000bffd) c.j     pc - 2
core   0: 0 0x00000000800000d0 (0xbffd)
core   0: 0x00000000800000ce (0x00000505) c.addi  a0, 1
core   0: 0 0x00000000800000ce (0x0505) x10 0x0000000000000698
core   0: 0x00000000800000d0 (0x0000bffd) c.j     pc - 2
core   0: 0 0x00000000800000d0 (0xbffd)
core   0: 0x00000000800000ce (0x00000505) c.addi  a0, 1
core   0: 0 0x00000000800000ce (0x0505) x10 0x0000000000000699
core   0: 0x00000000800000d0 (0x0000bffd) c.j     pc - 2
core   0: 0 0x00000000800000d0 (0xbffd)
core   0: 0x00000000800000ce (0x00000505) c.addi  a0, 1
core   0: 0 0x00000000800000ce (0x0505) x10 0x000000000000069a
core   0: 0x00000000800000d0 (0x0000bffd) c.j     pc - 2
core   0: 0 0x00000000800000d0 (0xbffd)
core   0: 0x00000000800000ce (0x00000505) c.addi  a0, 1
core   0: 0 0x00000000800000ce (0x0505) x10 0x000000000000069b
core   0: 0x00000000800000d0 (0x0000bffd) c.j     pc - 2
core   0: 0 0x00000000800000d0 (0xbffd)
core   0: 0x00000000800000ce (0x00000505) c.addi  a0, 1
core   0: 0 0x00000000800000ce (0x0505) x10 0x000000000000069c
core   0: 0x00000000800000d0 (0x0000bffd) c.j     pc - 2
core   0: 0 0x00000000800000d0 (0xbffd)
core   0: 0x00000000800000ce (0x00000505) c.addi  a0, 1
core   0: 0 0x00000000800000ce (0x0505) x10 0x000000000000069d
core   0: 0x00000000800000d0 (0x0000bffd) c.j     pc - 2
core   0: 0 0x00000000800000d0 (0xbffd)
core   0: 0x00000000800000ce (0x00000505) c.addi  a0, 1
core   0: 0 0x00000000800000ce (0x0505) x10 0x000000000000069e
core   0: 0x00000000800000d0 (0x0000bffd) c.j     pc - 2
core   0: 0 0x00000000800000d0 (0xbffd)
core   0: 0x00000000800000ce (0x00000505) c.addi  a0, 1
core   0: 0 0x00000000800000ce (0x0505) x10 0x000000000000069f
core   0: 0x00000000800000d0 (0x0000bffd) c.j     pc - 2
core   0: 0 0x00000000800000d0 (0xbffd)
core   0: 0x00000000800000ce (0x00000505) c.addi  a0, 1
core   0: 0 0x00000000800000ce (0x0505) x10 0x00000000000006a0
core   0: 0x00000000800000d0 (0x0000bffd) c.j     pc - 2
core   0: 0 0x00000000800000d0 (0xbffd)
core   0: 0x00000000800000ce (0x00000505) c.addi  a0, 1
core   0: 0 0x00000000800000ce (0x0505) x10 0x00000000000006a1
core   0: 0x00000000800000d0 (0x0000bffd) c.j     pc - 2
core   0: 0 0x00000000800000d0 (0xbffd)
core   0: 0x00000000800000ce (0x00000505) c.addi  a0, 1
core   0: 0 0x00000000800000ce (0x0505) x10 0x00000000000006a2
core   0: 0x00000000800000d0 (0x0000bffd) c.j     pc - 2
core   0: 0 0x00000000800000d0 (0xbffd)
core   0: 0x00000000800000ce (0x00000505) c.addi  a0, 1
core   0: 0 0x00000000800000ce (0x0505) x10 0x00000000000006a3
core   0: 0x00000000800000d0 (0x0000bffd) c.j     pc - 2
core   0: 0 0x00000000800000d0 (0xbffd)
core   0: 0x00000000800000ce (0x00000505) c.addi  a0, 1
core   0: 0 0x00000000800000ce (0x0505) x10 0x00000000000006a4
core   0: 0x00000000800000d0 (0x0000bffd) c.j     pc - 2
core   0: 0 0x00000000800000d0 (0xbffd)
core   0: 0x00000000800000ce (0x00000505) c.addi  a0, 1
core   0: 0 0x00000000800000ce (0x0505) x10 0x00000000000006a5
core   0: 0x00000000800000d0 (0x0000bffd) c.j     pc - 2
core   0: 0 0x00000000800000d0 (0xbffd)
core   0: 0x00000000800000ce (0x00000505) c.addi  a0, 1
core   0: 0 0x00000000800000ce (0x0505) x10 0x00000000000006a6
core   0: 0x00000000800000d0 (0x0000bffd) c.j     pc - 2
core   0: 0 0x00000000800000d0 (0xbffd)
core   0: 0x00000000800000ce (0x00000505) c.addi  a0, 1
core   0: 0 0x00000000800000ce (0x0505) x10 0x00000000000006a7
core   0: 0x00000000800000d0 (0x0000bffd) c.j     pc - 2
core   0: 0 0x00000000800000d0 (0xbffd)
core   0: 0x00000000800000ce (0x00000505) c.addi  a0, 1
core   0: 0 0x00000000800000ce (0x0505) x10 0x00000000000006a8
core   0: 0x00000000800000d0 (0x0000bffd) c.j     pc - 2
core   0: 0 0x00000000800000d0 (0xbffd)
core   0: 0x00000000800000ce (0x00000505) c.addi  a0, 1
core   0: 0 0x00000000800000ce (0x0505) x10 0x00000000000006a9
core   0: 0x00000000800000d0 (0x0000bffd) c.j     pc - 2
core   0: 0 0x00000000800000d0 (0xbffd)
core   0: 0x00000000800000ce (0x00000505) c.addi  a0, 1
core   0: 0 0x00000000800000ce (0x0505) x10 0x00000000000006aa
core   0: 0x00000000800000d0 (0x0000bffd) c.j     pc - 2
core   0: 0 0x00000000800000d0 (0xbffd)
core   0: 0x00000000800000ce (0x00000505) c.addi  a0, 1
core   0: 0 0x00000000800000ce (0x0505) x10 0x00000000000006ab
core   0: 0x00000000800000d0 (0x0000bffd) c.j     pc - 2
core   0: 0 0x00000000800000d0 (0xbffd)
core   0: 0x00000000800000ce (0x00000505) c.addi  a0, 1
core   0: 0 0x00000000800000ce (0x0505) x10 0x00000000000006ac
core   0: 0x00000000800000d0 (0x0000bffd) c.j     pc - 2
core   0: 0 0x00000000800000d0 (0xbffd)
core   0: 0x00000000800000ce (0x00000505) c.addi  a0, 1
core   0: 0 0x00000000800000ce (0x0505) x10 0x00000000000006ad
core   0: 0x00000000800000d0 (0x0000bffd) c.j     pc - 2
core   0: 0 0x00000000800000d0 (0xbffd)
core   0: 0x00000000800000ce (0x00000505) c.addi  a0, 1
core   0: 0 0x00000000800000ce (0x0505) x10 0x00000000000006ae
core   0: 0x00000000800000d0 (0x0000bffd) c.j     pc - 2
core   0: 0 0x00000000800000d0 (0xbffd)
core   0: 0x00000000800000ce (0x00000505) c.addi  a0, 1
core   0: 0 0x00000000800000ce (0x0505) x10 0x00000000000006af
core   0: 0x00000000800000d0 (0x0000bffd) c.j     pc - 2
core   0: 0 0x00000000800000d0 (0xbffd)
core   0: 0x00000000800000ce (0x00000505) c.addi  a0, 1
core   0: 0 0x00000000800000ce (0x0505) x10 0x00000000000006b0
core   0: 0x00000000800000d0 (0x0000bffd) c.j     pc - 2
core   0: 0 0x00000000800000d0 (0xbffd)
core   0: 0x00000000800000ce (0x00000505) c.addi  a0, 1
core   0: 0 0x00000000800000ce (0x0505) x10 0x00000000000006b1
core   0: 0x00000000800000d0 (0x0000bffd) c.j     pc - 2
core   0: 0 0x00000000800000d0 (0xbffd)
core   0: 0x00000000800000ce (0x00000505) c.addi  a0, 1
core   0: 0 0x00000000800000ce (0x0505) x10 0x00000000000006b2
core   0: 0x00000000800000d0 (0x0000bffd) c.j     pc - 2
core   0: 0 0x00000000800000d0 (0xbffd)
core   0: 0x00000000800000ce (0x00000505) c.addi  a0, 1
core   0: 0 0x00000000800000ce (0x0505) x10 0x00000000000006b3
core   0: 0x00000000800000d0 (0x0000bffd) c.j     pc - 2
core   0: 0 0x00000000800000d0 (0xbffd)
core   0: 0x00000000800000ce (0x00000505) c.addi  a0, 1
core   0: 0 0x00000000800000ce (0x0505) x10 0x00000000000006b4
core   0: 0x00000000800000d0 (0x0000bffd) c.j     pc - 2
core   0: 0 0x00000000800000d0 (0xbffd)
core   0: 0x00000000800000ce (0x00000505) c.addi  a0, 1
core   0: 0 0x00000000800000ce (0x0505) x10 0x00000000000006b5
core   0: 0x00000000800000d0 (0x0000bffd) c.j     pc - 2
core   0: 0 0x00000000800000d0 (0xbffd)
core   0: 0x00000000800000ce (0x00000505) c.addi  a0, 1
core   0: 0 0x00000000800000ce (0x0505) x10 0x00000000000006b6
core   0: 0x00000000800000d0 (0x0000bffd) c.j     pc - 2
core   0: 0 0x00000000800000d0 (0xbffd)
core   0: 0x00000000800000ce (0x00000505) c.addi  a0, 1
core   0: 0 0x00000000800000ce (0x0505) x10 0x00000000000006b7
core   0: 0x00000000800000d0 (0x0000bffd) c.j     pc - 2
core   0: 0 0x00000000800000d0 (0xbffd)
core   0: 0x00000000800000ce (0x00000505) c.addi  a0, 1
core   0: 0 0x00000000800000ce (0x0505) x10 0x00000000000006b8
core   0: 0x00000000800000d0 (0x0000bffd) c.j     pc - 2
core   0: 0 0x00000000800000d0 (0xbffd)
core   0: 0x00000000800000ce (0x00000505) c.addi  a0, 1
core   0: 0 0x00000000800000ce (0x0505) x10 0x00000000000006b9
core   0: 0x00000000800000d0 (0x0000bffd) c.j     pc - 2
core   0: 0 0x00000000800000d0 (0xbffd)
core   0: 0x00000000800000ce (0x00000505) c.addi  a0, 1
core   0: 0 0x00000000800000ce (0x0505) x10 0x00000000000006ba
core   0: 0x00000000800000d0 (0x0000bffd) c.j     pc - 2
core   0: 0 0x00000000800000d0 (0xbffd)
core   0: 0x00000000800000ce (0x00000505) c.addi  a0, 1
core   0: 0 0x00000000800000ce (0x0505) x10 0x00000000000006bb
core   0: 0x00000000800000d0 (0x0000bffd) c.j     pc - 2
core   0: 0 0x00000000800000d0 (0xbffd)
core   0: 0x00000000800000ce (0x00000505) c.addi  a0, 1
core   0: 0 0x00000000800000ce (0x0505) x10 0x00000000000006bc
core   0: 0x00000000800000d0 (0x0000bffd) c.j     pc - 2
core   0: 0 0x00000000800000d0 (0xbffd)
core   0: 0x00000000800000ce (0x00000505) c.addi  a0, 1
core   0: 0 0x00000000800000ce (0x0505) x10 0x00000000000006bd
core   0: 0x00000000800000d0 (0x0000bffd) c.j     pc - 2
core   0: 0 0x00000000800000d0 (0xbffd)
core   0: 0x00000000800000ce (0x00000505) c.addi  a0, 1
core   0: 0 0x00000000800000ce (0x0505) x10 0x00000000000006be
core   0: 0x00000000800000d0 (0x0000bffd) c.j     pc - 2
core   0: 0 0x00000000800000d0 (0xbffd)
core   0: 0x00000000800000ce (0x00000505) c.addi  a0, 1
core   0: 0 0x00000000800000ce (0x0505) x10 0x00000000000006bf
core   0: 0x00000000800000d0 (0x0000bffd) c.j     pc - 2
core   0: 0 0x00000000800000d0 (0xbffd)
core   0: 0x00000000800000ce (0x00000505) c.addi  a0, 1
core   0: 0 0x00000000800000ce (0x0505) x10 0x00000000000006c0
core   0: 0x00000000800000d0 (0x0000bffd) c.j     pc - 2
core   0: 0 0x00000000800000d0 (0xbffd)
core   0: 0x00000000800000ce (0x00000505) c.addi  a0, 1
core   0: 0 0x00000000800000ce (0x0505) x10 0x00000000000006c1
core   0: 0x00000000800000d0 (0x0000bffd) c.j     pc - 2
core   0: 0 0x00000000800000d0 (0xbffd)
core   0: 0x00000000800000ce (0x00000505) c.addi  a0, 1
core   0: 0 0x00000000800000ce (0x0505) x10 0x00000000000006c2
core   0: 0x00000000800000d0 (0x0000bffd) c.j     pc - 2
core   0: 0 0x00000000800000d0 (0xbffd)
core   0: 0x00000000800000ce (0x00000505) c.addi  a0, 1
core   0: 0 0x00000000800000ce (0x0505) x10 0x00000000000006c3
core   0: 0x00000000800000d0 (0x0000bffd) c.j     pc - 2
core   0: 0 0x00000000800000d0 (0xbffd)
core   0: 0x00000000800000ce (0x00000505) c.addi  a0, 1
core   0: 0 0x00000000800000ce (0x0505) x10 0x00000000000006c4
core   0: 0x00000000800000d0 (0x0000bffd) c.j     pc - 2
core   0: 0 0x00000000800000d0 (0xbffd)
core   0: 0x00000000800000ce (0x00000505) c.addi  a0, 1
core   0: 0 0x00000000800000ce (0x0505) x10 0x00000000000006c5
core   0: 0x00000000800000d0 (0x0000bffd) c.j     pc - 2
core   0: 0 0x00000000800000d0 (0xbffd)
core   0: 0x00000000800000ce (0x00000505) c.addi  a0, 1
core   0: 0 0x00000000800000ce (0x0505) x10 0x00000000000006c6
core   0: 0x00000000800000d0 (0x0000bffd) c.j     pc - 2
core   0: 0 0x00000000800000d0 (0xbffd)
core   0: 0x00000000800000ce (0x00000505) c.addi  a0, 1
core   0: 0 0x00000000800000ce (0x0505) x10 0x00000000000006c7
core   0: 0x00000000800000d0 (0x0000bffd) c.j     pc - 2
core   0: 0 0x00000000800000d0 (0xbffd)
core   0: 0x00000000800000ce (0x00000505) c.addi  a0, 1
core   0: 0 0x00000000800000ce (0x0505) x10 0x00000000000006c8
core   0: 0x00000000800000d0 (0x0000bffd) c.j     pc - 2
core   0: 0 0x00000000800000d0 (0xbffd)
core   0: 0x00000000800000ce (0x00000505) c.addi  a0, 1
core   0: 0 0x00000000800000ce (0x0505) x10 0x00000000000006c9
core   0: 0x00000000800000d0 (0x0000bffd) c.j     pc - 2
core   0: 0 0x00000000800000d0 (0xbffd)
core   0: 0x00000000800000ce (0x00000505) c.addi  a0, 1
core   0: 0 0x00000000800000ce (0x0505) x10 0x00000000000006ca
core   0: 0x00000000800000d0 (0x0000bffd) c.j     pc - 2
core   0: 0 0x00000000800000d0 (0xbffd)
core   0: 0x00000000800000ce (0x00000505) c.addi  a0, 1
core   0: 0 0x00000000800000ce (0x0505) x10 0x00000000000006cb
core   0: 0x00000000800000d0 (0x0000bffd) c.j     pc - 2
core   0: 0 0x00000000800000d0 (0xbffd)
core   0: 0x00000000800000ce (0x00000505) c.addi  a0, 1
core   0: 0 0x00000000800000ce (0x0505) x10 0x00000000000006cc
core   0: 0x00000000800000d0 (0x0000bffd) c.j     pc - 2
core   0: 0 0x00000000800000d0 (0xbffd)
core   0: 0x00000000800000ce (0x00000505) c.addi  a0, 1
core   0: 0 0x00000000800000ce (0x0505) x10 0x00000000000006cd
core   0: 0x00000000800000d0 (0x0000bffd) c.j     pc - 2
core   0: 0 0x00000000800000d0 (0xbffd)
core   0: 0x00000000800000ce (0x00000505) c.addi  a0, 1
core   0: 0 0x00000000800000ce (0x0505) x10 0x00000000000006ce
core   0: 0x00000000800000d0 (0x0000bffd) c.j     pc - 2
core   0: 0 0x00000000800000d0 (0xbffd)
core   0: 0x00000000800000ce (0x00000505) c.addi  a0, 1
core   0: 0 0x00000000800000ce (0x0505) x10 0x00000000000006cf
core   0: 0x00000000800000d0 (0x0000bffd) c.j     pc - 2
core   0: 0 0x00000000800000d0 (0xbffd)
core   0: 0x00000000800000ce (0x00000505) c.addi  a0, 1
core   0: 0 0x00000000800000ce (0x0505) x10 0x00000000000006d0
core   0: 0x00000000800000d0 (0x0000bffd) c.j     pc - 2
core   0: 0 0x00000000800000d0 (0xbffd)
core   0: 0x00000000800000ce (0x00000505) c.addi  a0, 1
core   0: 0 0x00000000800000ce (0x0505) x10 0x00000000000006d1
core   0: 0x00000000800000d0 (0x0000bffd) c.j     pc - 2
core   0: 0 0x00000000800000d0 (0xbffd)
core   0: 0x00000000800000ce (0x00000505) c.addi  a0, 1
core   0: 0 0x00000000800000ce (0x0505) x10 0x00000000000006d2
core   0: 0x00000000800000d0 (0x0000bffd) c.j     pc - 2
core   0: 0 0x00000000800000d0 (0xbffd)
core   0: 0x00000000800000ce (0x00000505) c.addi  a0, 1
core   0: 0 0x00000000800000ce (0x0505) x10 0x00000000000006d3
core   0: 0x00000000800000d0 (0x0000bffd) c.j     pc - 2
core   0: 0 0x00000000800000d0 (0xbffd)
core   0: 0x00000000800000ce (0x00000505) c.addi  a0, 1
core   0: 0 0x00000000800000ce (0x0505) x10 0x00000000000006d4
core   0: 0x00000000800000d0 (0x0000bffd) c.j     pc - 2
core   0: 0 0x00000000800000d0 (0xbffd)
core   0: 0x00000000800000ce (0x00000505) c.addi  a0, 1
core   0: 0 0x00000000800000ce (0x0505) x10 0x00000000000006d5
core   0: 0x00000000800000d0 (0x0000bffd) c.j     pc - 2
core   0: 0 0x00000000800000d0 (0xbffd)
core   0: 0x00000000800000ce (0x00000505) c.addi  a0, 1
core   0: 0 0x00000000800000ce (0x0505) x10 0x00000000000006d6
core   0: 0x00000000800000d0 (0x0000bffd) c.j     pc - 2
core   0: 0 0x00000000800000d0 (0xbffd)
core   0: 0x00000000800000ce (0x00000505) c.addi  a0, 1
core   0: 0 0x00000000800000ce (0x0505) x10 0x00000000000006d7
core   0: 0x00000000800000d0 (0x0000bffd) c.j     pc - 2
core   0: 0 0x00000000800000d0 (0xbffd)
core   0: 0x00000000800000ce (0x00000505) c.addi  a0, 1
core   0: 0 0x00000000800000ce (0x0505) x10 0x00000000000006d8
core   0: 0x00000000800000d0 (0x0000bffd) c.j     pc - 2
core   0: 0 0x00000000800000d0 (0xbffd)
core   0: 0x00000000800000ce (0x00000505) c.addi  a0, 1
core   0: 0 0x00000000800000ce (0x0505) x10 0x00000000000006d9
core   0: 0x00000000800000d0 (0x0000bffd) c.j     pc - 2
core   0: 0 0x00000000800000d0 (0xbffd)
core   0: 0x00000000800000ce (0x00000505) c.addi  a0, 1
core   0: 0 0x00000000800000ce (0x0505) x10 0x00000000000006da
core   0: 0x00000000800000d0 (0x0000bffd) c.j     pc - 2
core   0: 0 0x00000000800000d0 (0xbffd)
core   0: 0x00000000800000ce (0x00000505) c.addi  a0, 1
core   0: 0 0x00000000800000ce (0x0505) x10 0x00000000000006db
core   0: 0x00000000800000d0 (0x0000bffd) c.j     pc - 2
core   0: 0 0x00000000800000d0 (0xbffd)
core   0: 0x00000000800000ce (0x00000505) c.addi  a0, 1
core   0: 0 0x00000000800000ce (0x0505) x10 0x00000000000006dc
core   0: 0x00000000800000d0 (0x0000bffd) c.j     pc - 2
core   0: 0 0x00000000800000d0 (0xbffd)
core   0: 0x00000000800000ce (0x00000505) c.addi  a0, 1
core   0: 0 0x00000000800000ce (0x0505) x10 0x00000000000006dd
core   0: 0x00000000800000d0 (0x0000bffd) c.j     pc - 2
core   0: 0 0x00000000800000d0 (0xbffd)
core   0: 0x00000000800000ce (0x00000505) c.addi  a0, 1
core   0: 0 0x00000000800000ce (0x0505) x10 0x00000000000006de
core   0: 0x00000000800000d0 (0x0000bffd) c.j     pc - 2
core   0: 0 0x00000000800000d0 (0xbffd)
core   0: 0x00000000800000ce (0x00000505) c.addi  a0, 1
core   0: 0 0x00000000800000ce (0x0505) x10 0x00000000000006df
core   0: 0x00000000800000d0 (0x0000bffd) c.j     pc - 2
core   0: 0 0x00000000800000d0 (0xbffd)
core   0: 0x00000000800000ce (0x00000505) c.addi  a0, 1
core   0: 0 0x00000000800000ce (0x0505) x10 0x00000000000006e0
core   0: 0x00000000800000d0 (0x0000bffd) c.j     pc - 2
core   0: 0 0x00000000800000d0 (0xbffd)
core   0: 0x00000000800000ce (0x00000505) c.addi  a0, 1
core   0: 0 0x00000000800000ce (0x0505) x10 0x00000000000006e1
core   0: 0x00000000800000d0 (0x0000bffd) c.j     pc - 2
core   0: 0 0x00000000800000d0 (0xbffd)
core   0: 0x00000000800000ce (0x00000505) c.addi  a0, 1
core   0: 0 0x00000000800000ce (0x0505) x10 0x00000000000006e2
core   0: 0x00000000800000d0 (0x0000bffd) c.j     pc - 2
core   0: 0 0x00000000800000d0 (0xbffd)
core   0: 0x00000000800000ce (0x00000505) c.addi  a0, 1
core   0: 0 0x00000000800000ce (0x0505) x10 0x00000000000006e3
core   0: 0x00000000800000d0 (0x0000bffd) c.j     pc - 2
core   0: 0 0x00000000800000d0 (0xbffd)
core   0: 0x00000000800000ce (0x00000505) c.addi  a0, 1
core   0: 0 0x00000000800000ce (0x0505) x10 0x00000000000006e4
core   0: 0x00000000800000d0 (0x0000bffd) c.j     pc - 2
core   0: 0 0x00000000800000d0 (0xbffd)
core   0: 0x00000000800000ce (0x00000505) c.addi  a0, 1
core   0: 0 0x00000000800000ce (0x0505) x10 0x00000000000006e5
core   0: 0x00000000800000d0 (0x0000bffd) c.j     pc - 2
core   0: 0 0x00000000800000d0 (0xbffd)
core   0: 0x00000000800000ce (0x00000505) c.addi  a0, 1
core   0: 0 0x00000000800000ce (0x0505) x10 0x00000000000006e6
core   0: 0x00000000800000d0 (0x0000bffd) c.j     pc - 2
core   0: 0 0x00000000800000d0 (0xbffd)
core   0: 0x00000000800000ce (0x00000505) c.addi  a0, 1
core   0: 0 0x00000000800000ce (0x0505) x10 0x00000000000006e7
core   0: 0x00000000800000d0 (0x0000bffd) c.j     pc - 2
core   0: 0 0x00000000800000d0 (0xbffd)
core   0: 0x00000000800000ce (0x00000505) c.addi  a0, 1
core   0: 0 0x00000000800000ce (0x0505) x10 0x00000000000006e8
core   0: 0x00000000800000d0 (0x0000bffd) c.j     pc - 2
core   0: 0 0x00000000800000d0 (0xbffd)
core   0: 0x00000000800000ce (0x00000505) c.addi  a0, 1
core   0: 0 0x00000000800000ce (0x0505) x10 0x00000000000006e9
core   0: 0x00000000800000d0 (0x0000bffd) c.j     pc - 2
core   0: 0 0x00000000800000d0 (0xbffd)
core   0: 0x00000000800000ce (0x00000505) c.addi  a0, 1
core   0: 0 0x00000000800000ce (0x0505) x10 0x00000000000006ea
core   0: 0x00000000800000d0 (0x0000bffd) c.j     pc - 2
core   0: 0 0x00000000800000d0 (0xbffd)
core   0: 0x00000000800000ce (0x00000505) c.addi  a0, 1
core   0: 0 0x00000000800000ce (0x0505) x10 0x00000000000006eb
core   0: 0x00000000800000d0 (0x0000bffd) c.j     pc - 2
core   0: 0 0x00000000800000d0 (0xbffd)
core   0: 0x00000000800000ce (0x00000505) c.addi  a0, 1
core   0: 0 0x00000000800000ce (0x0505) x10 0x00000000000006ec
core   0: 0x00000000800000d0 (0x0000bffd) c.j     pc - 2
core   0: 0 0x00000000800000d0 (0xbffd)
core   0: 0x00000000800000ce (0x00000505) c.addi  a0, 1
core   0: 0 0x00000000800000ce (0x0505) x10 0x00000000000006ed
core   0: 0x00000000800000d0 (0x0000bffd) c.j     pc - 2
core   0: 0 0x00000000800000d0 (0xbffd)
core   0: 0x00000000800000ce (0x00000505) c.addi  a0, 1
core   0: 0 0x00000000800000ce (0x0505) x10 0x00000000000006ee
core   0: 0x00000000800000d0 (0x0000bffd) c.j     pc - 2
core   0: 0 0x00000000800000d0 (0xbffd)
core   0: 0x00000000800000ce (0x00000505) c.addi  a0, 1
core   0: 0 0x00000000800000ce (0x0505) x10 0x00000000000006ef
core   0: 0x00000000800000d0 (0x0000bffd) c.j     pc - 2
core   0: 0 0x00000000800000d0 (0xbffd)
core   0: 0x00000000800000ce (0x00000505) c.addi  a0, 1
core   0: 0 0x00000000800000ce (0x0505) x10 0x00000000000006f0
core   0: 0x00000000800000d0 (0x0000bffd) c.j     pc - 2
core   0: 0 0x00000000800000d0 (0xbffd)
core   0: 0x00000000800000ce (0x00000505) c.addi  a0, 1
core   0: 0 0x00000000800000ce (0x0505) x10 0x00000000000006f1
core   0: 0x00000000800000d0 (0x0000bffd) c.j     pc - 2
core   0: 0 0x00000000800000d0 (0xbffd)
core   0: 0x00000000800000ce (0x00000505) c.addi  a0, 1
core   0: 0 0x00000000800000ce (0x0505) x10 0x00000000000006f2
core   0: 0x00000000800000d0 (0x0000bffd) c.j     pc - 2
core   0: 0 0x00000000800000d0 (0xbffd)
core   0: 0x00000000800000ce (0x00000505) c.addi  a0, 1
core   0: 0 0x00000000800000ce (0x0505) x10 0x00000000000006f3
core   0: 0x00000000800000d0 (0x0000bffd) c.j     pc - 2
core   0: 0 0x00000000800000d0 (0xbffd)
core   0: 0x00000000800000ce (0x00000505) c.addi  a0, 1
core   0: 0 0x00000000800000ce (0x0505) x10 0x00000000000006f4
core   0: 0x00000000800000d0 (0x0000bffd) c.j     pc - 2
core   0: 0 0x00000000800000d0 (0xbffd)
core   0: 0x00000000800000ce (0x00000505) c.addi  a0, 1
core   0: 0 0x00000000800000ce (0x0505) x10 0x00000000000006f5
core   0: 0x00000000800000d0 (0x0000bffd) c.j     pc - 2
core   0: 0 0x00000000800000d0 (0xbffd)
core   0: 0x00000000800000ce (0x00000505) c.addi  a0, 1
core   0: 0 0x00000000800000ce (0x0505) x10 0x00000000000006f6
core   0: 0x00000000800000d0 (0x0000bffd) c.j     pc - 2
core   0: 0 0x00000000800000d0 (0xbffd)
core   0: 0x00000000800000ce (0x00000505) c.addi  a0, 1
core   0: 0 0x00000000800000ce (0x0505) x10 0x00000000000006f7
core   0: 0x00000000800000d0 (0x0000bffd) c.j     pc - 2
core   0: 0 0x00000000800000d0 (0xbffd)
core   0: 0x00000000800000ce (0x00000505) c.addi  a0, 1
core   0: 0 0x00000000800000ce (0x0505) x10 0x00000000000006f8
core   0: 0x00000000800000d0 (0x0000bffd) c.j     pc - 2
core   0: 0 0x00000000800000d0 (0xbffd)
core   0: 0x00000000800000ce (0x00000505) c.addi  a0, 1
core   0: 0 0x00000000800000ce (0x0505) x10 0x00000000000006f9
core   0: 0x00000000800000d0 (0x0000bffd) c.j     pc - 2
core   0: 0 0x00000000800000d0 (0xbffd)
core   0: 0x00000000800000ce (0x00000505) c.addi  a0, 1
core   0: 0 0x00000000800000ce (0x0505) x10 0x00000000000006fa
core   0: 0x00000000800000d0 (0x0000bffd) c.j     pc - 2
core   0: 0 0x00000000800000d0 (0xbffd)
core   0: 0x00000000800000ce (0x00000505) c.addi  a0, 1
core   0: 0 0x00000000800000ce (0x0505) x10 0x00000000000006fb
core   0: 0x00000000800000d0 (0x0000bffd) c.j     pc - 2
core   0: 0 0x00000000800000d0 (0xbffd)
core   0: 0x00000000800000ce (0x00000505) c.addi  a0, 1
core   0: 0 0x00000000800000ce (0x0505) x10 0x00000000000006fc
core   0: 0x00000000800000d0 (0x0000bffd) c.j     pc - 2
core   0: 0 0x00000000800000d0 (0xbffd)
core   0: 0x00000000800000ce (0x00000505) c.addi  a0, 1
core   0: 0 0x00000000800000ce (0x0505) x10 0x00000000000006fd
core   0: 0x00000000800000d0 (0x0000bffd) c.j     pc - 2
core   0: 0 0x00000000800000d0 (0xbffd)
core   0: 0x00000000800000ce (0x00000505) c.addi  a0, 1
core   0: 0 0x00000000800000ce (0x0505) x10 0x00000000000006fe
core   0: 0x00000000800000d0 (0x0000bffd) c.j     pc - 2
core   0: 0 0x00000000800000d0 (0xbffd)
core   0: 0x00000000800000ce (0x00000505) c.addi  a0, 1
core   0: 0 0x00000000800000ce (0x0505) x10 0x00000000000006ff
core   0: 0x00000000800000d0 (0x0000bffd) c.j     pc - 2
core   0: 0 0x00000000800000d0 (0xbffd)
core   0: 0x00000000800000ce (0x00000505) c.addi  a0, 1
core   0: 0 0x00000000800000ce (0x0505) x10 0x0000000000000700
core   0: 0x00000000800000d0 (0x0000bffd) c.j     pc - 2
core   0: 0 0x00000000800000d0 (0xbffd)
core   0: 0x00000000800000ce (0x00000505) c.addi  a0, 1
core   0: 0 0x00000000800000ce (0x0505) x10 0x0000000000000701
core   0: 0x00000000800000d0 (0x0000bffd) c.j     pc - 2
core   0: 0 0x00000000800000d0 (0xbffd)
core   0: 0x00000000800000ce (0x00000505) c.addi  a0, 1
core   0: 0 0x00000000800000ce (0x0505) x10 0x0000000000000702
core   0: 0x00000000800000d0 (0x0000bffd) c.j     pc - 2
core   0: 0 0x00000000800000d0 (0xbffd)
core   0: 0x00000000800000ce (0x00000505) c.addi  a0, 1
core   0: 0 0x00000000800000ce (0x0505) x10 0x0000000000000703
core   0: 0x00000000800000d0 (0x0000bffd) c.j     pc - 2
core   0: 0 0x00000000800000d0 (0xbffd)
core   0: 0x00000000800000ce (0x00000505) c.addi  a0, 1
core   0: 0 0x00000000800000ce (0x0505) x10 0x0000000000000704
core   0: 0x00000000800000d0 (0x0000bffd) c.j     pc - 2
core   0: 0 0x00000000800000d0 (0xbffd)
core   0: 0x00000000800000ce (0x00000505) c.addi  a0, 1
core   0: 0 0x00000000800000ce (0x0505) x10 0x0000000000000705
core   0: 0x00000000800000d0 (0x0000bffd) c.j     pc - 2
core   0: 0 0x00000000800000d0 (0xbffd)
core   0: 0x00000000800000ce (0x00000505) c.addi  a0, 1
core   0: 0 0x00000000800000ce (0x0505) x10 0x0000000000000706
core   0: 0x00000000800000d0 (0x0000bffd) c.j     pc - 2
core   0: 0 0x00000000800000d0 (0xbffd)
core   0: 0x00000000800000ce (0x00000505) c.addi  a0, 1
core   0: 0 0x00000000800000ce (0x0505) x10 0x0000000000000707
core   0: 0x00000000800000d0 (0x0000bffd) c.j     pc - 2
core   0: 0 0x00000000800000d0 (0xbffd)
core   0: 0x00000000800000ce (0x00000505) c.addi  a0, 1
core   0: 0 0x00000000800000ce (0x0505) x10 0x0000000000000708
core   0: 0x00000000800000d0 (0x0000bffd) c.j     pc - 2
core   0: 0 0x00000000800000d0 (0xbffd)
core   0: 0x00000000800000ce (0x00000505) c.addi  a0, 1
core   0: 0 0x00000000800000ce (0x0505) x10 0x0000000000000709
core   0: 0x00000000800000d0 (0x0000bffd) c.j     pc - 2
core   0: 0 0x00000000800000d0 (0xbffd)
core   0: 0x00000000800000ce (0x00000505) c.addi  a0, 1
core   0: 0 0x00000000800000ce (0x0505) x10 0x000000000000070a
core   0: 0x00000000800000d0 (0x0000bffd) c.j     pc - 2
core   0: 0 0x00000000800000d0 (0xbffd)
core   0: 0x00000000800000ce (0x00000505) c.addi  a0, 1
core   0: 0 0x00000000800000ce (0x0505) x10 0x000000000000070b
core   0: 0x00000000800000d0 (0x0000bffd) c.j     pc - 2
core   0: 0 0x00000000800000d0 (0xbffd)
core   0: 0x00000000800000ce (0x00000505) c.addi  a0, 1
core   0: 0 0x00000000800000ce (0x0505) x10 0x000000000000070c
core   0: 0x00000000800000d0 (0x0000bffd) c.j     pc - 2
core   0: 0 0x00000000800000d0 (0xbffd)
core   0: 0x00000000800000ce (0x00000505) c.addi  a0, 1
core   0: 0 0x00000000800000ce (0x0505) x10 0x000000000000070d
core   0: 0x00000000800000d0 (0x0000bffd) c.j     pc - 2
core   0: 0 0x00000000800000d0 (0xbffd)
core   0: 0x00000000800000ce (0x00000505) c.addi  a0, 1
core   0: 0 0x00000000800000ce (0x0505) x10 0x000000000000070e
core   0: 0x00000000800000d0 (0x0000bffd) c.j     pc - 2
core   0: 0 0x00000000800000d0 (0xbffd)
core   0: 0x00000000800000ce (0x00000505) c.addi  a0, 1
core   0: 0 0x00000000800000ce (0x0505) x10 0x000000000000070f
core   0: 0x00000000800000d0 (0x0000bffd) c.j     pc - 2
core   0: 0 0x00000000800000d0 (0xbffd)
core   0: 0x00000000800000ce (0x00000505) c.addi  a0, 1
core   0: 0 0x00000000800000ce (0x0505) x10 0x0000000000000710
core   0: 0x00000000800000d0 (0x0000bffd) c.j     pc - 2
core   0: 0 0x00000000800000d0 (0xbffd)
core   0: 0x00000000800000ce (0x00000505) c.addi  a0, 1
core   0: 0 0x00000000800000ce (0x0505) x10 0x0000000000000711
core   0: 0x00000000800000d0 (0x0000bffd) c.j     pc - 2
core   0: 0 0x00000000800000d0 (0xbffd)
core   0: 0x00000000800000ce (0x00000505) c.addi  a0, 1
core   0: 0 0x00000000800000ce (0x0505) x10 0x0000000000000712
core   0: 0x00000000800000d0 (0x0000bffd) c.j     pc - 2
core   0: 0 0x00000000800000d0 (0xbffd)
core   0: 0x00000000800000ce (0x00000505) c.addi  a0, 1
core   0: 0 0x00000000800000ce (0x0505) x10 0x0000000000000713
core   0: 0x00000000800000d0 (0x0000bffd) c.j     pc - 2
core   0: 0 0x00000000800000d0 (0xbffd)
core   0: 0x00000000800000ce (0x00000505) c.addi  a0, 1
core   0: 0 0x00000000800000ce (0x0505) x10 0x0000000000000714
core   0: 0x00000000800000d0 (0x0000bffd) c.j     pc - 2
core   0: 0 0x00000000800000d0 (0xbffd)
core   0: 0x00000000800000ce (0x00000505) c.addi  a0, 1
core   0: 0 0x00000000800000ce (0x0505) x10 0x0000000000000715
core   0: 0x00000000800000d0 (0x0000bffd) c.j     pc - 2
core   0: 0 0x00000000800000d0 (0xbffd)
core   0: 0x00000000800000ce (0x00000505) c.addi  a0, 1
core   0: 0 0x00000000800000ce (0x0505) x10 0x0000000000000716
core   0: 0x00000000800000d0 (0x0000bffd) c.j     pc - 2
core   0: 0 0x00000000800000d0 (0xbffd)
core   0: 0x00000000800000ce (0x00000505) c.addi  a0, 1
core   0: 0 0x00000000800000ce (0x0505) x10 0x0000000000000717
core   0: 0x00000000800000d0 (0x0000bffd) c.j     pc - 2
core   0: 0 0x00000000800000d0 (0xbffd)
core   0: 0x00000000800000ce (0x00000505) c.addi  a0, 1
core   0: 0 0x00000000800000ce (0x0505) x10 0x0000000000000718
core   0: 0x00000000800000d0 (0x0000bffd) c.j     pc - 2
core   0: 0 0x00000000800000d0 (0xbffd)
core   0: 0x00000000800000ce (0x00000505) c.addi  a0, 1
core   0: 0 0x00000000800000ce (0x0505) x10 0x0000000000000719
core   0: 0x00000000800000d0 (0x0000bffd) c.j     pc - 2
core   0: 0 0x00000000800000d0 (0xbffd)
core   0: 0x00000000800000ce (0x00000505) c.addi  a0, 1
core   0: 0 0x00000000800000ce (0x0505) x10 0x000000000000071a
core   0: 0x00000000800000d0 (0x0000bffd) c.j     pc - 2
core   0: 0 0x00000000800000d0 (0xbffd)
core   0: 0x00000000800000ce (0x00000505) c.addi  a0, 1
core   0: 0 0x00000000800000ce (0x0505) x10 0x000000000000071b
core   0: 0x00000000800000d0 (0x0000bffd) c.j     pc - 2
core   0: 0 0x00000000800000d0 (0xbffd)
core   0: 0x00000000800000ce (0x00000505) c.addi  a0, 1
core   0: 0 0x00000000800000ce (0x0505) x10 0x000000000000071c
core   0: 0x00000000800000d0 (0x0000bffd) c.j     pc - 2
core   0: 0 0x00000000800000d0 (0xbffd)
core   0: 0x00000000800000ce (0x00000505) c.addi  a0, 1
core   0: 0 0x00000000800000ce (0x0505) x10 0x000000000000071d
core   0: 0x00000000800000d0 (0x0000bffd) c.j     pc - 2
core   0: 0 0x00000000800000d0 (0xbffd)
core   0: 0x00000000800000ce (0x00000505) c.addi  a0, 1
core   0: 0 0x00000000800000ce (0x0505) x10 0x000000000000071e
core   0: 0x00000000800000d0 (0x0000bffd) c.j     pc - 2
core   0: 0 0x00000000800000d0 (0xbffd)
core   0: 0x00000000800000ce (0x00000505) c.addi  a0, 1
core   0: 0 0x00000000800000ce (0x0505) x10 0x000000000000071f
core   0: 0x00000000800000d0 (0x0000bffd) c.j     pc - 2
core   0: 0 0x00000000800000d0 (0xbffd)
core   0: 0x00000000800000ce (0x00000505) c.addi  a0, 1
core   0: 0 0x00000000800000ce (0x0505) x10 0x0000000000000720
core   0: 0x00000000800000d0 (0x0000bffd) c.j     pc - 2
core   0: 0 0x00000000800000d0 (0xbffd)
core   0: 0x00000000800000ce (0x00000505) c.addi  a0, 1
core   0: 0 0x00000000800000ce (0x0505) x10 0x0000000000000721
core   0: 0x00000000800000d0 (0x0000bffd) c.j     pc - 2
core   0: 0 0x00000000800000d0 (0xbffd)
core   0: 0x00000000800000ce (0x00000505) c.addi  a0, 1
core   0: 0 0x00000000800000ce (0x0505) x10 0x0000000000000722
core   0: 0x00000000800000d0 (0x0000bffd) c.j     pc - 2
core   0: 0 0x00000000800000d0 (0xbffd)
core   0: 0x00000000800000ce (0x00000505) c.addi  a0, 1
core   0: 0 0x00000000800000ce (0x0505) x10 0x0000000000000723
core   0: 0x00000000800000d0 (0x0000bffd) c.j     pc - 2
core   0: 0 0x00000000800000d0 (0xbffd)
core   0: 0x00000000800000ce (0x00000505) c.addi  a0, 1
core   0: 0 0x00000000800000ce (0x0505) x10 0x0000000000000724
core   0: 0x00000000800000d0 (0x0000bffd) c.j     pc - 2
core   0: 0 0x00000000800000d0 (0xbffd)
core   0: 0x00000000800000ce (0x00000505) c.addi  a0, 1
core   0: 0 0x00000000800000ce (0x0505) x10 0x0000000000000725
core   0: 0x00000000800000d0 (0x0000bffd) c.j     pc - 2
core   0: 0 0x00000000800000d0 (0xbffd)
core   0: 0x00000000800000ce (0x00000505) c.addi  a0, 1
core   0: 0 0x00000000800000ce (0x0505) x10 0x0000000000000726
core   0: 0x00000000800000d0 (0x0000bffd) c.j     pc - 2
core   0: 0 0x00000000800000d0 (0xbffd)
core   0: 0x00000000800000ce (0x00000505) c.addi  a0, 1
core   0: 0 0x00000000800000ce (0x0505) x10 0x0000000000000727
core   0: 0x00000000800000d0 (0x0000bffd) c.j     pc - 2
core   0: 0 0x00000000800000d0 (0xbffd)
core   0: 0x00000000800000ce (0x00000505) c.addi  a0, 1
core   0: 0 0x00000000800000ce (0x0505) x10 0x0000000000000728
core   0: 0x00000000800000d0 (0x0000bffd) c.j     pc - 2
core   0: 0 0x00000000800000d0 (0xbffd)
core   0: 0x00000000800000ce (0x00000505) c.addi  a0, 1
core   0: 0 0x00000000800000ce (0x0505) x10 0x0000000000000729
core   0: 0x00000000800000d0 (0x0000bffd) c.j     pc - 2
core   0: 0 0x00000000800000d0 (0xbffd)
core   0: 0x00000000800000ce (0x00000505) c.addi  a0, 1
core   0: 0 0x00000000800000ce (0x0505) x10 0x000000000000072a
core   0: 0x00000000800000d0 (0x0000bffd) c.j     pc - 2
core   0: 0 0x00000000800000d0 (0xbffd)
core   0: 0x00000000800000ce (0x00000505) c.addi  a0, 1
core   0: 0 0x00000000800000ce (0x0505) x10 0x000000000000072b
core   0: 0x00000000800000d0 (0x0000bffd) c.j     pc - 2
core   0: 0 0x00000000800000d0 (0xbffd)
core   0: 0x00000000800000ce (0x00000505) c.addi  a0, 1
core   0: 0 0x00000000800000ce (0x0505) x10 0x000000000000072c
core   0: 0x00000000800000d0 (0x0000bffd) c.j     pc - 2
core   0: 0 0x00000000800000d0 (0xbffd)
core   0: 0x00000000800000ce (0x00000505) c.addi  a0, 1
core   0: 0 0x00000000800000ce (0x0505) x10 0x000000000000072d
core   0: 0x00000000800000d0 (0x0000bffd) c.j     pc - 2
core   0: 0 0x00000000800000d0 (0xbffd)
core   0: 0x00000000800000ce (0x00000505) c.addi  a0, 1
core   0: 0 0x00000000800000ce (0x0505) x10 0x000000000000072e
core   0: 0x00000000800000d0 (0x0000bffd) c.j     pc - 2
core   0: 0 0x00000000800000d0 (0xbffd)
core   0: 0x00000000800000ce (0x00000505) c.addi  a0, 1
core   0: 0 0x00000000800000ce (0x0505) x10 0x000000000000072f
core   0: 0x00000000800000d0 (0x0000bffd) c.j     pc - 2
core   0: 0 0x00000000800000d0 (0xbffd)
core   0: 0x00000000800000ce (0x00000505) c.addi  a0, 1
core   0: 0 0x00000000800000ce (0x0505) x10 0x0000000000000730
core   0: 0x00000000800000d0 (0x0000bffd) c.j     pc - 2
core   0: 0 0x00000000800000d0 (0xbffd)
core   0: 0x00000000800000ce (0x00000505) c.addi  a0, 1
core   0: 0 0x00000000800000ce (0x0505) x10 0x0000000000000731
core   0: 0x00000000800000d0 (0x0000bffd) c.j     pc - 2
core   0: 0 0x00000000800000d0 (0xbffd)
core   0: 0x00000000800000ce (0x00000505) c.addi  a0, 1
core   0: 0 0x00000000800000ce (0x0505) x10 0x0000000000000732
core   0: 0x00000000800000d0 (0x0000bffd) c.j     pc - 2
core   0: 0 0x00000000800000d0 (0xbffd)
core   0: 0x00000000800000ce (0x00000505) c.addi  a0, 1
core   0: 0 0x00000000800000ce (0x0505) x10 0x0000000000000733
core   0: 0x00000000800000d0 (0x0000bffd) c.j     pc - 2
core   0: 0 0x00000000800000d0 (0xbffd)
core   0: 0x00000000800000ce (0x00000505) c.addi  a0, 1
core   0: 0 0x00000000800000ce (0x0505) x10 0x0000000000000734
core   0: 0x00000000800000d0 (0x0000bffd) c.j     pc - 2
core   0: 0 0x00000000800000d0 (0xbffd)
core   0: 0x00000000800000ce (0x00000505) c.addi  a0, 1
core   0: 0 0x00000000800000ce (0x0505) x10 0x0000000000000735
core   0: 0x00000000800000d0 (0x0000bffd) c.j     pc - 2
core   0: 0 0x00000000800000d0 (0xbffd)
core   0: 0x00000000800000ce (0x00000505) c.addi  a0, 1
core   0: 0 0x00000000800000ce (0x0505) x10 0x0000000000000736
core   0: 0x00000000800000d0 (0x0000bffd) c.j     pc - 2
core   0: 0 0x00000000800000d0 (0xbffd)
core   0: 0x00000000800000ce (0x00000505) c.addi  a0, 1
core   0: 0 0x00000000800000ce (0x0505) x10 0x0000000000000737
core   0: 0x00000000800000d0 (0x0000bffd) c.j     pc - 2
core   0: 0 0x00000000800000d0 (0xbffd)
core   0: 0x00000000800000ce (0x00000505) c.addi  a0, 1
core   0: 0 0x00000000800000ce (0x0505) x10 0x0000000000000738
core   0: 0x00000000800000d0 (0x0000bffd) c.j     pc - 2
core   0: 0 0x00000000800000d0 (0xbffd)
core   0: 0x00000000800000ce (0x00000505) c.addi  a0, 1
core   0: 0 0x00000000800000ce (0x0505) x10 0x0000000000000739
core   0: 0x00000000800000d0 (0x0000bffd) c.j     pc - 2
core   0: 0 0x00000000800000d0 (0xbffd)
core   0: 0x00000000800000ce (0x00000505) c.addi  a0, 1
core   0: 0 0x00000000800000ce (0x0505) x10 0x000000000000073a
core   0: 0x00000000800000d0 (0x0000bffd) c.j     pc - 2
core   0: 0 0x00000000800000d0 (0xbffd)
core   0: 0x00000000800000ce (0x00000505) c.addi  a0, 1
core   0: 0 0x00000000800000ce (0x0505) x10 0x000000000000073b
core   0: 0x00000000800000d0 (0x0000bffd) c.j     pc - 2
core   0: 0 0x00000000800000d0 (0xbffd)
core   0: 0x00000000800000ce (0x00000505) c.addi  a0, 1
core   0: 0 0x00000000800000ce (0x0505) x10 0x000000000000073c
core   0: 0x00000000800000d0 (0x0000bffd) c.j     pc - 2
core   0: 0 0x00000000800000d0 (0xbffd)
core   0: 0x00000000800000ce (0x00000505) c.addi  a0, 1
core   0: 0 0x00000000800000ce (0x0505) x10 0x000000000000073d
core   0: 0x00000000800000d0 (0x0000bffd) c.j     pc - 2
core   0: 0 0x00000000800000d0 (0xbffd)
core   0: 0x00000000800000ce (0x00000505) c.addi  a0, 1
core   0: 0 0x00000000800000ce (0x0505) x10 0x000000000000073e
core   0: 0x00000000800000d0 (0x0000bffd) c.j     pc - 2
core   0: 0 0x00000000800000d0 (0xbffd)
core   0: 0x00000000800000ce (0x00000505) c.addi  a0, 1
core   0: 0 0x00000000800000ce (0x0505) x10 0x000000000000073f
core   0: 0x00000000800000d0 (0x0000bffd) c.j     pc - 2
core   0: 0 0x00000000800000d0 (0xbffd)
core   0: 0x00000000800000ce (0x00000505) c.addi  a0, 1
core   0: 0 0x00000000800000ce (0x0505) x10 0x0000000000000740
core   0: 0x00000000800000d0 (0x0000bffd) c.j     pc - 2
core   0: 0 0x00000000800000d0 (0xbffd)
core   0: 0x00000000800000ce (0x00000505) c.addi  a0, 1
core   0: 0 0x00000000800000ce (0x0505) x10 0x0000000000000741
core   0: 0x00000000800000d0 (0x0000bffd) c.j     pc - 2
core   0: 0 0x00000000800000d0 (0xbffd)
core   0: 0x00000000800000ce (0x00000505) c.addi  a0, 1
core   0: 0 0x00000000800000ce (0x0505) x10 0x0000000000000742
core   0: 0x00000000800000d0 (0x0000bffd) c.j     pc - 2
core   0: 0 0x00000000800000d0 (0xbffd)
core   0: 0x00000000800000ce (0x00000505) c.addi  a0, 1
core   0: 0 0x00000000800000ce (0x0505) x10 0x0000000000000743
core   0: 0x00000000800000d0 (0x0000bffd) c.j     pc - 2
core   0: 0 0x00000000800000d0 (0xbffd)
core   0: 0x00000000800000ce (0x00000505) c.addi  a0, 1
core   0: 0 0x00000000800000ce (0x0505) x10 0x0000000000000744
core   0: 0x00000000800000d0 (0x0000bffd) c.j     pc - 2
core   0: 0 0x00000000800000d0 (0xbffd)
core   0: 0x00000000800000ce (0x00000505) c.addi  a0, 1
core   0: 0 0x00000000800000ce (0x0505) x10 0x0000000000000745
core   0: 0x00000000800000d0 (0x0000bffd) c.j     pc - 2
core   0: 0 0x00000000800000d0 (0xbffd)
core   0: 0x00000000800000ce (0x00000505) c.addi  a0, 1
core   0: 0 0x00000000800000ce (0x0505) x10 0x0000000000000746
core   0: 0x00000000800000d0 (0x0000bffd) c.j     pc - 2
core   0: 0 0x00000000800000d0 (0xbffd)
core   0: 0x00000000800000ce (0x00000505) c.addi  a0, 1
core   0: 0 0x00000000800000ce (0x0505) x10 0x0000000000000747
core   0: 0x00000000800000d0 (0x0000bffd) c.j     pc - 2
core   0: 0 0x00000000800000d0 (0xbffd)
core   0: 0x00000000800000ce (0x00000505) c.addi  a0, 1
core   0: 0 0x00000000800000ce (0x0505) x10 0x0000000000000748
core   0: 0x00000000800000d0 (0x0000bffd) c.j     pc - 2
core   0: 0 0x00000000800000d0 (0xbffd)
core   0: 0x00000000800000ce (0x00000505) c.addi  a0, 1
core   0: 0 0x00000000800000ce (0x0505) x10 0x0000000000000749
core   0: 0x00000000800000d0 (0x0000bffd) c.j     pc - 2
core   0: 0 0x00000000800000d0 (0xbffd)
core   0: 0x00000000800000ce (0x00000505) c.addi  a0, 1
core   0: 0 0x00000000800000ce (0x0505) x10 0x000000000000074a
core   0: 0x00000000800000d0 (0x0000bffd) c.j     pc - 2
core   0: 0 0x00000000800000d0 (0xbffd)
core   0: 0x00000000800000ce (0x00000505) c.addi  a0, 1
core   0: 0 0x00000000800000ce (0x0505) x10 0x000000000000074b
core   0: 0x00000000800000d0 (0x0000bffd) c.j     pc - 2
core   0: 0 0x00000000800000d0 (0xbffd)
core   0: 0x00000000800000ce (0x00000505) c.addi  a0, 1
core   0: 0 0x00000000800000ce (0x0505) x10 0x000000000000074c
core   0: 0x00000000800000d0 (0x0000bffd) c.j     pc - 2
core   0: 0 0x00000000800000d0 (0xbffd)
core   0: 0x00000000800000ce (0x00000505) c.addi  a0, 1
core   0: 0 0x00000000800000ce (0x0505) x10 0x000000000000074d
core   0: 0x00000000800000d0 (0x0000bffd) c.j     pc - 2
core   0: 0 0x00000000800000d0 (0xbffd)
core   0: 0x00000000800000ce (0x00000505) c.addi  a0, 1
core   0: 0 0x00000000800000ce (0x0505) x10 0x000000000000074e
core   0: 0x00000000800000d0 (0x0000bffd) c.j     pc - 2
core   0: 0 0x00000000800000d0 (0xbffd)
core   0: 0x00000000800000ce (0x00000505) c.addi  a0, 1
core   0: 0 0x00000000800000ce (0x0505) x10 0x000000000000074f
core   0: 0x00000000800000d0 (0x0000bffd) c.j     pc - 2
core   0: 0 0x00000000800000d0 (0xbffd)
core   0: 0x00000000800000ce (0x00000505) c.addi  a0, 1
core   0: 0 0x00000000800000ce (0x0505) x10 0x0000000000000750
core   0: 0x00000000800000d0 (0x0000bffd) c.j     pc - 2
core   0: 0 0x00000000800000d0 (0xbffd)
core   0: 0x00000000800000ce (0x00000505) c.addi  a0, 1
core   0: 0 0x00000000800000ce (0x0505) x10 0x0000000000000751
core   0: 0x00000000800000d0 (0x0000bffd) c.j     pc - 2
core   0: 0 0x00000000800000d0 (0xbffd)
core   0: 0x00000000800000ce (0x00000505) c.addi  a0, 1
core   0: 0 0x00000000800000ce (0x0505) x10 0x0000000000000752
core   0: 0x00000000800000d0 (0x0000bffd) c.j     pc - 2
core   0: 0 0x00000000800000d0 (0xbffd)
core   0: 0x00000000800000ce (0x00000505) c.addi  a0, 1
core   0: 0 0x00000000800000ce (0x0505) x10 0x0000000000000753
core   0: 0x00000000800000d0 (0x0000bffd) c.j     pc - 2
core   0: 0 0x00000000800000d0 (0xbffd)
core   0: 0x00000000800000ce (0x00000505) c.addi  a0, 1
core   0: 0 0x00000000800000ce (0x0505) x10 0x0000000000000754
core   0: 0x00000000800000d0 (0x0000bffd) c.j     pc - 2
core   0: 0 0x00000000800000d0 (0xbffd)
core   0: 0x00000000800000ce (0x00000505) c.addi  a0, 1
core   0: 0 0x00000000800000ce (0x0505) x10 0x0000000000000755
core   0: 0x00000000800000d0 (0x0000bffd) c.j     pc - 2
core   0: 0 0x00000000800000d0 (0xbffd)
core   0: 0x00000000800000ce (0x00000505) c.addi  a0, 1
core   0: 0 0x00000000800000ce (0x0505) x10 0x0000000000000756
core   0: 0x00000000800000d0 (0x0000bffd) c.j     pc - 2
core   0: 0 0x00000000800000d0 (0xbffd)
core   0: 0x00000000800000ce (0x00000505) c.addi  a0, 1
core   0: 0 0x00000000800000ce (0x0505) x10 0x0000000000000757
core   0: 0x00000000800000d0 (0x0000bffd) c.j     pc - 2
core   0: 0 0x00000000800000d0 (0xbffd)
core   0: 0x00000000800000ce (0x00000505) c.addi  a0, 1
core   0: 0 0x00000000800000ce (0x0505) x10 0x0000000000000758
core   0: 0x00000000800000d0 (0x0000bffd) c.j     pc - 2
core   0: 0 0x00000000800000d0 (0xbffd)
core   0: 0x00000000800000ce (0x00000505) c.addi  a0, 1
core   0: 0 0x00000000800000ce (0x0505) x10 0x0000000000000759
core   0: 0x00000000800000d0 (0x0000bffd) c.j     pc - 2
core   0: 0 0x00000000800000d0 (0xbffd)
core   0: 0x00000000800000ce (0x00000505) c.addi  a0, 1
core   0: 0 0x00000000800000ce (0x0505) x10 0x000000000000075a
core   0: 0x00000000800000d0 (0x0000bffd) c.j     pc - 2
core   0: 0 0x00000000800000d0 (0xbffd)
core   0: 0x00000000800000ce (0x00000505) c.addi  a0, 1
core   0: 0 0x00000000800000ce (0x0505) x10 0x000000000000075b
core   0: 0x00000000800000d0 (0x0000bffd) c.j     pc - 2
core   0: 0 0x00000000800000d0 (0xbffd)
core   0: 0x00000000800000ce (0x00000505) c.addi  a0, 1
core   0: 0 0x00000000800000ce (0x0505) x10 0x000000000000075c
core   0: 0x00000000800000d0 (0x0000bffd) c.j     pc - 2
core   0: 0 0x00000000800000d0 (0xbffd)
core   0: 0x00000000800000ce (0x00000505) c.addi  a0, 1
core   0: 0 0x00000000800000ce (0x0505) x10 0x000000000000075d
core   0: 0x00000000800000d0 (0x0000bffd) c.j     pc - 2
core   0: 0 0x00000000800000d0 (0xbffd)
core   0: 0x00000000800000ce (0x00000505) c.addi  a0, 1
core   0: 0 0x00000000800000ce (0x0505) x10 0x000000000000075e
core   0: 0x00000000800000d0 (0x0000bffd) c.j     pc - 2
core   0: 0 0x00000000800000d0 (0xbffd)
core   0: 0x00000000800000ce (0x00000505) c.addi  a0, 1
core   0: 0 0x00000000800000ce (0x0505) x10 0x000000000000075f
core   0: 0x00000000800000d0 (0x0000bffd) c.j     pc - 2
core   0: 0 0x00000000800000d0 (0xbffd)
core   0: 0x00000000800000ce (0x00000505) c.addi  a0, 1
core   0: 0 0x00000000800000ce (0x0505) x10 0x0000000000000760
core   0: 0x00000000800000d0 (0x0000bffd) c.j     pc - 2
core   0: 0 0x00000000800000d0 (0xbffd)
core   0: 0x00000000800000ce (0x00000505) c.addi  a0, 1
core   0: 0 0x00000000800000ce (0x0505) x10 0x0000000000000761
core   0: 0x00000000800000d0 (0x0000bffd) c.j     pc - 2
core   0: 0 0x00000000800000d0 (0xbffd)
core   0: 0x00000000800000ce (0x00000505) c.addi  a0, 1
core   0: 0 0x00000000800000ce (0x0505) x10 0x0000000000000762
core   0: 0x00000000800000d0 (0x0000bffd) c.j     pc - 2
core   0: 0 0x00000000800000d0 (0xbffd)
core   0: 0x00000000800000ce (0x00000505) c.addi  a0, 1
core   0: 0 0x00000000800000ce (0x0505) x10 0x0000000000000763
core   0: 0x00000000800000d0 (0x0000bffd) c.j     pc - 2
core   0: 0 0x00000000800000d0 (0xbffd)
core   0: 0x00000000800000ce (0x00000505) c.addi  a0, 1
core   0: 0 0x00000000800000ce (0x0505) x10 0x0000000000000764
core   0: 0x00000000800000d0 (0x0000bffd) c.j     pc - 2
core   0: 0 0x00000000800000d0 (0xbffd)
core   0: 0x00000000800000ce (0x00000505) c.addi  a0, 1
core   0: 0 0x00000000800000ce (0x0505) x10 0x0000000000000765
core   0: 0x00000000800000d0 (0x0000bffd) c.j     pc - 2
core   0: 0 0x00000000800000d0 (0xbffd)
core   0: 0x00000000800000ce (0x00000505) c.addi  a0, 1
core   0: 0 0x00000000800000ce (0x0505) x10 0x0000000000000766
core   0: 0x00000000800000d0 (0x0000bffd) c.j     pc - 2
core   0: 0 0x00000000800000d0 (0xbffd)
core   0: 0x00000000800000ce (0x00000505) c.addi  a0, 1
core   0: 0 0x00000000800000ce (0x0505) x10 0x0000000000000767
core   0: 0x00000000800000d0 (0x0000bffd) c.j     pc - 2
core   0: 0 0x00000000800000d0 (0xbffd)
core   0: 0x00000000800000ce (0x00000505) c.addi  a0, 1
core   0: 0 0x00000000800000ce (0x0505) x10 0x0000000000000768
core   0: 0x00000000800000d0 (0x0000bffd) c.j     pc - 2
core   0: 0 0x00000000800000d0 (0xbffd)
core   0: 0x00000000800000ce (0x00000505) c.addi  a0, 1
core   0: 0 0x00000000800000ce (0x0505) x10 0x0000000000000769
core   0: 0x00000000800000d0 (0x0000bffd) c.j     pc - 2
core   0: 0 0x00000000800000d0 (0xbffd)
core   0: 0x00000000800000ce (0x00000505) c.addi  a0, 1
core   0: 0 0x00000000800000ce (0x0505) x10 0x000000000000076a
core   0: 0x00000000800000d0 (0x0000bffd) c.j     pc - 2
core   0: 0 0x00000000800000d0 (0xbffd)
core   0: 0x00000000800000ce (0x00000505) c.addi  a0, 1
core   0: 0 0x00000000800000ce (0x0505) x10 0x000000000000076b
core   0: 0x00000000800000d0 (0x0000bffd) c.j     pc - 2
core   0: 0 0x00000000800000d0 (0xbffd)
core   0: 0x00000000800000ce (0x00000505) c.addi  a0, 1
core   0: 0 0x00000000800000ce (0x0505) x10 0x000000000000076c
core   0: 0x00000000800000d0 (0x0000bffd) c.j     pc - 2
core   0: 0 0x00000000800000d0 (0xbffd)
core   0: 0x00000000800000ce (0x00000505) c.addi  a0, 1
core   0: 0 0x00000000800000ce (0x0505) x10 0x000000000000076d
core   0: 0x00000000800000d0 (0x0000bffd) c.j     pc - 2
core   0: 0 0x00000000800000d0 (0xbffd)
core   0: 0x00000000800000ce (0x00000505) c.addi  a0, 1
core   0: 0 0x00000000800000ce (0x0505) x10 0x000000000000076e
core   0: 0x00000000800000d0 (0x0000bffd) c.j     pc - 2
core   0: 0 0x00000000800000d0 (0xbffd)
core   0: 0x00000000800000ce (0x00000505) c.addi  a0, 1
core   0: 0 0x00000000800000ce (0x0505) x10 0x000000000000076f
core   0: 0x00000000800000d0 (0x0000bffd) c.j     pc - 2
core   0: 0 0x00000000800000d0 (0xbffd)
core   0: 0x00000000800000ce (0x00000505) c.addi  a0, 1
core   0: 0 0x00000000800000ce (0x0505) x10 0x0000000000000770
core   0: 0x00000000800000d0 (0x0000bffd) c.j     pc - 2
core   0: 0 0x00000000800000d0 (0xbffd)
core   0: 0x00000000800000ce (0x00000505) c.addi  a0, 1
core   0: 0 0x00000000800000ce (0x0505) x10 0x0000000000000771
core   0: 0x00000000800000d0 (0x0000bffd) c.j     pc - 2
core   0: 0 0x00000000800000d0 (0xbffd)
core   0: 0x00000000800000ce (0x00000505) c.addi  a0, 1
core   0: 0 0x00000000800000ce (0x0505) x10 0x0000000000000772
core   0: 0x00000000800000d0 (0x0000bffd) c.j     pc - 2
core   0: 0 0x00000000800000d0 (0xbffd)
core   0: 0x00000000800000ce (0x00000505) c.addi  a0, 1
core   0: 0 0x00000000800000ce (0x0505) x10 0x0000000000000773
core   0: 0x00000000800000d0 (0x0000bffd) c.j     pc - 2
core   0: 0 0x00000000800000d0 (0xbffd)
core   0: 0x00000000800000ce (0x00000505) c.addi  a0, 1
core   0: 0 0x00000000800000ce (0x0505) x10 0x0000000000000774
core   0: 0x00000000800000d0 (0x0000bffd) c.j     pc - 2
core   0: 0 0x00000000800000d0 (0xbffd)
core   0: 0x00000000800000ce (0x00000505) c.addi  a0, 1
core   0: 0 0x00000000800000ce (0x0505) x10 0x0000000000000775
core   0: 0x00000000800000d0 (0x0000bffd) c.j     pc - 2
core   0: 0 0x00000000800000d0 (0xbffd)
core   0: 0x00000000800000ce (0x00000505) c.addi  a0, 1
core   0: 0 0x00000000800000ce (0x0505) x10 0x0000000000000776
core   0: 0x00000000800000d0 (0x0000bffd) c.j     pc - 2
core   0: 0 0x00000000800000d0 (0xbffd)
core   0: 0x00000000800000ce (0x00000505) c.addi  a0, 1
core   0: 0 0x00000000800000ce (0x0505) x10 0x0000000000000777
core   0: 0x00000000800000d0 (0x0000bffd) c.j     pc - 2
core   0: 0 0x00000000800000d0 (0xbffd)
core   0: 0x00000000800000ce (0x00000505) c.addi  a0, 1
core   0: 0 0x00000000800000ce (0x0505) x10 0x0000000000000778
core   0: 0x00000000800000d0 (0x0000bffd) c.j     pc - 2
core   0: 0 0x00000000800000d0 (0xbffd)
core   0: 0x00000000800000ce (0x00000505) c.addi  a0, 1
core   0: 0 0x00000000800000ce (0x0505) x10 0x0000000000000779
core   0: 0x00000000800000d0 (0x0000bffd) c.j     pc - 2
core   0: 0 0x00000000800000d0 (0xbffd)
core   0: 0x00000000800000ce (0x00000505) c.addi  a0, 1
core   0: 0 0x00000000800000ce (0x0505) x10 0x000000000000077a
core   0: 0x00000000800000d0 (0x0000bffd) c.j     pc - 2
core   0: 0 0x00000000800000d0 (0xbffd)
core   0: 0x00000000800000ce (0x00000505) c.addi  a0, 1
core   0: 0 0x00000000800000ce (0x0505) x10 0x000000000000077b
core   0: 0x00000000800000d0 (0x0000bffd) c.j     pc - 2
core   0: 0 0x00000000800000d0 (0xbffd)
core   0: 0x00000000800000ce (0x00000505) c.addi  a0, 1
core   0: 0 0x00000000800000ce (0x0505) x10 0x000000000000077c
core   0: 0x00000000800000d0 (0x0000bffd) c.j     pc - 2
core   0: 0 0x00000000800000d0 (0xbffd)
core   0: 0x00000000800000ce (0x00000505) c.addi  a0, 1
core   0: 0 0x00000000800000ce (0x0505) x10 0x000000000000077d
core   0: 0x00000000800000d0 (0x0000bffd) c.j     pc - 2
core   0: 0 0x00000000800000d0 (0xbffd)
core   0: 0x00000000800000ce (0x00000505) c.addi  a0, 1
core   0: 0 0x00000000800000ce (0x0505) x10 0x000000000000077e
core   0: 0x00000000800000d0 (0x0000bffd) c.j     pc - 2
core   0: 0 0x00000000800000d0 (0xbffd)
core   0: 0x00000000800000ce (0x00000505) c.addi  a0, 1
core   0: 0 0x00000000800000ce (0x0505) x10 0x000000000000077f
core   0: 0x00000000800000d0 (0x0000bffd) c.j     pc - 2
core   0: 0 0x00000000800000d0 (0xbffd)
core   0: 0x00000000800000ce (0x00000505) c.addi  a0, 1
core   0: 0 0x00000000800000ce (0x0505) x10 0x0000000000000780
core   0: 0x00000000800000d0 (0x0000bffd) c.j     pc - 2
core   0: 0 0x00000000800000d0 (0xbffd)
core   0: 0x00000000800000ce (0x00000505) c.addi  a0, 1
core   0: 0 0x00000000800000ce (0x0505) x10 0x0000000000000781
core   0: 0x00000000800000d0 (0x0000bffd) c.j     pc - 2
core   0: 0 0x00000000800000d0 (0xbffd)
core   0: 0x00000000800000ce (0x00000505) c.addi  a0, 1
core   0: 0 0x00000000800000ce (0x0505) x10 0x0000000000000782
core   0: 0x00000000800000d0 (0x0000bffd) c.j     pc - 2
core   0: 0 0x00000000800000d0 (0xbffd)
core   0: 0x00000000800000ce (0x00000505) c.addi  a0, 1
core   0: 0 0x00000000800000ce (0x0505) x10 0x0000000000000783
core   0: 0x00000000800000d0 (0x0000bffd) c.j     pc - 2
core   0: 0 0x00000000800000d0 (0xbffd)
core   0: 0x00000000800000ce (0x00000505) c.addi  a0, 1
core   0: 0 0x00000000800000ce (0x0505) x10 0x0000000000000784
core   0: 0x00000000800000d0 (0x0000bffd) c.j     pc - 2
core   0: 0 0x00000000800000d0 (0xbffd)
core   0: 0x00000000800000ce (0x00000505) c.addi  a0, 1
core   0: 0 0x00000000800000ce (0x0505) x10 0x0000000000000785
core   0: 0x00000000800000d0 (0x0000bffd) c.j     pc - 2
core   0: 0 0x00000000800000d0 (0xbffd)
core   0: 0x00000000800000ce (0x00000505) c.addi  a0, 1
core   0: 0 0x00000000800000ce (0x0505) x10 0x0000000000000786
core   0: 0x00000000800000d0 (0x0000bffd) c.j     pc - 2
core   0: 0 0x00000000800000d0 (0xbffd)
core   0: 0x00000000800000ce (0x00000505) c.addi  a0, 1
core   0: 0 0x00000000800000ce (0x0505) x10 0x0000000000000787
core   0: 0x00000000800000d0 (0x0000bffd) c.j     pc - 2
core   0: 0 0x00000000800000d0 (0xbffd)
core   0: 0x00000000800000ce (0x00000505) c.addi  a0, 1
core   0: 0 0x00000000800000ce (0x0505) x10 0x0000000000000788
core   0: 0x00000000800000d0 (0x0000bffd) c.j     pc - 2
core   0: 0 0x00000000800000d0 (0xbffd)
core   0: 0x00000000800000ce (0x00000505) c.addi  a0, 1
core   0: 0 0x00000000800000ce (0x0505) x10 0x0000000000000789
core   0: 0x00000000800000d0 (0x0000bffd) c.j     pc - 2
core   0: 0 0x00000000800000d0 (0xbffd)
core   0: 0x00000000800000ce (0x00000505) c.addi  a0, 1
core   0: 0 0x00000000800000ce (0x0505) x10 0x000000000000078a
core   0: 0x00000000800000d0 (0x0000bffd) c.j     pc - 2
core   0: 0 0x00000000800000d0 (0xbffd)
core   0: 0x00000000800000ce (0x00000505) c.addi  a0, 1
core   0: 0 0x00000000800000ce (0x0505) x10 0x000000000000078b
core   0: 0x00000000800000d0 (0x0000bffd) c.j     pc - 2
core   0: 0 0x00000000800000d0 (0xbffd)
core   0: 0x00000000800000ce (0x00000505) c.addi  a0, 1
core   0: 0 0x00000000800000ce (0x0505) x10 0x000000000000078c
core   0: 0x00000000800000d0 (0x0000bffd) c.j     pc - 2
core   0: 0 0x00000000800000d0 (0xbffd)
core   0: 0x00000000800000ce (0x00000505) c.addi  a0, 1
core   0: 0 0x00000000800000ce (0x0505) x10 0x000000000000078d
core   0: 0x00000000800000d0 (0x0000bffd) c.j     pc - 2
core   0: 0 0x00000000800000d0 (0xbffd)
core   0: 0x00000000800000ce (0x00000505) c.addi  a0, 1
core   0: 0 0x00000000800000ce (0x0505) x10 0x000000000000078e
core   0: 0x00000000800000d0 (0x0000bffd) c.j     pc - 2
core   0: 0 0x00000000800000d0 (0xbffd)
core   0: 0x00000000800000ce (0x00000505) c.addi  a0, 1
core   0: 0 0x00000000800000ce (0x0505) x10 0x000000000000078f
core   0: 0x00000000800000d0 (0x0000bffd) c.j     pc - 2
core   0: 0 0x00000000800000d0 (0xbffd)
core   0: 0x00000000800000ce (0x00000505) c.addi  a0, 1
core   0: 0 0x00000000800000ce (0x0505) x10 0x0000000000000790
core   0: 0x00000000800000d0 (0x0000bffd) c.j     pc - 2
core   0: 0 0x00000000800000d0 (0xbffd)
core   0: 0x00000000800000ce (0x00000505) c.addi  a0, 1
core   0: 0 0x00000000800000ce (0x0505) x10 0x0000000000000791
core   0: 0x00000000800000d0 (0x0000bffd) c.j     pc - 2
core   0: 0 0x00000000800000d0 (0xbffd)
core   0: 0x00000000800000ce (0x00000505) c.addi  a0, 1
core   0: 0 0x00000000800000ce (0x0505) x10 0x0000000000000792
core   0: 0x00000000800000d0 (0x0000bffd) c.j     pc - 2
core   0: 0 0x00000000800000d0 (0xbffd)
core   0: 0x00000000800000ce (0x00000505) c.addi  a0, 1
core   0: 0 0x00000000800000ce (0x0505) x10 0x0000000000000793
core   0: 0x00000000800000d0 (0x0000bffd) c.j     pc - 2
core   0: 0 0x00000000800000d0 (0xbffd)
core   0: 0x00000000800000ce (0x00000505) c.addi  a0, 1
core   0: 0 0x00000000800000ce (0x0505) x10 0x0000000000000794
core   0: 0x00000000800000d0 (0x0000bffd) c.j     pc - 2
core   0: 0 0x00000000800000d0 (0xbffd)
core   0: 0x00000000800000ce (0x00000505) c.addi  a0, 1
core   0: 0 0x00000000800000ce (0x0505) x10 0x0000000000000795
core   0: 0x00000000800000d0 (0x0000bffd) c.j     pc - 2
core   0: 0 0x00000000800000d0 (0xbffd)
core   0: 0x00000000800000ce (0x00000505) c.addi  a0, 1
core   0: 0 0x00000000800000ce (0x0505) x10 0x0000000000000796
core   0: 0x00000000800000d0 (0x0000bffd) c.j     pc - 2
core   0: 0 0x00000000800000d0 (0xbffd)
core   0: 0x00000000800000ce (0x00000505) c.addi  a0, 1
core   0: 0 0x00000000800000ce (0x0505) x10 0x0000000000000797
core   0: 0x00000000800000d0 (0x0000bffd) c.j     pc - 2
core   0: 0 0x00000000800000d0 (0xbffd)
core   0: 0x00000000800000ce (0x00000505) c.addi  a0, 1
core   0: 0 0x00000000800000ce (0x0505) x10 0x0000000000000798
core   0: 0x00000000800000d0 (0x0000bffd) c.j     pc - 2
core   0: 0 0x00000000800000d0 (0xbffd)
core   0: 0x00000000800000ce (0x00000505) c.addi  a0, 1
core   0: 0 0x00000000800000ce (0x0505) x10 0x0000000000000799
core   0: 0x00000000800000d0 (0x0000bffd) c.j     pc - 2
core   0: 0 0x00000000800000d0 (0xbffd)
core   0: 0x00000000800000ce (0x00000505) c.addi  a0, 1
core   0: 0 0x00000000800000ce (0x0505) x10 0x000000000000079a
core   0: 0x00000000800000d0 (0x0000bffd) c.j     pc - 2
core   0: 0 0x00000000800000d0 (0xbffd)
core   0: 0x00000000800000ce (0x00000505) c.addi  a0, 1
core   0: 0 0x00000000800000ce (0x0505) x10 0x000000000000079b
core   0: 0x00000000800000d0 (0x0000bffd) c.j     pc - 2
core   0: 0 0x00000000800000d0 (0xbffd)
core   0: 0x00000000800000ce (0x00000505) c.addi  a0, 1
core   0: 0 0x00000000800000ce (0x0505) x10 0x000000000000079c
core   0: 0x00000000800000d0 (0x0000bffd) c.j     pc - 2
core   0: 0 0x00000000800000d0 (0xbffd)
core   0: 0x00000000800000ce (0x00000505) c.addi  a0, 1
core   0: 0 0x00000000800000ce (0x0505) x10 0x000000000000079d
core   0: 0x00000000800000d0 (0x0000bffd) c.j     pc - 2
core   0: 0 0x00000000800000d0 (0xbffd)
core   0: 0x00000000800000ce (0x00000505) c.addi  a0, 1
core   0: 0 0x00000000800000ce (0x0505) x10 0x000000000000079e
core   0: 0x00000000800000d0 (0x0000bffd) c.j     pc - 2
core   0: 0 0x00000000800000d0 (0xbffd)
core   0: 0x00000000800000ce (0x00000505) c.addi  a0, 1
core   0: 0 0x00000000800000ce (0x0505) x10 0x000000000000079f
core   0: 0x00000000800000d0 (0x0000bffd) c.j     pc - 2
core   0: 0 0x00000000800000d0 (0xbffd)
core   0: 0x00000000800000ce (0x00000505) c.addi  a0, 1
core   0: 0 0x00000000800000ce (0x0505) x10 0x00000000000007a0
core   0: 0x00000000800000d0 (0x0000bffd) c.j     pc - 2
core   0: 0 0x00000000800000d0 (0xbffd)
core   0: 0x00000000800000ce (0x00000505) c.addi  a0, 1
core   0: 0 0x00000000800000ce (0x0505) x10 0x00000000000007a1
core   0: 0x00000000800000d0 (0x0000bffd) c.j     pc - 2
core   0: 0 0x00000000800000d0 (0xbffd)
core   0: 0x00000000800000ce (0x00000505) c.addi  a0, 1
core   0: 0 0x00000000800000ce (0x0505) x10 0x00000000000007a2
core   0: 0x00000000800000d0 (0x0000bffd) c.j     pc - 2
core   0: 0 0x00000000800000d0 (0xbffd)
core   0: 0x00000000800000ce (0x00000505) c.addi  a0, 1
core   0: 0 0x00000000800000ce (0x0505) x10 0x00000000000007a3
core   0: 0x00000000800000d0 (0x0000bffd) c.j     pc - 2
core   0: 0 0x00000000800000d0 (0xbffd)
core   0: 0x00000000800000ce (0x00000505) c.addi  a0, 1
core   0: 0 0x00000000800000ce (0x0505) x10 0x00000000000007a4
core   0: 0x00000000800000d0 (0x0000bffd) c.j     pc - 2
core   0: 0 0x00000000800000d0 (0xbffd)
core   0: 0x00000000800000ce (0x00000505) c.addi  a0, 1
core   0: 0 0x00000000800000ce (0x0505) x10 0x00000000000007a5
core   0: 0x00000000800000d0 (0x0000bffd) c.j     pc - 2
core   0: 0 0x00000000800000d0 (0xbffd)
core   0: 0x00000000800000ce (0x00000505) c.addi  a0, 1
core   0: 0 0x00000000800000ce (0x0505) x10 0x00000000000007a6
core   0: 0x00000000800000d0 (0x0000bffd) c.j     pc - 2
core   0: 0 0x00000000800000d0 (0xbffd)
core   0: 0x00000000800000ce (0x00000505) c.addi  a0, 1
core   0: 0 0x00000000800000ce (0x0505) x10 0x00000000000007a7
core   0: 0x00000000800000d0 (0x0000bffd) c.j     pc - 2
core   0: 0 0x00000000800000d0 (0xbffd)
core   0: 0x00000000800000ce (0x00000505) c.addi  a0, 1
core   0: 0 0x00000000800000ce (0x0505) x10 0x00000000000007a8
core   0: 0x00000000800000d0 (0x0000bffd) c.j     pc - 2
core   0: 0 0x00000000800000d0 (0xbffd)
core   0: 0x00000000800000ce (0x00000505) c.addi  a0, 1
core   0: 0 0x00000000800000ce (0x0505) x10 0x00000000000007a9
core   0: 0x00000000800000d0 (0x0000bffd) c.j     pc - 2
core   0: 0 0x00000000800000d0 (0xbffd)
core   0: 0x00000000800000ce (0x00000505) c.addi  a0, 1
core   0: 0 0x00000000800000ce (0x0505) x10 0x00000000000007aa
core   0: 0x00000000800000d0 (0x0000bffd) c.j     pc - 2
core   0: 0 0x00000000800000d0 (0xbffd)
core   0: 0x00000000800000ce (0x00000505) c.addi  a0, 1
core   0: 0 0x00000000800000ce (0x0505) x10 0x00000000000007ab
core   0: 0x00000000800000d0 (0x0000bffd) c.j     pc - 2
core   0: 0 0x00000000800000d0 (0xbffd)
core   0: 0x00000000800000ce (0x00000505) c.addi  a0, 1
core   0: 0 0x00000000800000ce (0x0505) x10 0x00000000000007ac
core   0: 0x00000000800000d0 (0x0000bffd) c.j     pc - 2
core   0: 0 0x00000000800000d0 (0xbffd)
core   0: 0x00000000800000ce (0x00000505) c.addi  a0, 1
core   0: 0 0x00000000800000ce (0x0505) x10 0x00000000000007ad
core   0: 0x00000000800000d0 (0x0000bffd) c.j     pc - 2
core   0: 0 0x00000000800000d0 (0xbffd)
core   0: 0x00000000800000ce (0x00000505) c.addi  a0, 1
core   0: 0 0x00000000800000ce (0x0505) x10 0x00000000000007ae
core   0: 0x00000000800000d0 (0x0000bffd) c.j     pc - 2
core   0: 0 0x00000000800000d0 (0xbffd)
core   0: 0x00000000800000ce (0x00000505) c.addi  a0, 1
core   0: 0 0x00000000800000ce (0x0505) x10 0x00000000000007af
core   0: 0x00000000800000d0 (0x0000bffd) c.j     pc - 2
core   0: 0 0x00000000800000d0 (0xbffd)
core   0: 0x00000000800000ce (0x00000505) c.addi  a0, 1
core   0: 0 0x00000000800000ce (0x0505) x10 0x00000000000007b0
core   0: 0x00000000800000d0 (0x0000bffd) c.j     pc - 2
core   0: 0 0x00000000800000d0 (0xbffd)
core   0: 0x00000000800000ce (0x00000505) c.addi  a0, 1
core   0: 0 0x00000000800000ce (0x0505) x10 0x00000000000007b1
core   0: 0x00000000800000d0 (0x0000bffd) c.j     pc - 2
core   0: 0 0x00000000800000d0 (0xbffd)
core   0: 0x00000000800000ce (0x00000505) c.addi  a0, 1
core   0: 0 0x00000000800000ce (0x0505) x10 0x00000000000007b2
core   0: 0x00000000800000d0 (0x0000bffd) c.j     pc - 2
core   0: 0 0x00000000800000d0 (0xbffd)
core   0: 0x00000000800000ce (0x00000505) c.addi  a0, 1
core   0: 0 0x00000000800000ce (0x0505) x10 0x00000000000007b3
core   0: 0x00000000800000d0 (0x0000bffd) c.j     pc - 2
core   0: 0 0x00000000800000d0 (0xbffd)
core   0: 0x00000000800000ce (0x00000505) c.addi  a0, 1
core   0: 0 0x00000000800000ce (0x0505) x10 0x00000000000007b4
core   0: 0x00000000800000d0 (0x0000bffd) c.j     pc - 2
core   0: 0 0x00000000800000d0 (0xbffd)
core   0: 0x00000000800000ce (0x00000505) c.addi  a0, 1
core   0: 0 0x00000000800000ce (0x0505) x10 0x00000000000007b5
core   0: 0x00000000800000d0 (0x0000bffd) c.j     pc - 2
core   0: 0 0x00000000800000d0 (0xbffd)
core   0: 0x00000000800000ce (0x00000505) c.addi  a0, 1
core   0: 0 0x00000000800000ce (0x0505) x10 0x00000000000007b6
core   0: 0x00000000800000d0 (0x0000bffd) c.j     pc - 2
core   0: 0 0x00000000800000d0 (0xbffd)
core   0: 0x00000000800000ce (0x00000505) c.addi  a0, 1
core   0: 0 0x00000000800000ce (0x0505) x10 0x00000000000007b7
core   0: 0x00000000800000d0 (0x0000bffd) c.j     pc - 2
core   0: 0 0x00000000800000d0 (0xbffd)
core   0: 0x00000000800000ce (0x00000505) c.addi  a0, 1
core   0: 0 0x00000000800000ce (0x0505) x10 0x00000000000007b8
core   0: 0x00000000800000d0 (0x0000bffd) c.j     pc - 2
core   0: 0 0x00000000800000d0 (0xbffd)
core   0: 0x00000000800000ce (0x00000505) c.addi  a0, 1
core   0: 0 0x00000000800000ce (0x0505) x10 0x00000000000007b9
core   0: 0x00000000800000d0 (0x0000bffd) c.j     pc - 2
core   0: 0 0x00000000800000d0 (0xbffd)
core   0: 0x00000000800000ce (0x00000505) c.addi  a0, 1
core   0: 0 0x00000000800000ce (0x0505) x10 0x00000000000007ba
core   0: 0x00000000800000d0 (0x0000bffd) c.j     pc - 2
core   0: 0 0x00000000800000d0 (0xbffd)
core   0: 0x00000000800000ce (0x00000505) c.addi  a0, 1
core   0: 0 0x00000000800000ce (0x0505) x10 0x00000000000007bb
core   0: 0x00000000800000d0 (0x0000bffd) c.j     pc - 2
core   0: 0 0x00000000800000d0 (0xbffd)
core   0: 0x00000000800000ce (0x00000505) c.addi  a0, 1
core   0: 0 0x00000000800000ce (0x0505) x10 0x00000000000007bc
core   0: 0x00000000800000d0 (0x0000bffd) c.j     pc - 2
core   0: 0 0x00000000800000d0 (0xbffd)
core   0: 0x00000000800000ce (0x00000505) c.addi  a0, 1
core   0: 0 0x00000000800000ce (0x0505) x10 0x00000000000007bd
core   0: 0x00000000800000d0 (0x0000bffd) c.j     pc - 2
core   0: 0 0x00000000800000d0 (0xbffd)
core   0: 0x00000000800000ce (0x00000505) c.addi  a0, 1
core   0: 0 0x00000000800000ce (0x0505) x10 0x00000000000007be
core   0: 0x00000000800000d0 (0x0000bffd) c.j     pc - 2
core   0: 0 0x00000000800000d0 (0xbffd)
core   0: 0x00000000800000ce (0x00000505) c.addi  a0, 1
core   0: 0 0x00000000800000ce (0x0505) x10 0x00000000000007bf
core   0: 0x00000000800000d0 (0x0000bffd) c.j     pc - 2
core   0: 0 0x00000000800000d0 (0xbffd)
core   0: 0x00000000800000ce (0x00000505) c.addi  a0, 1
core   0: 0 0x00000000800000ce (0x0505) x10 0x00000000000007c0
core   0: 0x00000000800000d0 (0x0000bffd) c.j     pc - 2
core   0: 0 0x00000000800000d0 (0xbffd)
core   0: 0x00000000800000ce (0x00000505) c.addi  a0, 1
core   0: 0 0x00000000800000ce (0x0505) x10 0x00000000000007c1
core   0: 0x00000000800000d0 (0x0000bffd) c.j     pc - 2
core   0: 0 0x00000000800000d0 (0xbffd)
core   0: 0x00000000800000ce (0x00000505) c.addi  a0, 1
core   0: 0 0x00000000800000ce (0x0505) x10 0x00000000000007c2
core   0: 0x00000000800000d0 (0x0000bffd) c.j     pc - 2
core   0: 0 0x00000000800000d0 (0xbffd)
core   0: 0x00000000800000ce (0x00000505) c.addi  a0, 1
core   0: 0 0x00000000800000ce (0x0505) x10 0x00000000000007c3
core   0: 0x00000000800000d0 (0x0000bffd) c.j     pc - 2
core   0: 0 0x00000000800000d0 (0xbffd)
core   0: 0x00000000800000ce (0x00000505) c.addi  a0, 1
core   0: 0 0x00000000800000ce (0x0505) x10 0x00000000000007c4
core   0: 0x00000000800000d0 (0x0000bffd) c.j     pc - 2
core   0: 0 0x00000000800000d0 (0xbffd)
core   0: 0x00000000800000ce (0x00000505) c.addi  a0, 1
core   0: 0 0x00000000800000ce (0x0505) x10 0x00000000000007c5
core   0: 0x00000000800000d0 (0x0000bffd) c.j     pc - 2
core   0: 0 0x00000000800000d0 (0xbffd)
core   0: 0x00000000800000ce (0x00000505) c.addi  a0, 1
core   0: 0 0x00000000800000ce (0x0505) x10 0x00000000000007c6
core   0: 0x00000000800000d0 (0x0000bffd) c.j     pc - 2
core   0: 0 0x00000000800000d0 (0xbffd)
core   0: 0x00000000800000ce (0x00000505) c.addi  a0, 1
core   0: 0 0x00000000800000ce (0x0505) x10 0x00000000000007c7
core   0: 0x00000000800000d0 (0x0000bffd) c.j     pc - 2
core   0: 0 0x00000000800000d0 (0xbffd)
core   0: 0x00000000800000ce (0x00000505) c.addi  a0, 1
core   0: 0 0x00000000800000ce (0x0505) x10 0x00000000000007c8
core   0: 0x00000000800000d0 (0x0000bffd) c.j     pc - 2
core   0: 0 0x00000000800000d0 (0xbffd)
core   0: 0x00000000800000ce (0x00000505) c.addi  a0, 1
core   0: 0 0x00000000800000ce (0x0505) x10 0x00000000000007c9
core   0: 0x00000000800000d0 (0x0000bffd) c.j     pc - 2
core   0: 0 0x00000000800000d0 (0xbffd)
core   0: 0x00000000800000ce (0x00000505) c.addi  a0, 1
core   0: 0 0x00000000800000ce (0x0505) x10 0x00000000000007ca
core   0: 0x00000000800000d0 (0x0000bffd) c.j     pc - 2
core   0: 0 0x00000000800000d0 (0xbffd)
core   0: 0x00000000800000ce (0x00000505) c.addi  a0, 1
core   0: 0 0x00000000800000ce (0x0505) x10 0x00000000000007cb
core   0: 0x00000000800000d0 (0x0000bffd) c.j     pc - 2
core   0: 0 0x00000000800000d0 (0xbffd)
core   0: 0x00000000800000ce (0x00000505) c.addi  a0, 1
core   0: 0 0x00000000800000ce (0x0505) x10 0x00000000000007cc
core   0: 0x00000000800000d0 (0x0000bffd) c.j     pc - 2
core   0: 0 0x00000000800000d0 (0xbffd)
core   0: 0x00000000800000ce (0x00000505) c.addi  a0, 1
core   0: 0 0x00000000800000ce (0x0505) x10 0x00000000000007cd
core   0: 0x00000000800000d0 (0x0000bffd) c.j     pc - 2
core   0: 0 0x00000000800000d0 (0xbffd)
core   0: 0x00000000800000ce (0x00000505) c.addi  a0, 1
core   0: 0 0x00000000800000ce (0x0505) x10 0x00000000000007ce
core   0: 0x00000000800000d0 (0x0000bffd) c.j     pc - 2
core   0: 0 0x00000000800000d0 (0xbffd)
core   0: 0x00000000800000ce (0x00000505) c.addi  a0, 1
core   0: 0 0x00000000800000ce (0x0505) x10 0x00000000000007cf
core   0: 0x00000000800000d0 (0x0000bffd) c.j     pc - 2
core   0: 0 0x00000000800000d0 (0xbffd)
core   0: 0x00000000800000ce (0x00000505) c.addi  a0, 1
core   0: 0 0x00000000800000ce (0x0505) x10 0x00000000000007d0
core   0: 0x00000000800000d0 (0x0000bffd) c.j     pc - 2
core   0: 0 0x00000000800000d0 (0xbffd)
core   0: 0x00000000800000ce (0x00000505) c.addi  a0, 1
core   0: 0 0x00000000800000ce (0x0505) x10 0x00000000000007d1
core   0: 0x00000000800000d0 (0x0000bffd) c.j     pc - 2
core   0: 0 0x00000000800000d0 (0xbffd)
core   0: 0x00000000800000ce (0x00000505) c.addi  a0, 1
core   0: 0 0x00000000800000ce (0x0505) x10 0x00000000000007d2
core   0: 0x00000000800000d0 (0x0000bffd) c.j     pc - 2
core   0: 0 0x00000000800000d0 (0xbffd)
core   0: 0x00000000800000ce (0x00000505) c.addi  a0, 1
core   0: 0 0x00000000800000ce (0x0505) x10 0x00000000000007d3
core   0: 0x00000000800000d0 (0x0000bffd) c.j     pc - 2
core   0: 0 0x00000000800000d0 (0xbffd)
core   0: 0x00000000800000ce (0x00000505) c.addi  a0, 1
core   0: 0 0x00000000800000ce (0x0505) x10 0x00000000000007d4
core   0: 0x00000000800000d0 (0x0000bffd) c.j     pc - 2
core   0: 0 0x00000000800000d0 (0xbffd)
core   0: 0x00000000800000ce (0x00000505) c.addi  a0, 1
core   0: 0 0x00000000800000ce (0x0505) x10 0x00000000000007d5
core   0: 0x00000000800000d0 (0x0000bffd) c.j     pc - 2
core   0: 0 0x00000000800000d0 (0xbffd)
core   0: 0x00000000800000ce (0x00000505) c.addi  a0, 1
core   0: 0 0x00000000800000ce (0x0505) x10 0x00000000000007d6
core   0: 0x00000000800000d0 (0x0000bffd) c.j     pc - 2
core   0: 0 0x00000000800000d0 (0xbffd)
core   0: 0x00000000800000ce (0x00000505) c.addi  a0, 1
core   0: 0 0x00000000800000ce (0x0505) x10 0x00000000000007d7
core   0: 0x00000000800000d0 (0x0000bffd) c.j     pc - 2
core   0: 0 0x00000000800000d0 (0xbffd)
core   0: 0x00000000800000ce (0x00000505) c.addi  a0, 1
core   0: 0 0x00000000800000ce (0x0505) x10 0x00000000000007d8
core   0: 0x00000000800000d0 (0x0000bffd) c.j     pc - 2
core   0: 0 0x00000000800000d0 (0xbffd)
core   0: 0x00000000800000ce (0x00000505) c.addi  a0, 1
core   0: 0 0x00000000800000ce (0x0505) x10 0x00000000000007d9
core   0: 0x00000000800000d0 (0x0000bffd) c.j     pc - 2
core   0: 0 0x00000000800000d0 (0xbffd)
core   0: 0x00000000800000ce (0x00000505) c.addi  a0, 1
core   0: 0 0x00000000800000ce (0x0505) x10 0x00000000000007da
core   0: 0x00000000800000d0 (0x0000bffd) c.j     pc - 2
core   0: 0 0x00000000800000d0 (0xbffd)
core   0: 0x00000000800000ce (0x00000505) c.addi  a0, 1
core   0: 0 0x00000000800000ce (0x0505) x10 0x00000000000007db
core   0: 0x00000000800000d0 (0x0000bffd) c.j     pc - 2
core   0: 0 0x00000000800000d0 (0xbffd)
core   0: 0x00000000800000ce (0x00000505) c.addi  a0, 1
core   0: 0 0x00000000800000ce (0x0505) x10 0x00000000000007dc
core   0: 0x00000000800000d0 (0x0000bffd) c.j     pc - 2
core   0: 0 0x00000000800000d0 (0xbffd)
core   0: 0x00000000800000ce (0x00000505) c.addi  a0, 1
core   0: 0 0x00000000800000ce (0x0505) x10 0x00000000000007dd
core   0: 0x00000000800000d0 (0x0000bffd) c.j     pc - 2
core   0: 0 0x00000000800000d0 (0xbffd)
core   0: 0x00000000800000ce (0x00000505) c.addi  a0, 1
core   0: 0 0x00000000800000ce (0x0505) x10 0x00000000000007de
core   0: 0x00000000800000d0 (0x0000bffd) c.j     pc - 2
core   0: 0 0x00000000800000d0 (0xbffd)
core   0: 0x00000000800000ce (0x00000505) c.addi  a0, 1
core   0: 0 0x00000000800000ce (0x0505) x10 0x00000000000007df
core   0: 0x00000000800000d0 (0x0000bffd) c.j     pc - 2
core   0: 0 0x00000000800000d0 (0xbffd)
core   0: 0x00000000800000ce (0x00000505) c.addi  a0, 1
core   0: 0 0x00000000800000ce (0x0505) x10 0x00000000000007e0
core   0: 0x00000000800000d0 (0x0000bffd) c.j     pc - 2
core   0: 0 0x00000000800000d0 (0xbffd)
core   0: 0x00000000800000ce (0x00000505) c.addi  a0, 1
core   0: 0 0x00000000800000ce (0x0505) x10 0x00000000000007e1
core   0: 0x00000000800000d0 (0x0000bffd) c.j     pc - 2
core   0: 0 0x00000000800000d0 (0xbffd)
core   0: 0x00000000800000ce (0x00000505) c.addi  a0, 1
core   0: 0 0x00000000800000ce (0x0505) x10 0x00000000000007e2
core   0: 0x00000000800000d0 (0x0000bffd) c.j     pc - 2
core   0: 0 0x00000000800000d0 (0xbffd)
core   0: 0x00000000800000ce (0x00000505) c.addi  a0, 1
core   0: 0 0x00000000800000ce (0x0505) x10 0x00000000000007e3
core   0: 0x00000000800000d0 (0x0000bffd) c.j     pc - 2
core   0: 0 0x00000000800000d0 (0xbffd)
core   0: 0x00000000800000ce (0x00000505) c.addi  a0, 1
core   0: 0 0x00000000800000ce (0x0505) x10 0x00000000000007e4
core   0: 0x00000000800000d0 (0x0000bffd) c.j     pc - 2
core   0: 0 0x00000000800000d0 (0xbffd)
core   0: 0x00000000800000ce (0x00000505) c.addi  a0, 1
core   0: 0 0x00000000800000ce (0x0505) x10 0x00000000000007e5
core   0: 0x00000000800000d0 (0x0000bffd) c.j     pc - 2
core   0: 0 0x00000000800000d0 (0xbffd)
core   0: 0x00000000800000ce (0x00000505) c.addi  a0, 1
core   0: 0 0x00000000800000ce (0x0505) x10 0x00000000000007e6
core   0: 0x00000000800000d0 (0x0000bffd) c.j     pc - 2
core   0: 0 0x00000000800000d0 (0xbffd)
core   0: 0x00000000800000ce (0x00000505) c.addi  a0, 1
core   0: 0 0x00000000800000ce (0x0505) x10 0x00000000000007e7
core   0: 0x00000000800000d0 (0x0000bffd) c.j     pc - 2
core   0: 0 0x00000000800000d0 (0xbffd)
core   0: 0x00000000800000ce (0x00000505) c.addi  a0, 1
core   0: 0 0x00000000800000ce (0x0505) x10 0x00000000000007e8
core   0: 0x00000000800000d0 (0x0000bffd) c.j     pc - 2
core   0: 0 0x00000000800000d0 (0xbffd)
core   0: 0x00000000800000ce (0x00000505) c.addi  a0, 1
core   0: 0 0x00000000800000ce (0x0505) x10 0x00000000000007e9
core   0: 0x00000000800000d0 (0x0000bffd) c.j     pc - 2
core   0: 0 0x00000000800000d0 (0xbffd)
core   0: 0x00000000800000ce (0x00000505) c.addi  a0, 1
core   0: 0 0x00000000800000ce (0x0505) x10 0x00000000000007ea
core   0: 0x00000000800000d0 (0x0000bffd) c.j     pc - 2
core   0: 0 0x00000000800000d0 (0xbffd)
core   0: 0x00000000800000ce (0x00000505) c.addi  a0, 1
core   0: 0 0x00000000800000ce (0x0505) x10 0x00000000000007eb
core   0: 0x00000000800000d0 (0x0000bffd) c.j     pc - 2
core   0: 0 0x00000000800000d0 (0xbffd)
core   0: 0x00000000800000ce (0x00000505) c.addi  a0, 1
core   0: 0 0x00000000800000ce (0x0505) x10 0x00000000000007ec
core   0: 0x00000000800000d0 (0x0000bffd) c.j     pc - 2
core   0: 0 0x00000000800000d0 (0xbffd)
core   0: 0x00000000800000ce (0x00000505) c.addi  a0, 1
core   0: 0 0x00000000800000ce (0x0505) x10 0x00000000000007ed
core   0: 0x00000000800000d0 (0x0000bffd) c.j     pc - 2
core   0: 0 0x00000000800000d0 (0xbffd)
core   0: 0x00000000800000ce (0x00000505) c.addi  a0, 1
core   0: 0 0x00000000800000ce (0x0505) x10 0x00000000000007ee
core   0: 0x00000000800000d0 (0x0000bffd) c.j     pc - 2
core   0: 0 0x00000000800000d0 (0xbffd)
core   0: 0x00000000800000ce (0x00000505) c.addi  a0, 1
core   0: 0 0x00000000800000ce (0x0505) x10 0x00000000000007ef
core   0: 0x00000000800000d0 (0x0000bffd) c.j     pc - 2
core   0: 0 0x00000000800000d0 (0xbffd)
core   0: 0x00000000800000ce (0x00000505) c.addi  a0, 1
core   0: 0 0x00000000800000ce (0x0505) x10 0x00000000000007f0
core   0: 0x00000000800000d0 (0x0000bffd) c.j     pc - 2
core   0: 0 0x00000000800000d0 (0xbffd)
core   0: 0x00000000800000ce (0x00000505) c.addi  a0, 1
core   0: 0 0x00000000800000ce (0x0505) x10 0x00000000000007f1
core   0: 0x00000000800000d0 (0x0000bffd) c.j     pc - 2
core   0: 0 0x00000000800000d0 (0xbffd)
core   0: 0x00000000800000ce (0x00000505) c.addi  a0, 1
core   0: 0 0x00000000800000ce (0x0505) x10 0x00000000000007f2
core   0: 0x00000000800000d0 (0x0000bffd) c.j     pc - 2
core   0: 0 0x00000000800000d0 (0xbffd)
core   0: 0x00000000800000ce (0x00000505) c.addi  a0, 1
core   0: 0 0x00000000800000ce (0x0505) x10 0x00000000000007f3
core   0: 0x00000000800000d0 (0x0000bffd) c.j     pc - 2
core   0: 0 0x00000000800000d0 (0xbffd)
core   0: 0x00000000800000ce (0x00000505) c.addi  a0, 1
core   0: 0 0x00000000800000ce (0x0505) x10 0x00000000000007f4
core   0: 0x00000000800000d0 (0x0000bffd) c.j     pc - 2
core   0: 0 0x00000000800000d0 (0xbffd)
core   0: 0x00000000800000ce (0x00000505) c.addi  a0, 1
core   0: 0 0x00000000800000ce (0x0505) x10 0x00000000000007f5
core   0: 0x00000000800000d0 (0x0000bffd) c.j     pc - 2
core   0: 0 0x00000000800000d0 (0xbffd)
core   0: 0x00000000800000ce (0x00000505) c.addi  a0, 1
core   0: 0 0x00000000800000ce (0x0505) x10 0x00000000000007f6
core   0: 0x00000000800000d0 (0x0000bffd) c.j     pc - 2
core   0: 0 0x00000000800000d0 (0xbffd)
core   0: 0x00000000800000ce (0x00000505) c.addi  a0, 1
core   0: 0 0x00000000800000ce (0x0505) x10 0x00000000000007f7
core   0: 0x00000000800000d0 (0x0000bffd) c.j     pc - 2
core   0: 0 0x00000000800000d0 (0xbffd)
core   0: 0x00000000800000ce (0x00000505) c.addi  a0, 1
core   0: 0 0x00000000800000ce (0x0505) x10 0x00000000000007f8
core   0: 0x00000000800000d0 (0x0000bffd) c.j     pc - 2
core   0: 0 0x00000000800000d0 (0xbffd)
core   0: 0x00000000800000ce (0x00000505) c.addi  a0, 1
core   0: 0 0x00000000800000ce (0x0505) x10 0x00000000000007f9
core   0: 0x00000000800000d0 (0x0000bffd) c.j     pc - 2
core   0: 0 0x00000000800000d0 (0xbffd)
core   0: 0x00000000800000ce (0x00000505) c.addi  a0, 1
core   0: 0 0x00000000800000ce (0x0505) x10 0x00000000000007fa
core   0: 0x00000000800000d0 (0x0000bffd) c.j     pc - 2
core   0: 0 0x00000000800000d0 (0xbffd)
core   0: 0x00000000800000ce (0x00000505) c.addi  a0, 1
core   0: 0 0x00000000800000ce (0x0505) x10 0x00000000000007fb
core   0: 0x00000000800000d0 (0x0000bffd) c.j     pc - 2
core   0: 0 0x00000000800000d0 (0xbffd)
core   0: 0x00000000800000ce (0x00000505) c.addi  a0, 1
core   0: 0 0x00000000800000ce (0x0505) x10 0x00000000000007fc
core   0: 0x00000000800000d0 (0x0000bffd) c.j     pc - 2
core   0: 0 0x00000000800000d0 (0xbffd)
core   0: 0x00000000800000ce (0x00000505) c.addi  a0, 1
core   0: 0 0x00000000800000ce (0x0505) x10 0x00000000000007fd
core   0: 0x00000000800000d0 (0x0000bffd) c.j     pc - 2
core   0: 0 0x00000000800000d0 (0xbffd)
core   0: 0x00000000800000ce (0x00000505) c.addi  a0, 1
core   0: 0 0x00000000800000ce (0x0505) x10 0x00000000000007fe
core   0: 0x00000000800000d0 (0x0000bffd) c.j     pc - 2
core   0: 0 0x00000000800000d0 (0xbffd)
core   0: 0x00000000800000ce (0x00000505) c.addi  a0, 1
core   0: 0 0x00000000800000ce (0x0505) x10 0x00000000000007ff
core   0: 0x00000000800000d0 (0x0000bffd) c.j     pc - 2
core   0: 0 0x00000000800000d0 (0xbffd)
core   0: 0x00000000800000ce (0x00000505) c.addi  a0, 1
core   0: 0 0x00000000800000ce (0x0505) x10 0x0000000000000800
core   0: 0x00000000800000d0 (0x0000bffd) c.j     pc - 2
core   0: 0 0x00000000800000d0 (0xbffd)
core   0: 0x00000000800000ce (0x00000505) c.addi  a0, 1
core   0: 0 0x00000000800000ce (0x0505) x10 0x0000000000000801
core   0: 0x00000000800000d0 (0x0000bffd) c.j     pc - 2
core   0: 0 0x00000000800000d0 (0xbffd)
core   0: 0x00000000800000ce (0x00000505) c.addi  a0, 1
core   0: 0 0x00000000800000ce (0x0505) x10 0x0000000000000802
core   0: 0x00000000800000d0 (0x0000bffd) c.j     pc - 2
core   0: 0 0x00000000800000d0 (0xbffd)
core   0: 0x00000000800000ce (0x00000505) c.addi  a0, 1
core   0: 0 0x00000000800000ce (0x0505) x10 0x0000000000000803
core   0: 0x00000000800000d0 (0x0000bffd) c.j     pc - 2
core   0: 0 0x00000000800000d0 (0xbffd)
core   0: 0x00000000800000ce (0x00000505) c.addi  a0, 1
core   0: 0 0x00000000800000ce (0x0505) x10 0x0000000000000804
core   0: 0x00000000800000d0 (0x0000bffd) c.j     pc - 2
core   0: 0 0x00000000800000d0 (0xbffd)
core   0: 0x00000000800000ce (0x00000505) c.addi  a0, 1
core   0: 0 0x00000000800000ce (0x0505) x10 0x0000000000000805
core   0: 0x00000000800000d0 (0x0000bffd) c.j     pc - 2
core   0: 0 0x00000000800000d0 (0xbffd)
core   0: 0x00000000800000ce (0x00000505) c.addi  a0, 1
core   0: 0 0x00000000800000ce (0x0505) x10 0x0000000000000806
core   0: 0x00000000800000d0 (0x0000bffd) c.j     pc - 2
core   0: 0 0x00000000800000d0 (0xbffd)
core   0: 0x00000000800000ce (0x00000505) c.addi  a0, 1
core   0: 0 0x00000000800000ce (0x0505) x10 0x0000000000000807
core   0: 0x00000000800000d0 (0x0000bffd) c.j     pc - 2
core   0: 0 0x00000000800000d0 (0xbffd)
core   0: 0x00000000800000ce (0x00000505) c.addi  a0, 1
core   0: 0 0x00000000800000ce (0x0505) x10 0x0000000000000808
core   0: 0x00000000800000d0 (0x0000bffd) c.j     pc - 2
core   0: 0 0x00000000800000d0 (0xbffd)
core   0: 0x00000000800000ce (0x00000505) c.addi  a0, 1
core   0: 0 0x00000000800000ce (0x0505) x10 0x0000000000000809
core   0: 0x00000000800000d0 (0x0000bffd) c.j     pc - 2
core   0: 0 0x00000000800000d0 (0xbffd)
core   0: 0x00000000800000ce (0x00000505) c.addi  a0, 1
core   0: 0 0x00000000800000ce (0x0505) x10 0x000000000000080a
core   0: 0x00000000800000d0 (0x0000bffd) c.j     pc - 2
core   0: 0 0x00000000800000d0 (0xbffd)
core   0: 0x00000000800000ce (0x00000505) c.addi  a0, 1
core   0: 0 0x00000000800000ce (0x0505) x10 0x000000000000080b
core   0: 0x00000000800000d0 (0x0000bffd) c.j     pc - 2
core   0: 0 0x00000000800000d0 (0xbffd)
core   0: 0x00000000800000ce (0x00000505) c.addi  a0, 1
core   0: 0 0x00000000800000ce (0x0505) x10 0x000000000000080c
core   0: 0x00000000800000d0 (0x0000bffd) c.j     pc - 2
core   0: 0 0x00000000800000d0 (0xbffd)
core   0: 0x00000000800000ce (0x00000505) c.addi  a0, 1
core   0: 0 0x00000000800000ce (0x0505) x10 0x000000000000080d
core   0: 0x00000000800000d0 (0x0000bffd) c.j     pc - 2
core   0: 0 0x00000000800000d0 (0xbffd)
core   0: 0x00000000800000ce (0x00000505) c.addi  a0, 1
core   0: 0 0x00000000800000ce (0x0505) x10 0x000000000000080e
core   0: 0x00000000800000d0 (0x0000bffd) c.j     pc - 2
core   0: 0 0x00000000800000d0 (0xbffd)
core   0: 0x00000000800000ce (0x00000505) c.addi  a0, 1
core   0: 0 0x00000000800000ce (0x0505) x10 0x000000000000080f
core   0: 0x00000000800000d0 (0x0000bffd) c.j     pc - 2
core   0: 0 0x00000000800000d0 (0xbffd)
core   0: 0x00000000800000ce (0x00000505) c.addi  a0, 1
core   0: 0 0x00000000800000ce (0x0505) x10 0x0000000000000810
core   0: 0x00000000800000d0 (0x0000bffd) c.j     pc - 2
core   0: 0 0x00000000800000d0 (0xbffd)
core   0: 0x00000000800000ce (0x00000505) c.addi  a0, 1
core   0: 0 0x00000000800000ce (0x0505) x10 0x0000000000000811
core   0: 0x00000000800000d0 (0x0000bffd) c.j     pc - 2
core   0: 0 0x00000000800000d0 (0xbffd)
core   0: 0x00000000800000ce (0x00000505) c.addi  a0, 1
core   0: 0 0x00000000800000ce (0x0505) x10 0x0000000000000812
core   0: 0x00000000800000d0 (0x0000bffd) c.j     pc - 2
core   0: 0 0x00000000800000d0 (0xbffd)
core   0: 0x00000000800000ce (0x00000505) c.addi  a0, 1
core   0: 0 0x00000000800000ce (0x0505) x10 0x0000000000000813
core   0: 0x00000000800000d0 (0x0000bffd) c.j     pc - 2
core   0: 0 0x00000000800000d0 (0xbffd)
core   0: 0x00000000800000ce (0x00000505) c.addi  a0, 1
core   0: 0 0x00000000800000ce (0x0505) x10 0x0000000000000814
core   0: 0x00000000800000d0 (0x0000bffd) c.j     pc - 2
core   0: 0 0x00000000800000d0 (0xbffd)
core   0: 0x00000000800000ce (0x00000505) c.addi  a0, 1
core   0: 0 0x00000000800000ce (0x0505) x10 0x0000000000000815
core   0: 0x00000000800000d0 (0x0000bffd) c.j     pc - 2
core   0: 0 0x00000000800000d0 (0xbffd)
core   0: 0x00000000800000ce (0x00000505) c.addi  a0, 1
core   0: 0 0x00000000800000ce (0x0505) x10 0x0000000000000816
core   0: 0x00000000800000d0 (0x0000bffd) c.j     pc - 2
core   0: 0 0x00000000800000d0 (0xbffd)
core   0: 0x00000000800000ce (0x00000505) c.addi  a0, 1
core   0: 0 0x00000000800000ce (0x0505) x10 0x0000000000000817
core   0: 0x00000000800000d0 (0x0000bffd) c.j     pc - 2
core   0: 0 0x00000000800000d0 (0xbffd)
core   0: 0x00000000800000ce (0x00000505) c.addi  a0, 1
core   0: 0 0x00000000800000ce (0x0505) x10 0x0000000000000818
core   0: 0x00000000800000d0 (0x0000bffd) c.j     pc - 2
core   0: 0 0x00000000800000d0 (0xbffd)
core   0: 0x00000000800000ce (0x00000505) c.addi  a0, 1
core   0: 0 0x00000000800000ce (0x0505) x10 0x0000000000000819
core   0: 0x00000000800000d0 (0x0000bffd) c.j     pc - 2
core   0: 0 0x00000000800000d0 (0xbffd)
core   0: 0x00000000800000ce (0x00000505) c.addi  a0, 1
core   0: 0 0x00000000800000ce (0x0505) x10 0x000000000000081a
core   0: 0x00000000800000d0 (0x0000bffd) c.j     pc - 2
core   0: 0 0x00000000800000d0 (0xbffd)
core   0: 0x00000000800000ce (0x00000505) c.addi  a0, 1
core   0: 0 0x00000000800000ce (0x0505) x10 0x000000000000081b
core   0: 0x00000000800000d0 (0x0000bffd) c.j     pc - 2
core   0: 0 0x00000000800000d0 (0xbffd)
core   0: 0x00000000800000ce (0x00000505) c.addi  a0, 1
core   0: 0 0x00000000800000ce (0x0505) x10 0x000000000000081c
core   0: 0x00000000800000d0 (0x0000bffd) c.j     pc - 2
core   0: 0 0x00000000800000d0 (0xbffd)
core   0: 0x00000000800000ce (0x00000505) c.addi  a0, 1
core   0: 0 0x00000000800000ce (0x0505) x10 0x000000000000081d
core   0: 0x00000000800000d0 (0x0000bffd) c.j     pc - 2
core   0: 0 0x00000000800000d0 (0xbffd)
core   0: 0x00000000800000ce (0x00000505) c.addi  a0, 1
core   0: 0 0x00000000800000ce (0x0505) x10 0x000000000000081e
core   0: 0x00000000800000d0 (0x0000bffd) c.j     pc - 2
core   0: 0 0x00000000800000d0 (0xbffd)
core   0: 0x00000000800000ce (0x00000505) c.addi  a0, 1
core   0: 0 0x00000000800000ce (0x0505) x10 0x000000000000081f
core   0: 0x00000000800000d0 (0x0000bffd) c.j     pc - 2
core   0: 0 0x00000000800000d0 (0xbffd)
core   0: 0x00000000800000ce (0x00000505) c.addi  a0, 1
core   0: 0 0x00000000800000ce (0x0505) x10 0x0000000000000820
core   0: 0x00000000800000d0 (0x0000bffd) c.j     pc - 2
core   0: 0 0x00000000800000d0 (0xbffd)
core   0: 0x00000000800000ce (0x00000505) c.addi  a0, 1
core   0: 0 0x00000000800000ce (0x0505) x10 0x0000000000000821
core   0: 0x00000000800000d0 (0x0000bffd) c.j     pc - 2
core   0: 0 0x00000000800000d0 (0xbffd)
core   0: 0x00000000800000ce (0x00000505) c.addi  a0, 1
core   0: 0 0x00000000800000ce (0x0505) x10 0x0000000000000822
core   0: 0x00000000800000d0 (0x0000bffd) c.j     pc - 2
core   0: 0 0x00000000800000d0 (0xbffd)
core   0: 0x00000000800000ce (0x00000505) c.addi  a0, 1
core   0: 0 0x00000000800000ce (0x0505) x10 0x0000000000000823
core   0: 0x00000000800000d0 (0x0000bffd) c.j     pc - 2
core   0: 0 0x00000000800000d0 (0xbffd)
core   0: 0x00000000800000ce (0x00000505) c.addi  a0, 1
core   0: 0 0x00000000800000ce (0x0505) x10 0x0000000000000824
core   0: 0x00000000800000d0 (0x0000bffd) c.j     pc - 2
core   0: 0 0x00000000800000d0 (0xbffd)
core   0: 0x00000000800000ce (0x00000505) c.addi  a0, 1
core   0: 0 0x00000000800000ce (0x0505) x10 0x0000000000000825
core   0: 0x00000000800000d0 (0x0000bffd) c.j     pc - 2
core   0: 0 0x00000000800000d0 (0xbffd)
core   0: 0x00000000800000ce (0x00000505) c.addi  a0, 1
core   0: 0 0x00000000800000ce (0x0505) x10 0x0000000000000826
core   0: 0x00000000800000d0 (0x0000bffd) c.j     pc - 2
core   0: 0 0x00000000800000d0 (0xbffd)
core   0: 0x00000000800000ce (0x00000505) c.addi  a0, 1
core   0: 0 0x00000000800000ce (0x0505) x10 0x0000000000000827
core   0: 0x00000000800000d0 (0x0000bffd) c.j     pc - 2
core   0: 0 0x00000000800000d0 (0xbffd)
core   0: 0x00000000800000ce (0x00000505) c.addi  a0, 1
core   0: 0 0x00000000800000ce (0x0505) x10 0x0000000000000828
core   0: 0x00000000800000d0 (0x0000bffd) c.j     pc - 2
core   0: 0 0x00000000800000d0 (0xbffd)
core   0: 0x00000000800000ce (0x00000505) c.addi  a0, 1
core   0: 0 0x00000000800000ce (0x0505) x10 0x0000000000000829
core   0: 0x00000000800000d0 (0x0000bffd) c.j     pc - 2
core   0: 0 0x00000000800000d0 (0xbffd)
core   0: 0x00000000800000ce (0x00000505) c.addi  a0, 1
core   0: 0 0x00000000800000ce (0x0505) x10 0x000000000000082a
core   0: 0x00000000800000d0 (0x0000bffd) c.j     pc - 2
core   0: 0 0x00000000800000d0 (0xbffd)
core   0: 0x00000000800000ce (0x00000505) c.addi  a0, 1
core   0: 0 0x00000000800000ce (0x0505) x10 0x000000000000082b
core   0: 0x00000000800000d0 (0x0000bffd) c.j     pc - 2
core   0: 0 0x00000000800000d0 (0xbffd)
core   0: 0x00000000800000ce (0x00000505) c.addi  a0, 1
core   0: 0 0x00000000800000ce (0x0505) x10 0x000000000000082c
core   0: 0x00000000800000d0 (0x0000bffd) c.j     pc - 2
core   0: 0 0x00000000800000d0 (0xbffd)
core   0: 0x00000000800000ce (0x00000505) c.addi  a0, 1
core   0: 0 0x00000000800000ce (0x0505) x10 0x000000000000082d
core   0: 0x00000000800000d0 (0x0000bffd) c.j     pc - 2
core   0: 0 0x00000000800000d0 (0xbffd)
core   0: 0x00000000800000ce (0x00000505) c.addi  a0, 1
core   0: 0 0x00000000800000ce (0x0505) x10 0x000000000000082e
core   0: 0x00000000800000d0 (0x0000bffd) c.j     pc - 2
core   0: 0 0x00000000800000d0 (0xbffd)
core   0: 0x00000000800000ce (0x00000505) c.addi  a0, 1
core   0: 0 0x00000000800000ce (0x0505) x10 0x000000000000082f
core   0: 0x00000000800000d0 (0x0000bffd) c.j     pc - 2
core   0: 0 0x00000000800000d0 (0xbffd)
core   0: 0x00000000800000ce (0x00000505) c.addi  a0, 1
core   0: 0 0x00000000800000ce (0x0505) x10 0x0000000000000830
core   0: 0x00000000800000d0 (0x0000bffd) c.j     pc - 2
core   0: 0 0x00000000800000d0 (0xbffd)
core   0: 0x00000000800000ce (0x00000505) c.addi  a0, 1
core   0: 0 0x00000000800000ce (0x0505) x10 0x0000000000000831
core   0: 0x00000000800000d0 (0x0000bffd) c.j     pc - 2
core   0: 0 0x00000000800000d0 (0xbffd)
core   0: 0x00000000800000ce (0x00000505) c.addi  a0, 1
core   0: 0 0x00000000800000ce (0x0505) x10 0x0000000000000832
core   0: 0x00000000800000d0 (0x0000bffd) c.j     pc - 2
core   0: 0 0x00000000800000d0 (0xbffd)
core   0: 0x00000000800000ce (0x00000505) c.addi  a0, 1
core   0: 0 0x00000000800000ce (0x0505) x10 0x0000000000000833
core   0: 0x00000000800000d0 (0x0000bffd) c.j     pc - 2
core   0: 0 0x00000000800000d0 (0xbffd)
core   0: 0x00000000800000ce (0x00000505) c.addi  a0, 1
core   0: 0 0x00000000800000ce (0x0505) x10 0x0000000000000834
core   0: 0x00000000800000d0 (0x0000bffd) c.j     pc - 2
core   0: 0 0x00000000800000d0 (0xbffd)
core   0: 0x00000000800000ce (0x00000505) c.addi  a0, 1
core   0: 0 0x00000000800000ce (0x0505) x10 0x0000000000000835
core   0: 0x00000000800000d0 (0x0000bffd) c.j     pc - 2
core   0: 0 0x00000000800000d0 (0xbffd)
core   0: 0x00000000800000ce (0x00000505) c.addi  a0, 1
core   0: 0 0x00000000800000ce (0x0505) x10 0x0000000000000836
core   0: 0x00000000800000d0 (0x0000bffd) c.j     pc - 2
core   0: 0 0x00000000800000d0 (0xbffd)
core   0: 0x00000000800000ce (0x00000505) c.addi  a0, 1
core   0: 0 0x00000000800000ce (0x0505) x10 0x0000000000000837
core   0: 0x00000000800000d0 (0x0000bffd) c.j     pc - 2
core   0: 0 0x00000000800000d0 (0xbffd)
core   0: 0x00000000800000ce (0x00000505) c.addi  a0, 1
core   0: 0 0x00000000800000ce (0x0505) x10 0x0000000000000838
core   0: 0x00000000800000d0 (0x0000bffd) c.j     pc - 2
core   0: 0 0x00000000800000d0 (0xbffd)
core   0: 0x00000000800000ce (0x00000505) c.addi  a0, 1
core   0: 0 0x00000000800000ce (0x0505) x10 0x0000000000000839
core   0: 0x00000000800000d0 (0x0000bffd) c.j     pc - 2
core   0: 0 0x00000000800000d0 (0xbffd)
core   0: 0x00000000800000ce (0x00000505) c.addi  a0, 1
core   0: 0 0x00000000800000ce (0x0505) x10 0x000000000000083a
core   0: 0x00000000800000d0 (0x0000bffd) c.j     pc - 2
core   0: 0 0x00000000800000d0 (0xbffd)
core   0: 0x00000000800000ce (0x00000505) c.addi  a0, 1
core   0: 0 0x00000000800000ce (0x0505) x10 0x000000000000083b
core   0: 0x00000000800000d0 (0x0000bffd) c.j     pc - 2
core   0: 0 0x00000000800000d0 (0xbffd)
core   0: 0x00000000800000ce (0x00000505) c.addi  a0, 1
core   0: 0 0x00000000800000ce (0x0505) x10 0x000000000000083c
core   0: 0x00000000800000d0 (0x0000bffd) c.j     pc - 2
core   0: 0 0x00000000800000d0 (0xbffd)
core   0: 0x00000000800000ce (0x00000505) c.addi  a0, 1
core   0: 0 0x00000000800000ce (0x0505) x10 0x000000000000083d
core   0: 0x00000000800000d0 (0x0000bffd) c.j     pc - 2
core   0: 0 0x00000000800000d0 (0xbffd)
core   0: 0x00000000800000ce (0x00000505) c.addi  a0, 1
core   0: 0 0x00000000800000ce (0x0505) x10 0x000000000000083e
core   0: 0x00000000800000d0 (0x0000bffd) c.j     pc - 2
core   0: 0 0x00000000800000d0 (0xbffd)
core   0: 0x00000000800000ce (0x00000505) c.addi  a0, 1
core   0: 0 0x00000000800000ce (0x0505) x10 0x000000000000083f
core   0: 0x00000000800000d0 (0x0000bffd) c.j     pc - 2
core   0: 0 0x00000000800000d0 (0xbffd)
core   0: 0x00000000800000ce (0x00000505) c.addi  a0, 1
core   0: 0 0x00000000800000ce (0x0505) x10 0x0000000000000840
core   0: 0x00000000800000d0 (0x0000bffd) c.j     pc - 2
core   0: 0 0x00000000800000d0 (0xbffd)
core   0: 0x00000000800000ce (0x00000505) c.addi  a0, 1
core   0: 0 0x00000000800000ce (0x0505) x10 0x0000000000000841
core   0: 0x00000000800000d0 (0x0000bffd) c.j     pc - 2
core   0: 0 0x00000000800000d0 (0xbffd)
core   0: 0x00000000800000ce (0x00000505) c.addi  a0, 1
core   0: 0 0x00000000800000ce (0x0505) x10 0x0000000000000842
core   0: 0x00000000800000d0 (0x0000bffd) c.j     pc - 2
core   0: 0 0x00000000800000d0 (0xbffd)
core   0: 0x00000000800000ce (0x00000505) c.addi  a0, 1
core   0: 0 0x00000000800000ce (0x0505) x10 0x0000000000000843
core   0: 0x00000000800000d0 (0x0000bffd) c.j     pc - 2
core   0: 0 0x00000000800000d0 (0xbffd)
core   0: 0x00000000800000ce (0x00000505) c.addi  a0, 1
core   0: 0 0x00000000800000ce (0x0505) x10 0x0000000000000844
core   0: 0x00000000800000d0 (0x0000bffd) c.j     pc - 2
core   0: 0 0x00000000800000d0 (0xbffd)
core   0: 0x00000000800000ce (0x00000505) c.addi  a0, 1
core   0: 0 0x00000000800000ce (0x0505) x10 0x0000000000000845
core   0: 0x00000000800000d0 (0x0000bffd) c.j     pc - 2
core   0: 0 0x00000000800000d0 (0xbffd)
core   0: 0x00000000800000ce (0x00000505) c.addi  a0, 1
core   0: 0 0x00000000800000ce (0x0505) x10 0x0000000000000846
core   0: 0x00000000800000d0 (0x0000bffd) c.j     pc - 2
core   0: 0 0x00000000800000d0 (0xbffd)
core   0: 0x00000000800000ce (0x00000505) c.addi  a0, 1
core   0: 0 0x00000000800000ce (0x0505) x10 0x0000000000000847
core   0: 0x00000000800000d0 (0x0000bffd) c.j     pc - 2
core   0: 0 0x00000000800000d0 (0xbffd)
core   0: 0x00000000800000ce (0x00000505) c.addi  a0, 1
core   0: 0 0x00000000800000ce (0x0505) x10 0x0000000000000848
core   0: 0x00000000800000d0 (0x0000bffd) c.j     pc - 2
core   0: 0 0x00000000800000d0 (0xbffd)
core   0: 0x00000000800000ce (0x00000505) c.addi  a0, 1
core   0: 0 0x00000000800000ce (0x0505) x10 0x0000000000000849
core   0: 0x00000000800000d0 (0x0000bffd) c.j     pc - 2
core   0: 0 0x00000000800000d0 (0xbffd)
core   0: 0x00000000800000ce (0x00000505) c.addi  a0, 1
core   0: 0 0x00000000800000ce (0x0505) x10 0x000000000000084a
core   0: 0x00000000800000d0 (0x0000bffd) c.j     pc - 2
core   0: 0 0x00000000800000d0 (0xbffd)
core   0: 0x00000000800000ce (0x00000505) c.addi  a0, 1
core   0: 0 0x00000000800000ce (0x0505) x10 0x000000000000084b
core   0: 0x00000000800000d0 (0x0000bffd) c.j     pc - 2
core   0: 0 0x00000000800000d0 (0xbffd)
core   0: 0x00000000800000ce (0x00000505) c.addi  a0, 1
core   0: 0 0x00000000800000ce (0x0505) x10 0x000000000000084c
core   0: 0x00000000800000d0 (0x0000bffd) c.j     pc - 2
core   0: 0 0x00000000800000d0 (0xbffd)
core   0: 0x00000000800000ce (0x00000505) c.addi  a0, 1
core   0: 0 0x00000000800000ce (0x0505) x10 0x000000000000084d
core   0: 0x00000000800000d0 (0x0000bffd) c.j     pc - 2
core   0: 0 0x00000000800000d0 (0xbffd)
core   0: 0x00000000800000ce (0x00000505) c.addi  a0, 1
core   0: 0 0x00000000800000ce (0x0505) x10 0x000000000000084e
core   0: 0x00000000800000d0 (0x0000bffd) c.j     pc - 2
core   0: 0 0x00000000800000d0 (0xbffd)
core   0: 0x00000000800000ce (0x00000505) c.addi  a0, 1
core   0: 0 0x00000000800000ce (0x0505) x10 0x000000000000084f
core   0: 0x00000000800000d0 (0x0000bffd) c.j     pc - 2
core   0: 0 0x00000000800000d0 (0xbffd)
core   0: 0x00000000800000ce (0x00000505) c.addi  a0, 1
core   0: 0 0x00000000800000ce (0x0505) x10 0x0000000000000850
core   0: 0x00000000800000d0 (0x0000bffd) c.j     pc - 2
core   0: 0 0x00000000800000d0 (0xbffd)
core   0: 0x00000000800000ce (0x00000505) c.addi  a0, 1
core   0: 0 0x00000000800000ce (0x0505) x10 0x0000000000000851
core   0: 0x00000000800000d0 (0x0000bffd) c.j     pc - 2
core   0: 0 0x00000000800000d0 (0xbffd)
core   0: 0x00000000800000ce (0x00000505) c.addi  a0, 1
core   0: 0 0x00000000800000ce (0x0505) x10 0x0000000000000852
core   0: 0x00000000800000d0 (0x0000bffd) c.j     pc - 2
core   0: 0 0x00000000800000d0 (0xbffd)
core   0: 0x00000000800000ce (0x00000505) c.addi  a0, 1
core   0: 0 0x00000000800000ce (0x0505) x10 0x0000000000000853
core   0: 0x00000000800000d0 (0x0000bffd) c.j     pc - 2
core   0: 0 0x00000000800000d0 (0xbffd)
core   0: 0x00000000800000ce (0x00000505) c.addi  a0, 1
core   0: 0 0x00000000800000ce (0x0505) x10 0x0000000000000854
core   0: 0x00000000800000d0 (0x0000bffd) c.j     pc - 2
core   0: 0 0x00000000800000d0 (0xbffd)
core   0: 0x00000000800000ce (0x00000505) c.addi  a0, 1
core   0: 0 0x00000000800000ce (0x0505) x10 0x0000000000000855
core   0: 0x00000000800000d0 (0x0000bffd) c.j     pc - 2
core   0: 0 0x00000000800000d0 (0xbffd)
core   0: 0x00000000800000ce (0x00000505) c.addi  a0, 1
core   0: 0 0x00000000800000ce (0x0505) x10 0x0000000000000856
core   0: 0x00000000800000d0 (0x0000bffd) c.j     pc - 2
core   0: 0 0x00000000800000d0 (0xbffd)
core   0: 0x00000000800000ce (0x00000505) c.addi  a0, 1
core   0: 0 0x00000000800000ce (0x0505) x10 0x0000000000000857
core   0: 0x00000000800000d0 (0x0000bffd) c.j     pc - 2
core   0: 0 0x00000000800000d0 (0xbffd)
core   0: 0x00000000800000ce (0x00000505) c.addi  a0, 1
core   0: 0 0x00000000800000ce (0x0505) x10 0x0000000000000858
core   0: 0x00000000800000d0 (0x0000bffd) c.j     pc - 2
core   0: 0 0x00000000800000d0 (0xbffd)
core   0: 0x00000000800000ce (0x00000505) c.addi  a0, 1
core   0: 0 0x00000000800000ce (0x0505) x10 0x0000000000000859
core   0: 0x00000000800000d0 (0x0000bffd) c.j     pc - 2
core   0: 0 0x00000000800000d0 (0xbffd)
core   0: 0x00000000800000ce (0x00000505) c.addi  a0, 1
core   0: 0 0x00000000800000ce (0x0505) x10 0x000000000000085a
core   0: 0x00000000800000d0 (0x0000bffd) c.j     pc - 2
core   0: 0 0x00000000800000d0 (0xbffd)
core   0: 0x00000000800000ce (0x00000505) c.addi  a0, 1
core   0: 0 0x00000000800000ce (0x0505) x10 0x000000000000085b
core   0: 0x00000000800000d0 (0x0000bffd) c.j     pc - 2
core   0: 0 0x00000000800000d0 (0xbffd)
core   0: 0x00000000800000ce (0x00000505) c.addi  a0, 1
core   0: 0 0x00000000800000ce (0x0505) x10 0x000000000000085c
core   0: 0x00000000800000d0 (0x0000bffd) c.j     pc - 2
core   0: 0 0x00000000800000d0 (0xbffd)
core   0: 0x00000000800000ce (0x00000505) c.addi  a0, 1
core   0: 0 0x00000000800000ce (0x0505) x10 0x000000000000085d
core   0: 0x00000000800000d0 (0x0000bffd) c.j     pc - 2
core   0: 0 0x00000000800000d0 (0xbffd)
core   0: 0x00000000800000ce (0x00000505) c.addi  a0, 1
core   0: 0 0x00000000800000ce (0x0505) x10 0x000000000000085e
core   0: 0x00000000800000d0 (0x0000bffd) c.j     pc - 2
core   0: 0 0x00000000800000d0 (0xbffd)
core   0: 0x00000000800000ce (0x00000505) c.addi  a0, 1
core   0: 0 0x00000000800000ce (0x0505) x10 0x000000000000085f
core   0: 0x00000000800000d0 (0x0000bffd) c.j     pc - 2
core   0: 0 0x00000000800000d0 (0xbffd)
core   0: 0x00000000800000ce (0x00000505) c.addi  a0, 1
core   0: 0 0x00000000800000ce (0x0505) x10 0x0000000000000860
core   0: 0x00000000800000d0 (0x0000bffd) c.j     pc - 2
core   0: 0 0x00000000800000d0 (0xbffd)
core   0: 0x00000000800000ce (0x00000505) c.addi  a0, 1
core   0: 0 0x00000000800000ce (0x0505) x10 0x0000000000000861
core   0: 0x00000000800000d0 (0x0000bffd) c.j     pc - 2
core   0: 0 0x00000000800000d0 (0xbffd)
core   0: 0x00000000800000ce (0x00000505) c.addi  a0, 1
core   0: 0 0x00000000800000ce (0x0505) x10 0x0000000000000862
core   0: 0x00000000800000d0 (0x0000bffd) c.j     pc - 2
core   0: 0 0x00000000800000d0 (0xbffd)
core   0: 0x00000000800000ce (0x00000505) c.addi  a0, 1
core   0: 0 0x00000000800000ce (0x0505) x10 0x0000000000000863
core   0: 0x00000000800000d0 (0x0000bffd) c.j     pc - 2
core   0: 0 0x00000000800000d0 (0xbffd)
core   0: 0x00000000800000ce (0x00000505) c.addi  a0, 1
core   0: 0 0x00000000800000ce (0x0505) x10 0x0000000000000864
core   0: 0x00000000800000d0 (0x0000bffd) c.j     pc - 2
core   0: 0 0x00000000800000d0 (0xbffd)
core   0: 0x00000000800000ce (0x00000505) c.addi  a0, 1
core   0: 0 0x00000000800000ce (0x0505) x10 0x0000000000000865
core   0: 0x00000000800000d0 (0x0000bffd) c.j     pc - 2
core   0: 0 0x00000000800000d0 (0xbffd)
core   0: 0x00000000800000ce (0x00000505) c.addi  a0, 1
core   0: 0 0x00000000800000ce (0x0505) x10 0x0000000000000866
core   0: 0x00000000800000d0 (0x0000bffd) c.j     pc - 2
core   0: 0 0x00000000800000d0 (0xbffd)
core   0: 0x00000000800000ce (0x00000505) c.addi  a0, 1
core   0: 0 0x00000000800000ce (0x0505) x10 0x0000000000000867
core   0: 0x00000000800000d0 (0x0000bffd) c.j     pc - 2
core   0: 0 0x00000000800000d0 (0xbffd)
core   0: 0x00000000800000ce (0x00000505) c.addi  a0, 1
core   0: 0 0x00000000800000ce (0x0505) x10 0x0000000000000868
core   0: 0x00000000800000d0 (0x0000bffd) c.j     pc - 2
core   0: 0 0x00000000800000d0 (0xbffd)
core   0: 0x00000000800000ce (0x00000505) c.addi  a0, 1
core   0: 0 0x00000000800000ce (0x0505) x10 0x0000000000000869
core   0: 0x00000000800000d0 (0x0000bffd) c.j     pc - 2
core   0: 0 0x00000000800000d0 (0xbffd)
core   0: 0x00000000800000ce (0x00000505) c.addi  a0, 1
core   0: 0 0x00000000800000ce (0x0505) x10 0x000000000000086a
core   0: 0x00000000800000d0 (0x0000bffd) c.j     pc - 2
core   0: 0 0x00000000800000d0 (0xbffd)
core   0: 0x00000000800000ce (0x00000505) c.addi  a0, 1
core   0: 0 0x00000000800000ce (0x0505) x10 0x000000000000086b
core   0: 0x00000000800000d0 (0x0000bffd) c.j     pc - 2
core   0: 0 0x00000000800000d0 (0xbffd)
core   0: 0x00000000800000ce (0x00000505) c.addi  a0, 1
core   0: 0 0x00000000800000ce (0x0505) x10 0x000000000000086c
core   0: 0x00000000800000d0 (0x0000bffd) c.j     pc - 2
core   0: 0 0x00000000800000d0 (0xbffd)
core   0: 0x00000000800000ce (0x00000505) c.addi  a0, 1
core   0: 0 0x00000000800000ce (0x0505) x10 0x000000000000086d
core   0: 0x00000000800000d0 (0x0000bffd) c.j     pc - 2
core   0: 0 0x00000000800000d0 (0xbffd)
core   0: 0x00000000800000ce (0x00000505) c.addi  a0, 1
core   0: 0 0x00000000800000ce (0x0505) x10 0x000000000000086e
core   0: 0x00000000800000d0 (0x0000bffd) c.j     pc - 2
core   0: 0 0x00000000800000d0 (0xbffd)
core   0: 0x00000000800000ce (0x00000505) c.addi  a0, 1
core   0: 0 0x00000000800000ce (0x0505) x10 0x000000000000086f
core   0: 0x00000000800000d0 (0x0000bffd) c.j     pc - 2
core   0: 0 0x00000000800000d0 (0xbffd)
core   0: 0x00000000800000ce (0x00000505) c.addi  a0, 1
core   0: 0 0x00000000800000ce (0x0505) x10 0x0000000000000870
core   0: 0x00000000800000d0 (0x0000bffd) c.j     pc - 2
core   0: 0 0x00000000800000d0 (0xbffd)
core   0: 0x00000000800000ce (0x00000505) c.addi  a0, 1
core   0: 0 0x00000000800000ce (0x0505) x10 0x0000000000000871
core   0: 0x00000000800000d0 (0x0000bffd) c.j     pc - 2
core   0: 0 0x00000000800000d0 (0xbffd)
core   0: 0x00000000800000ce (0x00000505) c.addi  a0, 1
core   0: 0 0x00000000800000ce (0x0505) x10 0x0000000000000872
core   0: 0x00000000800000d0 (0x0000bffd) c.j     pc - 2
core   0: 0 0x00000000800000d0 (0xbffd)
core   0: 0x00000000800000ce (0x00000505) c.addi  a0, 1
core   0: 0 0x00000000800000ce (0x0505) x10 0x0000000000000873
core   0: 0x00000000800000d0 (0x0000bffd) c.j     pc - 2
core   0: 0 0x00000000800000d0 (0xbffd)
core   0: 0x00000000800000ce (0x00000505) c.addi  a0, 1
core   0: 0 0x00000000800000ce (0x0505) x10 0x0000000000000874
core   0: 0x00000000800000d0 (0x0000bffd) c.j     pc - 2
core   0: 0 0x00000000800000d0 (0xbffd)
core   0: 0x00000000800000ce (0x00000505) c.addi  a0, 1
core   0: 0 0x00000000800000ce (0x0505) x10 0x0000000000000875
core   0: 0x00000000800000d0 (0x0000bffd) c.j     pc - 2
core   0: 0 0x00000000800000d0 (0xbffd)
core   0: 0x00000000800000ce (0x00000505) c.addi  a0, 1
core   0: 0 0x00000000800000ce (0x0505) x10 0x0000000000000876
core   0: 0x00000000800000d0 (0x0000bffd) c.j     pc - 2
core   0: 0 0x00000000800000d0 (0xbffd)
core   0: 0x00000000800000ce (0x00000505) c.addi  a0, 1
core   0: 0 0x00000000800000ce (0x0505) x10 0x0000000000000877
core   0: 0x00000000800000d0 (0x0000bffd) c.j     pc - 2
core   0: 0 0x00000000800000d0 (0xbffd)
core   0: 0x00000000800000ce (0x00000505) c.addi  a0, 1
core   0: 0 0x00000000800000ce (0x0505) x10 0x0000000000000878
core   0: 0x00000000800000d0 (0x0000bffd) c.j     pc - 2
core   0: 0 0x00000000800000d0 (0xbffd)
core   0: 0x00000000800000ce (0x00000505) c.addi  a0, 1
core   0: 0 0x00000000800000ce (0x0505) x10 0x0000000000000879
core   0: 0x00000000800000d0 (0x0000bffd) c.j     pc - 2
core   0: 0 0x00000000800000d0 (0xbffd)
core   0: 0x00000000800000ce (0x00000505) c.addi  a0, 1
core   0: 0 0x00000000800000ce (0x0505) x10 0x000000000000087a
core   0: 0x00000000800000d0 (0x0000bffd) c.j     pc - 2
core   0: 0 0x00000000800000d0 (0xbffd)
core   0: 0x00000000800000ce (0x00000505) c.addi  a0, 1
core   0: 0 0x00000000800000ce (0x0505) x10 0x000000000000087b
core   0: 0x00000000800000d0 (0x0000bffd) c.j     pc - 2
core   0: 0 0x00000000800000d0 (0xbffd)
core   0: 0x00000000800000ce (0x00000505) c.addi  a0, 1
core   0: 0 0x00000000800000ce (0x0505) x10 0x000000000000087c
core   0: 0x00000000800000d0 (0x0000bffd) c.j     pc - 2
core   0: 0 0x00000000800000d0 (0xbffd)
core   0: 0x00000000800000ce (0x00000505) c.addi  a0, 1
core   0: 0 0x00000000800000ce (0x0505) x10 0x000000000000087d
core   0: 0x00000000800000d0 (0x0000bffd) c.j     pc - 2
core   0: 0 0x00000000800000d0 (0xbffd)
core   0: 0x00000000800000ce (0x00000505) c.addi  a0, 1
core   0: 0 0x00000000800000ce (0x0505) x10 0x000000000000087e
core   0: 0x00000000800000d0 (0x0000bffd) c.j     pc - 2
core   0: 0 0x00000000800000d0 (0xbffd)
core   0: 0x00000000800000ce (0x00000505) c.addi  a0, 1
core   0: 0 0x00000000800000ce (0x0505) x10 0x000000000000087f
core   0: 0x00000000800000d0 (0x0000bffd) c.j     pc - 2
core   0: 0 0x00000000800000d0 (0xbffd)
core   0: 0x00000000800000ce (0x00000505) c.addi  a0, 1
core   0: 0 0x00000000800000ce (0x0505) x10 0x0000000000000880
core   0: 0x00000000800000d0 (0x0000bffd) c.j     pc - 2
core   0: 0 0x00000000800000d0 (0xbffd)
core   0: 0x00000000800000ce (0x00000505) c.addi  a0, 1
core   0: 0 0x00000000800000ce (0x0505) x10 0x0000000000000881
core   0: 0x00000000800000d0 (0x0000bffd) c.j     pc - 2
core   0: 0 0x00000000800000d0 (0xbffd)
core   0: 0x00000000800000ce (0x00000505) c.addi  a0, 1
core   0: 0 0x00000000800000ce (0x0505) x10 0x0000000000000882
core   0: 0x00000000800000d0 (0x0000bffd) c.j     pc - 2
core   0: 0 0x00000000800000d0 (0xbffd)
core   0: 0x00000000800000ce (0x00000505) c.addi  a0, 1
core   0: 0 0x00000000800000ce (0x0505) x10 0x0000000000000883
core   0: 0x00000000800000d0 (0x0000bffd) c.j     pc - 2
core   0: 0 0x00000000800000d0 (0xbffd)
core   0: 0x00000000800000ce (0x00000505) c.addi  a0, 1
core   0: 0 0x00000000800000ce (0x0505) x10 0x0000000000000884
core   0: 0x00000000800000d0 (0x0000bffd) c.j     pc - 2
core   0: 0 0x00000000800000d0 (0xbffd)
core   0: 0x00000000800000ce (0x00000505) c.addi  a0, 1
core   0: 0 0x00000000800000ce (0x0505) x10 0x0000000000000885
core   0: 0x00000000800000d0 (0x0000bffd) c.j     pc - 2
core   0: 0 0x00000000800000d0 (0xbffd)
core   0: 0x00000000800000ce (0x00000505) c.addi  a0, 1
core   0: 0 0x00000000800000ce (0x0505) x10 0x0000000000000886
core   0: 0x00000000800000d0 (0x0000bffd) c.j     pc - 2
core   0: 0 0x00000000800000d0 (0xbffd)
core   0: 0x00000000800000ce (0x00000505) c.addi  a0, 1
core   0: 0 0x00000000800000ce (0x0505) x10 0x0000000000000887
core   0: 0x00000000800000d0 (0x0000bffd) c.j     pc - 2
core   0: 0 0x00000000800000d0 (0xbffd)
core   0: 0x00000000800000ce (0x00000505) c.addi  a0, 1
core   0: 0 0x00000000800000ce (0x0505) x10 0x0000000000000888
core   0: 0x00000000800000d0 (0x0000bffd) c.j     pc - 2
core   0: 0 0x00000000800000d0 (0xbffd)
core   0: 0x00000000800000ce (0x00000505) c.addi  a0, 1
core   0: 0 0x00000000800000ce (0x0505) x10 0x0000000000000889
core   0: 0x00000000800000d0 (0x0000bffd) c.j     pc - 2
core   0: 0 0x00000000800000d0 (0xbffd)
core   0: 0x00000000800000ce (0x00000505) c.addi  a0, 1
core   0: 0 0x00000000800000ce (0x0505) x10 0x000000000000088a
core   0: 0x00000000800000d0 (0x0000bffd) c.j     pc - 2
core   0: 0 0x00000000800000d0 (0xbffd)
core   0: 0x00000000800000ce (0x00000505) c.addi  a0, 1
core   0: 0 0x00000000800000ce (0x0505) x10 0x000000000000088b
core   0: 0x00000000800000d0 (0x0000bffd) c.j     pc - 2
core   0: 0 0x00000000800000d0 (0xbffd)
core   0: 0x00000000800000ce (0x00000505) c.addi  a0, 1
core   0: 0 0x00000000800000ce (0x0505) x10 0x000000000000088c
core   0: 0x00000000800000d0 (0x0000bffd) c.j     pc - 2
core   0: 0 0x00000000800000d0 (0xbffd)
core   0: 0x00000000800000ce (0x00000505) c.addi  a0, 1
core   0: 0 0x00000000800000ce (0x0505) x10 0x000000000000088d
core   0: 0x00000000800000d0 (0x0000bffd) c.j     pc - 2
core   0: 0 0x00000000800000d0 (0xbffd)
core   0: 0x00000000800000ce (0x00000505) c.addi  a0, 1
core   0: 0 0x00000000800000ce (0x0505) x10 0x000000000000088e
core   0: 0x00000000800000d0 (0x0000bffd) c.j     pc - 2
core   0: 0 0x00000000800000d0 (0xbffd)
core   0: 0x00000000800000ce (0x00000505) c.addi  a0, 1
core   0: 0 0x00000000800000ce (0x0505) x10 0x000000000000088f
core   0: 0x00000000800000d0 (0x0000bffd) c.j     pc - 2
core   0: 0 0x00000000800000d0 (0xbffd)
core   0: 0x00000000800000ce (0x00000505) c.addi  a0, 1
core   0: 0 0x00000000800000ce (0x0505) x10 0x0000000000000890
core   0: 0x00000000800000d0 (0x0000bffd) c.j     pc - 2
core   0: 0 0x00000000800000d0 (0xbffd)
core   0: 0x00000000800000ce (0x00000505) c.addi  a0, 1
core   0: 0 0x00000000800000ce (0x0505) x10 0x0000000000000891
core   0: 0x00000000800000d0 (0x0000bffd) c.j     pc - 2
core   0: 0 0x00000000800000d0 (0xbffd)
core   0: 0x00000000800000ce (0x00000505) c.addi  a0, 1
core   0: 0 0x00000000800000ce (0x0505) x10 0x0000000000000892
core   0: 0x00000000800000d0 (0x0000bffd) c.j     pc - 2
core   0: 0 0x00000000800000d0 (0xbffd)
core   0: 0x00000000800000ce (0x00000505) c.addi  a0, 1
core   0: 0 0x00000000800000ce (0x0505) x10 0x0000000000000893
core   0: 0x00000000800000d0 (0x0000bffd) c.j     pc - 2
core   0: 0 0x00000000800000d0 (0xbffd)
core   0: 0x00000000800000ce (0x00000505) c.addi  a0, 1
core   0: 0 0x00000000800000ce (0x0505) x10 0x0000000000000894
core   0: 0x00000000800000d0 (0x0000bffd) c.j     pc - 2
core   0: 0 0x00000000800000d0 (0xbffd)
core   0: 0x00000000800000ce (0x00000505) c.addi  a0, 1
core   0: 0 0x00000000800000ce (0x0505) x10 0x0000000000000895
core   0: 0x00000000800000d0 (0x0000bffd) c.j     pc - 2
core   0: 0 0x00000000800000d0 (0xbffd)
core   0: 0x00000000800000ce (0x00000505) c.addi  a0, 1
core   0: 0 0x00000000800000ce (0x0505) x10 0x0000000000000896
core   0: 0x00000000800000d0 (0x0000bffd) c.j     pc - 2
core   0: 0 0x00000000800000d0 (0xbffd)
core   0: 0x00000000800000ce (0x00000505) c.addi  a0, 1
core   0: 0 0x00000000800000ce (0x0505) x10 0x0000000000000897
core   0: 0x00000000800000d0 (0x0000bffd) c.j     pc - 2
core   0: 0 0x00000000800000d0 (0xbffd)
core   0: 0x00000000800000ce (0x00000505) c.addi  a0, 1
core   0: 0 0x00000000800000ce (0x0505) x10 0x0000000000000898
core   0: 0x00000000800000d0 (0x0000bffd) c.j     pc - 2
core   0: 0 0x00000000800000d0 (0xbffd)
core   0: 0x00000000800000ce (0x00000505) c.addi  a0, 1
core   0: 0 0x00000000800000ce (0x0505) x10 0x0000000000000899
core   0: 0x00000000800000d0 (0x0000bffd) c.j     pc - 2
core   0: 0 0x00000000800000d0 (0xbffd)
core   0: 0x00000000800000ce (0x00000505) c.addi  a0, 1
core   0: 0 0x00000000800000ce (0x0505) x10 0x000000000000089a
core   0: 0x00000000800000d0 (0x0000bffd) c.j     pc - 2
core   0: 0 0x00000000800000d0 (0xbffd)
core   0: 0x00000000800000ce (0x00000505) c.addi  a0, 1
core   0: 0 0x00000000800000ce (0x0505) x10 0x000000000000089b
core   0: 0x00000000800000d0 (0x0000bffd) c.j     pc - 2
core   0: 0 0x00000000800000d0 (0xbffd)
core   0: 0x00000000800000ce (0x00000505) c.addi  a0, 1
core   0: 0 0x00000000800000ce (0x0505) x10 0x000000000000089c
core   0: 0x00000000800000d0 (0x0000bffd) c.j     pc - 2
core   0: 0 0x00000000800000d0 (0xbffd)
core   0: 0x00000000800000ce (0x00000505) c.addi  a0, 1
core   0: 0 0x00000000800000ce (0x0505) x10 0x000000000000089d
core   0: 0x00000000800000d0 (0x0000bffd) c.j     pc - 2
core   0: 0 0x00000000800000d0 (0xbffd)
core   0: 0x00000000800000ce (0x00000505) c.addi  a0, 1
core   0: 0 0x00000000800000ce (0x0505) x10 0x000000000000089e
core   0: 0x00000000800000d0 (0x0000bffd) c.j     pc - 2
core   0: 0 0x00000000800000d0 (0xbffd)
core   0: 0x00000000800000ce (0x00000505) c.addi  a0, 1
core   0: 0 0x00000000800000ce (0x0505) x10 0x000000000000089f
core   0: 0x00000000800000d0 (0x0000bffd) c.j     pc - 2
core   0: 0 0x00000000800000d0 (0xbffd)
core   0: 0x00000000800000ce (0x00000505) c.addi  a0, 1
core   0: 0 0x00000000800000ce (0x0505) x10 0x00000000000008a0
core   0: 0x00000000800000d0 (0x0000bffd) c.j     pc - 2
core   0: 0 0x00000000800000d0 (0xbffd)
core   0: 0x00000000800000ce (0x00000505) c.addi  a0, 1
core   0: 0 0x00000000800000ce (0x0505) x10 0x00000000000008a1
core   0: 0x00000000800000d0 (0x0000bffd) c.j     pc - 2
core   0: 0 0x00000000800000d0 (0xbffd)
core   0: 0x00000000800000ce (0x00000505) c.addi  a0, 1
core   0: 0 0x00000000800000ce (0x0505) x10 0x00000000000008a2
core   0: 0x00000000800000d0 (0x0000bffd) c.j     pc - 2
core   0: 0 0x00000000800000d0 (0xbffd)
core   0: 0x00000000800000ce (0x00000505) c.addi  a0, 1
core   0: 0 0x00000000800000ce (0x0505) x10 0x00000000000008a3
core   0: 0x00000000800000d0 (0x0000bffd) c.j     pc - 2
core   0: 0 0x00000000800000d0 (0xbffd)
core   0: 0x00000000800000ce (0x00000505) c.addi  a0, 1
core   0: 0 0x00000000800000ce (0x0505) x10 0x00000000000008a4
core   0: 0x00000000800000d0 (0x0000bffd) c.j     pc - 2
core   0: 0 0x00000000800000d0 (0xbffd)
core   0: 0x00000000800000ce (0x00000505) c.addi  a0, 1
core   0: 0 0x00000000800000ce (0x0505) x10 0x00000000000008a5
core   0: 0x00000000800000d0 (0x0000bffd) c.j     pc - 2
core   0: 0 0x00000000800000d0 (0xbffd)
core   0: 0x00000000800000ce (0x00000505) c.addi  a0, 1
core   0: 0 0x00000000800000ce (0x0505) x10 0x00000000000008a6
core   0: 0x00000000800000d0 (0x0000bffd) c.j     pc - 2
core   0: 0 0x00000000800000d0 (0xbffd)
core   0: 0x00000000800000ce (0x00000505) c.addi  a0, 1
core   0: 0 0x00000000800000ce (0x0505) x10 0x00000000000008a7
core   0: 0x00000000800000d0 (0x0000bffd) c.j     pc - 2
core   0: 0 0x00000000800000d0 (0xbffd)
core   0: 0x00000000800000ce (0x00000505) c.addi  a0, 1
core   0: 0 0x00000000800000ce (0x0505) x10 0x00000000000008a8
core   0: 0x00000000800000d0 (0x0000bffd) c.j     pc - 2
core   0: 0 0x00000000800000d0 (0xbffd)
core   0: 0x00000000800000ce (0x00000505) c.addi  a0, 1
core   0: 0 0x00000000800000ce (0x0505) x10 0x00000000000008a9
core   0: 0x00000000800000d0 (0x0000bffd) c.j     pc - 2
core   0: 0 0x00000000800000d0 (0xbffd)
core   0: 0x00000000800000ce (0x00000505) c.addi  a0, 1
core   0: 0 0x00000000800000ce (0x0505) x10 0x00000000000008aa
core   0: 0x00000000800000d0 (0x0000bffd) c.j     pc - 2
core   0: 0 0x00000000800000d0 (0xbffd)
core   0: 0x00000000800000ce (0x00000505) c.addi  a0, 1
core   0: 0 0x00000000800000ce (0x0505) x10 0x00000000000008ab
core   0: 0x00000000800000d0 (0x0000bffd) c.j     pc - 2
core   0: 0 0x00000000800000d0 (0xbffd)
core   0: 0x00000000800000ce (0x00000505) c.addi  a0, 1
core   0: 0 0x00000000800000ce (0x0505) x10 0x00000000000008ac
core   0: 0x00000000800000d0 (0x0000bffd) c.j     pc - 2
core   0: 0 0x00000000800000d0 (0xbffd)
core   0: 0x00000000800000ce (0x00000505) c.addi  a0, 1
core   0: 0 0x00000000800000ce (0x0505) x10 0x00000000000008ad
core   0: 0x00000000800000d0 (0x0000bffd) c.j     pc - 2
core   0: 0 0x00000000800000d0 (0xbffd)
core   0: 0x00000000800000ce (0x00000505) c.addi  a0, 1
core   0: 0 0x00000000800000ce (0x0505) x10 0x00000000000008ae
core   0: 0x00000000800000d0 (0x0000bffd) c.j     pc - 2
core   0: 0 0x00000000800000d0 (0xbffd)
core   0: 0x00000000800000ce (0x00000505) c.addi  a0, 1
core   0: 0 0x00000000800000ce (0x0505) x10 0x00000000000008af
core   0: 0x00000000800000d0 (0x0000bffd) c.j     pc - 2
core   0: 0 0x00000000800000d0 (0xbffd)
core   0: 0x00000000800000ce (0x00000505) c.addi  a0, 1
core   0: 0 0x00000000800000ce (0x0505) x10 0x00000000000008b0
core   0: 0x00000000800000d0 (0x0000bffd) c.j     pc - 2
core   0: 0 0x00000000800000d0 (0xbffd)
core   0: 0x00000000800000ce (0x00000505) c.addi  a0, 1
core   0: 0 0x00000000800000ce (0x0505) x10 0x00000000000008b1
core   0: 0x00000000800000d0 (0x0000bffd) c.j     pc - 2
core   0: 0 0x00000000800000d0 (0xbffd)
core   0: 0x00000000800000ce (0x00000505) c.addi  a0, 1
core   0: 0 0x00000000800000ce (0x0505) x10 0x00000000000008b2
core   0: 0x00000000800000d0 (0x0000bffd) c.j     pc - 2
core   0: 0 0x00000000800000d0 (0xbffd)
core   0: 0x00000000800000ce (0x00000505) c.addi  a0, 1
core   0: 0 0x00000000800000ce (0x0505) x10 0x00000000000008b3
core   0: 0x00000000800000d0 (0x0000bffd) c.j     pc - 2
core   0: 0 0x00000000800000d0 (0xbffd)
core   0: 0x00000000800000ce (0x00000505) c.addi  a0, 1
core   0: 0 0x00000000800000ce (0x0505) x10 0x00000000000008b4
core   0: 0x00000000800000d0 (0x0000bffd) c.j     pc - 2
core   0: 0 0x00000000800000d0 (0xbffd)
core   0: 0x00000000800000ce (0x00000505) c.addi  a0, 1
core   0: 0 0x00000000800000ce (0x0505) x10 0x00000000000008b5
core   0: 0x00000000800000d0 (0x0000bffd) c.j     pc - 2
core   0: 0 0x00000000800000d0 (0xbffd)
core   0: 0x00000000800000ce (0x00000505) c.addi  a0, 1
core   0: 0 0x00000000800000ce (0x0505) x10 0x00000000000008b6
core   0: 0x00000000800000d0 (0x0000bffd) c.j     pc - 2
core   0: 0 0x00000000800000d0 (0xbffd)
core   0: 0x00000000800000ce (0x00000505) c.addi  a0, 1
core   0: 0 0x00000000800000ce (0x0505) x10 0x00000000000008b7
core   0: 0x00000000800000d0 (0x0000bffd) c.j     pc - 2
core   0: 0 0x00000000800000d0 (0xbffd)
core   0: 0x00000000800000ce (0x00000505) c.addi  a0, 1
core   0: 0 0x00000000800000ce (0x0505) x10 0x00000000000008b8
core   0: 0x00000000800000d0 (0x0000bffd) c.j     pc - 2
core   0: 0 0x00000000800000d0 (0xbffd)
core   0: 0x00000000800000ce (0x00000505) c.addi  a0, 1
core   0: 0 0x00000000800000ce (0x0505) x10 0x00000000000008b9
core   0: 0x00000000800000d0 (0x0000bffd) c.j     pc - 2
core   0: 0 0x00000000800000d0 (0xbffd)
core   0: 0x00000000800000ce (0x00000505) c.addi  a0, 1
core   0: 0 0x00000000800000ce (0x0505) x10 0x00000000000008ba
core   0: 0x00000000800000d0 (0x0000bffd) c.j     pc - 2
core   0: 0 0x00000000800000d0 (0xbffd)
core   0: 0x00000000800000ce (0x00000505) c.addi  a0, 1
core   0: 0 0x00000000800000ce (0x0505) x10 0x00000000000008bb
core   0: 0x00000000800000d0 (0x0000bffd) c.j     pc - 2
core   0: 0 0x00000000800000d0 (0xbffd)
core   0: 0x00000000800000ce (0x00000505) c.addi  a0, 1
core   0: 0 0x00000000800000ce (0x0505) x10 0x00000000000008bc
core   0: 0x00000000800000d0 (0x0000bffd) c.j     pc - 2
core   0: 0 0x00000000800000d0 (0xbffd)
core   0: 0x00000000800000ce (0x00000505) c.addi  a0, 1
core   0: 0 0x00000000800000ce (0x0505) x10 0x00000000000008bd
core   0: 0x00000000800000d0 (0x0000bffd) c.j     pc - 2
core   0: 0 0x00000000800000d0 (0xbffd)
core   0: 0x00000000800000ce (0x00000505) c.addi  a0, 1
core   0: 0 0x00000000800000ce (0x0505) x10 0x00000000000008be
core   0: 0x00000000800000d0 (0x0000bffd) c.j     pc - 2
core   0: 0 0x00000000800000d0 (0xbffd)
core   0: 0x00000000800000ce (0x00000505) c.addi  a0, 1
core   0: 0 0x00000000800000ce (0x0505) x10 0x00000000000008bf
core   0: 0x00000000800000d0 (0x0000bffd) c.j     pc - 2
core   0: 0 0x00000000800000d0 (0xbffd)
core   0: 0x00000000800000ce (0x00000505) c.addi  a0, 1
core   0: 0 0x00000000800000ce (0x0505) x10 0x00000000000008c0
core   0: 0x00000000800000d0 (0x0000bffd) c.j     pc - 2
core   0: 0 0x00000000800000d0 (0xbffd)
core   0: 0x00000000800000ce (0x00000505) c.addi  a0, 1
core   0: 0 0x00000000800000ce (0x0505) x10 0x00000000000008c1
core   0: 0x00000000800000d0 (0x0000bffd) c.j     pc - 2
core   0: 0 0x00000000800000d0 (0xbffd)
core   0: 0x00000000800000ce (0x00000505) c.addi  a0, 1
core   0: 0 0x00000000800000ce (0x0505) x10 0x00000000000008c2
core   0: 0x00000000800000d0 (0x0000bffd) c.j     pc - 2
core   0: 0 0x00000000800000d0 (0xbffd)
core   0: 0x00000000800000ce (0x00000505) c.addi  a0, 1
core   0: 0 0x00000000800000ce (0x0505) x10 0x00000000000008c3
core   0: 0x00000000800000d0 (0x0000bffd) c.j     pc - 2
core   0: 0 0x00000000800000d0 (0xbffd)
core   0: 0x00000000800000ce (0x00000505) c.addi  a0, 1
core   0: 0 0x00000000800000ce (0x0505) x10 0x00000000000008c4
core   0: 0x00000000800000d0 (0x0000bffd) c.j     pc - 2
core   0: 0 0x00000000800000d0 (0xbffd)
core   0: 0x00000000800000ce (0x00000505) c.addi  a0, 1
core   0: 0 0x00000000800000ce (0x0505) x10 0x00000000000008c5
core   0: 0x00000000800000d0 (0x0000bffd) c.j     pc - 2
core   0: 0 0x00000000800000d0 (0xbffd)
core   0: 0x00000000800000ce (0x00000505) c.addi  a0, 1
core   0: 0 0x00000000800000ce (0x0505) x10 0x00000000000008c6
core   0: 0x00000000800000d0 (0x0000bffd) c.j     pc - 2
core   0: 0 0x00000000800000d0 (0xbffd)
core   0: 0x00000000800000ce (0x00000505) c.addi  a0, 1
core   0: 0 0x00000000800000ce (0x0505) x10 0x00000000000008c7
core   0: 0x00000000800000d0 (0x0000bffd) c.j     pc - 2
core   0: 0 0x00000000800000d0 (0xbffd)
core   0: 0x00000000800000ce (0x00000505) c.addi  a0, 1
core   0: 0 0x00000000800000ce (0x0505) x10 0x00000000000008c8
core   0: 0x00000000800000d0 (0x0000bffd) c.j     pc - 2
core   0: 0 0x00000000800000d0 (0xbffd)
core   0: 0x00000000800000ce (0x00000505) c.addi  a0, 1
core   0: 0 0x00000000800000ce (0x0505) x10 0x00000000000008c9
core   0: 0x00000000800000d0 (0x0000bffd) c.j     pc - 2
core   0: 0 0x00000000800000d0 (0xbffd)
core   0: 0x00000000800000ce (0x00000505) c.addi  a0, 1
core   0: 0 0x00000000800000ce (0x0505) x10 0x00000000000008ca
core   0: 0x00000000800000d0 (0x0000bffd) c.j     pc - 2
core   0: 0 0x00000000800000d0 (0xbffd)
core   0: 0x00000000800000ce (0x00000505) c.addi  a0, 1
core   0: 0 0x00000000800000ce (0x0505) x10 0x00000000000008cb
core   0: 0x00000000800000d0 (0x0000bffd) c.j     pc - 2
core   0: 0 0x00000000800000d0 (0xbffd)
core   0: 0x00000000800000ce (0x00000505) c.addi  a0, 1
core   0: 0 0x00000000800000ce (0x0505) x10 0x00000000000008cc
core   0: 0x00000000800000d0 (0x0000bffd) c.j     pc - 2
core   0: 0 0x00000000800000d0 (0xbffd)
core   0: 0x00000000800000ce (0x00000505) c.addi  a0, 1
core   0: 0 0x00000000800000ce (0x0505) x10 0x00000000000008cd
core   0: 0x00000000800000d0 (0x0000bffd) c.j     pc - 2
core   0: 0 0x00000000800000d0 (0xbffd)
core   0: 0x00000000800000ce (0x00000505) c.addi  a0, 1
core   0: 0 0x00000000800000ce (0x0505) x10 0x00000000000008ce
core   0: 0x00000000800000d0 (0x0000bffd) c.j     pc - 2
core   0: 0 0x00000000800000d0 (0xbffd)
core   0: 0x00000000800000ce (0x00000505) c.addi  a0, 1
core   0: 0 0x00000000800000ce (0x0505) x10 0x00000000000008cf
core   0: 0x00000000800000d0 (0x0000bffd) c.j     pc - 2
core   0: 0 0x00000000800000d0 (0xbffd)
core   0: 0x00000000800000ce (0x00000505) c.addi  a0, 1
core   0: 0 0x00000000800000ce (0x0505) x10 0x00000000000008d0
core   0: 0x00000000800000d0 (0x0000bffd) c.j     pc - 2
core   0: 0 0x00000000800000d0 (0xbffd)
core   0: 0x00000000800000ce (0x00000505) c.addi  a0, 1
core   0: 0 0x00000000800000ce (0x0505) x10 0x00000000000008d1
core   0: 0x00000000800000d0 (0x0000bffd) c.j     pc - 2
core   0: 0 0x00000000800000d0 (0xbffd)
core   0: 0x00000000800000ce (0x00000505) c.addi  a0, 1
core   0: 0 0x00000000800000ce (0x0505) x10 0x00000000000008d2
core   0: 0x00000000800000d0 (0x0000bffd) c.j     pc - 2
core   0: 0 0x00000000800000d0 (0xbffd)
core   0: 0x00000000800000ce (0x00000505) c.addi  a0, 1
core   0: 0 0x00000000800000ce (0x0505) x10 0x00000000000008d3
core   0: 0x00000000800000d0 (0x0000bffd) c.j     pc - 2
core   0: 0 0x00000000800000d0 (0xbffd)
core   0: 0x00000000800000ce (0x00000505) c.addi  a0, 1
core   0: 0 0x00000000800000ce (0x0505) x10 0x00000000000008d4
core   0: 0x00000000800000d0 (0x0000bffd) c.j     pc - 2
core   0: 0 0x00000000800000d0 (0xbffd)
core   0: 0x00000000800000ce (0x00000505) c.addi  a0, 1
core   0: 0 0x00000000800000ce (0x0505) x10 0x00000000000008d5
core   0: 0x00000000800000d0 (0x0000bffd) c.j     pc - 2
core   0: 0 0x00000000800000d0 (0xbffd)
core   0: 0x00000000800000ce (0x00000505) c.addi  a0, 1
core   0: 0 0x00000000800000ce (0x0505) x10 0x00000000000008d6
core   0: 0x00000000800000d0 (0x0000bffd) c.j     pc - 2
core   0: 0 0x00000000800000d0 (0xbffd)
core   0: 0x00000000800000ce (0x00000505) c.addi  a0, 1
core   0: 0 0x00000000800000ce (0x0505) x10 0x00000000000008d7
core   0: 0x00000000800000d0 (0x0000bffd) c.j     pc - 2
core   0: 0 0x00000000800000d0 (0xbffd)
core   0: 0x00000000800000ce (0x00000505) c.addi  a0, 1
core   0: 0 0x00000000800000ce (0x0505) x10 0x00000000000008d8
core   0: 0x00000000800000d0 (0x0000bffd) c.j     pc - 2
core   0: 0 0x00000000800000d0 (0xbffd)
core   0: 0x00000000800000ce (0x00000505) c.addi  a0, 1
core   0: 0 0x00000000800000ce (0x0505) x10 0x00000000000008d9
core   0: 0x00000000800000d0 (0x0000bffd) c.j     pc - 2
core   0: 0 0x00000000800000d0 (0xbffd)
core   0: 0x00000000800000ce (0x00000505) c.addi  a0, 1
core   0: 0 0x00000000800000ce (0x0505) x10 0x00000000000008da
core   0: 0x00000000800000d0 (0x0000bffd) c.j     pc - 2
core   0: 0 0x00000000800000d0 (0xbffd)
core   0: 0x00000000800000ce (0x00000505) c.addi  a0, 1
core   0: 0 0x00000000800000ce (0x0505) x10 0x00000000000008db
core   0: 0x00000000800000d0 (0x0000bffd) c.j     pc - 2
core   0: 0 0x00000000800000d0 (0xbffd)
core   0: 0x00000000800000ce (0x00000505) c.addi  a0, 1
core   0: 0 0x00000000800000ce (0x0505) x10 0x00000000000008dc
core   0: 0x00000000800000d0 (0x0000bffd) c.j     pc - 2
core   0: 0 0x00000000800000d0 (0xbffd)
core   0: 0x00000000800000ce (0x00000505) c.addi  a0, 1
core   0: 0 0x00000000800000ce (0x0505) x10 0x00000000000008dd
core   0: 0x00000000800000d0 (0x0000bffd) c.j     pc - 2
core   0: 0 0x00000000800000d0 (0xbffd)
core   0: 0x00000000800000ce (0x00000505) c.addi  a0, 1
core   0: 0 0x00000000800000ce (0x0505) x10 0x00000000000008de
core   0: 0x00000000800000d0 (0x0000bffd) c.j     pc - 2
core   0: 0 0x00000000800000d0 (0xbffd)
core   0: 0x00000000800000ce (0x00000505) c.addi  a0, 1
core   0: 0 0x00000000800000ce (0x0505) x10 0x00000000000008df
core   0: 0x00000000800000d0 (0x0000bffd) c.j     pc - 2
core   0: 0 0x00000000800000d0 (0xbffd)
core   0: 0x00000000800000ce (0x00000505) c.addi  a0, 1
core   0: 0 0x00000000800000ce (0x0505) x10 0x00000000000008e0
core   0: 0x00000000800000d0 (0x0000bffd) c.j     pc - 2
core   0: 0 0x00000000800000d0 (0xbffd)
core   0: 0x00000000800000ce (0x00000505) c.addi  a0, 1
core   0: 0 0x00000000800000ce (0x0505) x10 0x00000000000008e1
core   0: 0x00000000800000d0 (0x0000bffd) c.j     pc - 2
core   0: 0 0x00000000800000d0 (0xbffd)
core   0: 0x00000000800000ce (0x00000505) c.addi  a0, 1
core   0: 0 0x00000000800000ce (0x0505) x10 0x00000000000008e2
core   0: 0x00000000800000d0 (0x0000bffd) c.j     pc - 2
core   0: 0 0x00000000800000d0 (0xbffd)
core   0: 0x00000000800000ce (0x00000505) c.addi  a0, 1
core   0: 0 0x00000000800000ce (0x0505) x10 0x00000000000008e3
core   0: 0x00000000800000d0 (0x0000bffd) c.j     pc - 2
core   0: 0 0x00000000800000d0 (0xbffd)
core   0: 0x00000000800000ce (0x00000505) c.addi  a0, 1
core   0: 0 0x00000000800000ce (0x0505) x10 0x00000000000008e4
core   0: 0x00000000800000d0 (0x0000bffd) c.j     pc - 2
core   0: 0 0x00000000800000d0 (0xbffd)
core   0: 0x00000000800000ce (0x00000505) c.addi  a0, 1
core   0: 0 0x00000000800000ce (0x0505) x10 0x00000000000008e5
core   0: 0x00000000800000d0 (0x0000bffd) c.j     pc - 2
core   0: 0 0x00000000800000d0 (0xbffd)
core   0: 0x00000000800000ce (0x00000505) c.addi  a0, 1
core   0: 0 0x00000000800000ce (0x0505) x10 0x00000000000008e6
core   0: 0x00000000800000d0 (0x0000bffd) c.j     pc - 2
core   0: 0 0x00000000800000d0 (0xbffd)
core   0: 0x00000000800000ce (0x00000505) c.addi  a0, 1
core   0: 0 0x00000000800000ce (0x0505) x10 0x00000000000008e7
core   0: 0x00000000800000d0 (0x0000bffd) c.j     pc - 2
core   0: 0 0x00000000800000d0 (0xbffd)
core   0: 0x00000000800000ce (0x00000505) c.addi  a0, 1
core   0: 0 0x00000000800000ce (0x0505) x10 0x00000000000008e8
core   0: 0x00000000800000d0 (0x0000bffd) c.j     pc - 2
core   0: 0 0x00000000800000d0 (0xbffd)
core   0: 0x00000000800000ce (0x00000505) c.addi  a0, 1
core   0: 0 0x00000000800000ce (0x0505) x10 0x00000000000008e9
core   0: 0x00000000800000d0 (0x0000bffd) c.j     pc - 2
core   0: 0 0x00000000800000d0 (0xbffd)
core   0: 0x00000000800000ce (0x00000505) c.addi  a0, 1
core   0: 0 0x00000000800000ce (0x0505) x10 0x00000000000008ea
core   0: 0x00000000800000d0 (0x0000bffd) c.j     pc - 2
core   0: 0 0x00000000800000d0 (0xbffd)
core   0: 0x00000000800000ce (0x00000505) c.addi  a0, 1
core   0: 0 0x00000000800000ce (0x0505) x10 0x00000000000008eb
core   0: 0x00000000800000d0 (0x0000bffd) c.j     pc - 2
core   0: 0 0x00000000800000d0 (0xbffd)
core   0: 0x00000000800000ce (0x00000505) c.addi  a0, 1
core   0: 0 0x00000000800000ce (0x0505) x10 0x00000000000008ec
core   0: 0x00000000800000d0 (0x0000bffd) c.j     pc - 2
core   0: 0 0x00000000800000d0 (0xbffd)
core   0: 0x00000000800000ce (0x00000505) c.addi  a0, 1
core   0: 0 0x00000000800000ce (0x0505) x10 0x00000000000008ed
core   0: 0x00000000800000d0 (0x0000bffd) c.j     pc - 2
core   0: 0 0x00000000800000d0 (0xbffd)
core   0: 0x00000000800000ce (0x00000505) c.addi  a0, 1
core   0: 0 0x00000000800000ce (0x0505) x10 0x00000000000008ee
core   0: 0x00000000800000d0 (0x0000bffd) c.j     pc - 2
core   0: 0 0x00000000800000d0 (0xbffd)
core   0: 0x00000000800000ce (0x00000505) c.addi  a0, 1
core   0: 0 0x00000000800000ce (0x0505) x10 0x00000000000008ef
core   0: 0x00000000800000d0 (0x0000bffd) c.j     pc - 2
core   0: 0 0x00000000800000d0 (0xbffd)
core   0: 0x00000000800000ce (0x00000505) c.addi  a0, 1
core   0: 0 0x00000000800000ce (0x0505) x10 0x00000000000008f0
core   0: 0x00000000800000d0 (0x0000bffd) c.j     pc - 2
core   0: 0 0x00000000800000d0 (0xbffd)
core   0: 0x00000000800000ce (0x00000505) c.addi  a0, 1
core   0: 0 0x00000000800000ce (0x0505) x10 0x00000000000008f1
core   0: 0x00000000800000d0 (0x0000bffd) c.j     pc - 2
core   0: 0 0x00000000800000d0 (0xbffd)
core   0: 0x00000000800000ce (0x00000505) c.addi  a0, 1
core   0: 0 0x00000000800000ce (0x0505) x10 0x00000000000008f2
core   0: 0x00000000800000d0 (0x0000bffd) c.j     pc - 2
core   0: 0 0x00000000800000d0 (0xbffd)
core   0: 0x00000000800000ce (0x00000505) c.addi  a0, 1
core   0: 0 0x00000000800000ce (0x0505) x10 0x00000000000008f3
core   0: 0x00000000800000d0 (0x0000bffd) c.j     pc - 2
core   0: 0 0x00000000800000d0 (0xbffd)
core   0: 0x00000000800000ce (0x00000505) c.addi  a0, 1
core   0: 0 0x00000000800000ce (0x0505) x10 0x00000000000008f4
core   0: 0x00000000800000d0 (0x0000bffd) c.j     pc - 2
core   0: 0 0x00000000800000d0 (0xbffd)
core   0: 0x00000000800000ce (0x00000505) c.addi  a0, 1
core   0: 0 0x00000000800000ce (0x0505) x10 0x00000000000008f5
core   0: 0x00000000800000d0 (0x0000bffd) c.j     pc - 2
core   0: 0 0x00000000800000d0 (0xbffd)
core   0: 0x00000000800000ce (0x00000505) c.addi  a0, 1
core   0: 0 0x00000000800000ce (0x0505) x10 0x00000000000008f6
core   0: 0x00000000800000d0 (0x0000bffd) c.j     pc - 2
core   0: 0 0x00000000800000d0 (0xbffd)
core   0: 0x00000000800000ce (0x00000505) c.addi  a0, 1
core   0: 0 0x00000000800000ce (0x0505) x10 0x00000000000008f7
core   0: 0x00000000800000d0 (0x0000bffd) c.j     pc - 2
core   0: 0 0x00000000800000d0 (0xbffd)
core   0: 0x00000000800000ce (0x00000505) c.addi  a0, 1
core   0: 0 0x00000000800000ce (0x0505) x10 0x00000000000008f8
core   0: 0x00000000800000d0 (0x0000bffd) c.j     pc - 2
core   0: 0 0x00000000800000d0 (0xbffd)
core   0: 0x00000000800000ce (0x00000505) c.addi  a0, 1
core   0: 0 0x00000000800000ce (0x0505) x10 0x00000000000008f9
core   0: 0x00000000800000d0 (0x0000bffd) c.j     pc - 2
core   0: 0 0x00000000800000d0 (0xbffd)
core   0: 0x00000000800000ce (0x00000505) c.addi  a0, 1
core   0: 0 0x00000000800000ce (0x0505) x10 0x00000000000008fa
core   0: 0x00000000800000d0 (0x0000bffd) c.j     pc - 2
core   0: 0 0x00000000800000d0 (0xbffd)
core   0: 0x00000000800000ce (0x00000505) c.addi  a0, 1
core   0: 0 0x00000000800000ce (0x0505) x10 0x00000000000008fb
core   0: 0x00000000800000d0 (0x0000bffd) c.j     pc - 2
core   0: 0 0x00000000800000d0 (0xbffd)
core   0: 0x00000000800000ce (0x00000505) c.addi  a0, 1
core   0: 0 0x00000000800000ce (0x0505) x10 0x00000000000008fc
core   0: 0x00000000800000d0 (0x0000bffd) c.j     pc - 2
core   0: 0 0x00000000800000d0 (0xbffd)
core   0: 0x00000000800000ce (0x00000505) c.addi  a0, 1
core   0: 0 0x00000000800000ce (0x0505) x10 0x00000000000008fd
core   0: 0x00000000800000d0 (0x0000bffd) c.j     pc - 2
core   0: 0 0x00000000800000d0 (0xbffd)
core   0: 0x00000000800000ce (0x00000505) c.addi  a0, 1
core   0: 0 0x00000000800000ce (0x0505) x10 0x00000000000008fe
core   0: 0x00000000800000d0 (0x0000bffd) c.j     pc - 2
core   0: 0 0x00000000800000d0 (0xbffd)
core   0: 0x00000000800000ce (0x00000505) c.addi  a0, 1
core   0: 0 0x00000000800000ce (0x0505) x10 0x00000000000008ff
core   0: 0x00000000800000d0 (0x0000bffd) c.j     pc - 2
core   0: 0 0x00000000800000d0 (0xbffd)
core   0: 0x00000000800000ce (0x00000505) c.addi  a0, 1
core   0: 0 0x00000000800000ce (0x0505) x10 0x0000000000000900
core   0: 0x00000000800000d0 (0x0000bffd) c.j     pc - 2
core   0: 0 0x00000000800000d0 (0xbffd)
core   0: 0x00000000800000ce (0x00000505) c.addi  a0, 1
core   0: 0 0x00000000800000ce (0x0505) x10 0x0000000000000901
core   0: 0x00000000800000d0 (0x0000bffd) c.j     pc - 2
core   0: 0 0x00000000800000d0 (0xbffd)
core   0: 0x00000000800000ce (0x00000505) c.addi  a0, 1
core   0: 0 0x00000000800000ce (0x0505) x10 0x0000000000000902
core   0: 0x00000000800000d0 (0x0000bffd) c.j     pc - 2
core   0: 0 0x00000000800000d0 (0xbffd)
core   0: 0x00000000800000ce (0x00000505) c.addi  a0, 1
core   0: 0 0x00000000800000ce (0x0505) x10 0x0000000000000903
core   0: 0x00000000800000d0 (0x0000bffd) c.j     pc - 2
core   0: 0 0x00000000800000d0 (0xbffd)
core   0: 0x00000000800000ce (0x00000505) c.addi  a0, 1
core   0: 0 0x00000000800000ce (0x0505) x10 0x0000000000000904
core   0: 0x00000000800000d0 (0x0000bffd) c.j     pc - 2
core   0: 0 0x00000000800000d0 (0xbffd)
core   0: 0x00000000800000ce (0x00000505) c.addi  a0, 1
core   0: 0 0x00000000800000ce (0x0505) x10 0x0000000000000905
core   0: 0x00000000800000d0 (0x0000bffd) c.j     pc - 2
core   0: 0 0x00000000800000d0 (0xbffd)
core   0: 0x00000000800000ce (0x00000505) c.addi  a0, 1
core   0: 0 0x00000000800000ce (0x0505) x10 0x0000000000000906
core   0: 0x00000000800000d0 (0x0000bffd) c.j     pc - 2
core   0: 0 0x00000000800000d0 (0xbffd)
core   0: 0x00000000800000ce (0x00000505) c.addi  a0, 1
core   0: 0 0x00000000800000ce (0x0505) x10 0x0000000000000907
core   0: 0x00000000800000d0 (0x0000bffd) c.j     pc - 2
core   0: 0 0x00000000800000d0 (0xbffd)
core   0: 0x00000000800000ce (0x00000505) c.addi  a0, 1
core   0: 0 0x00000000800000ce (0x0505) x10 0x0000000000000908
core   0: 0x00000000800000d0 (0x0000bffd) c.j     pc - 2
core   0: 0 0x00000000800000d0 (0xbffd)
core   0: 0x00000000800000ce (0x00000505) c.addi  a0, 1
core   0: 0 0x00000000800000ce (0x0505) x10 0x0000000000000909
core   0: 0x00000000800000d0 (0x0000bffd) c.j     pc - 2
core   0: 0 0x00000000800000d0 (0xbffd)
core   0: 0x00000000800000ce (0x00000505) c.addi  a0, 1
core   0: 0 0x00000000800000ce (0x0505) x10 0x000000000000090a
core   0: 0x00000000800000d0 (0x0000bffd) c.j     pc - 2
core   0: 0 0x00000000800000d0 (0xbffd)
core   0: 0x00000000800000ce (0x00000505) c.addi  a0, 1
core   0: 0 0x00000000800000ce (0x0505) x10 0x000000000000090b
core   0: 0x00000000800000d0 (0x0000bffd) c.j     pc - 2
core   0: 0 0x00000000800000d0 (0xbffd)
core   0: 0x00000000800000ce (0x00000505) c.addi  a0, 1
core   0: 0 0x00000000800000ce (0x0505) x10 0x000000000000090c
core   0: 0x00000000800000d0 (0x0000bffd) c.j     pc - 2
core   0: 0 0x00000000800000d0 (0xbffd)
core   0: 0x00000000800000ce (0x00000505) c.addi  a0, 1
core   0: 0 0x00000000800000ce (0x0505) x10 0x000000000000090d
core   0: 0x00000000800000d0 (0x0000bffd) c.j     pc - 2
core   0: 0 0x00000000800000d0 (0xbffd)
core   0: 0x00000000800000ce (0x00000505) c.addi  a0, 1
core   0: 0 0x00000000800000ce (0x0505) x10 0x000000000000090e
core   0: 0x00000000800000d0 (0x0000bffd) c.j     pc - 2
core   0: 0 0x00000000800000d0 (0xbffd)
core   0: 0x00000000800000ce (0x00000505) c.addi  a0, 1
core   0: 0 0x00000000800000ce (0x0505) x10 0x000000000000090f
core   0: 0x00000000800000d0 (0x0000bffd) c.j     pc - 2
core   0: 0 0x00000000800000d0 (0xbffd)
core   0: 0x00000000800000ce (0x00000505) c.addi  a0, 1
core   0: 0 0x00000000800000ce (0x0505) x10 0x0000000000000910
core   0: 0x00000000800000d0 (0x0000bffd) c.j     pc - 2
core   0: 0 0x00000000800000d0 (0xbffd)
core   0: 0x00000000800000ce (0x00000505) c.addi  a0, 1
core   0: 0 0x00000000800000ce (0x0505) x10 0x0000000000000911
core   0: 0x00000000800000d0 (0x0000bffd) c.j     pc - 2
core   0: 0 0x00000000800000d0 (0xbffd)
core   0: 0x00000000800000ce (0x00000505) c.addi  a0, 1
core   0: 0 0x00000000800000ce (0x0505) x10 0x0000000000000912
core   0: 0x00000000800000d0 (0x0000bffd) c.j     pc - 2
core   0: 0 0x00000000800000d0 (0xbffd)
core   0: 0x00000000800000ce (0x00000505) c.addi  a0, 1
core   0: 0 0x00000000800000ce (0x0505) x10 0x0000000000000913
core   0: 0x00000000800000d0 (0x0000bffd) c.j     pc - 2
core   0: 0 0x00000000800000d0 (0xbffd)
core   0: 0x00000000800000ce (0x00000505) c.addi  a0, 1
core   0: 0 0x00000000800000ce (0x0505) x10 0x0000000000000914
core   0: 0x00000000800000d0 (0x0000bffd) c.j     pc - 2
core   0: 0 0x00000000800000d0 (0xbffd)
core   0: 0x00000000800000ce (0x00000505) c.addi  a0, 1
core   0: 0 0x00000000800000ce (0x0505) x10 0x0000000000000915
core   0: 0x00000000800000d0 (0x0000bffd) c.j     pc - 2
core   0: 0 0x00000000800000d0 (0xbffd)
core   0: 0x00000000800000ce (0x00000505) c.addi  a0, 1
core   0: 0 0x00000000800000ce (0x0505) x10 0x0000000000000916
core   0: 0x00000000800000d0 (0x0000bffd) c.j     pc - 2
core   0: 0 0x00000000800000d0 (0xbffd)
core   0: 0x00000000800000ce (0x00000505) c.addi  a0, 1
core   0: 0 0x00000000800000ce (0x0505) x10 0x0000000000000917
core   0: 0x00000000800000d0 (0x0000bffd) c.j     pc - 2
core   0: 0 0x00000000800000d0 (0xbffd)
core   0: 0x00000000800000ce (0x00000505) c.addi  a0, 1
core   0: 0 0x00000000800000ce (0x0505) x10 0x0000000000000918
core   0: 0x00000000800000d0 (0x0000bffd) c.j     pc - 2
core   0: 0 0x00000000800000d0 (0xbffd)
core   0: 0x00000000800000ce (0x00000505) c.addi  a0, 1
core   0: 0 0x00000000800000ce (0x0505) x10 0x0000000000000919
core   0: 0x00000000800000d0 (0x0000bffd) c.j     pc - 2
core   0: 0 0x00000000800000d0 (0xbffd)
core   0: 0x00000000800000ce (0x00000505) c.addi  a0, 1
core   0: 0 0x00000000800000ce (0x0505) x10 0x000000000000091a
core   0: 0x00000000800000d0 (0x0000bffd) c.j     pc - 2
core   0: 0 0x00000000800000d0 (0xbffd)
core   0: 0x00000000800000ce (0x00000505) c.addi  a0, 1
core   0: 0 0x00000000800000ce (0x0505) x10 0x000000000000091b
core   0: 0x00000000800000d0 (0x0000bffd) c.j     pc - 2
core   0: 0 0x00000000800000d0 (0xbffd)
core   0: 0x00000000800000ce (0x00000505) c.addi  a0, 1
core   0: 0 0x00000000800000ce (0x0505) x10 0x000000000000091c
core   0: 0x00000000800000d0 (0x0000bffd) c.j     pc - 2
core   0: 0 0x00000000800000d0 (0xbffd)
core   0: 0x00000000800000ce (0x00000505) c.addi  a0, 1
core   0: 0 0x00000000800000ce (0x0505) x10 0x000000000000091d
core   0: 0x00000000800000d0 (0x0000bffd) c.j     pc - 2
core   0: 0 0x00000000800000d0 (0xbffd)
core   0: 0x00000000800000ce (0x00000505) c.addi  a0, 1
core   0: 0 0x00000000800000ce (0x0505) x10 0x000000000000091e
core   0: 0x00000000800000d0 (0x0000bffd) c.j     pc - 2
core   0: 0 0x00000000800000d0 (0xbffd)
core   0: 0x00000000800000ce (0x00000505) c.addi  a0, 1
core   0: 0 0x00000000800000ce (0x0505) x10 0x000000000000091f
core   0: 0x00000000800000d0 (0x0000bffd) c.j     pc - 2
core   0: 0 0x00000000800000d0 (0xbffd)
core   0: 0x00000000800000ce (0x00000505) c.addi  a0, 1
core   0: 0 0x00000000800000ce (0x0505) x10 0x0000000000000920
core   0: 0x00000000800000d0 (0x0000bffd) c.j     pc - 2
core   0: 0 0x00000000800000d0 (0xbffd)
core   0: 0x00000000800000ce (0x00000505) c.addi  a0, 1
core   0: 0 0x00000000800000ce (0x0505) x10 0x0000000000000921
core   0: 0x00000000800000d0 (0x0000bffd) c.j     pc - 2
core   0: 0 0x00000000800000d0 (0xbffd)
core   0: 0x00000000800000ce (0x00000505) c.addi  a0, 1
core   0: 0 0x00000000800000ce (0x0505) x10 0x0000000000000922
core   0: 0x00000000800000d0 (0x0000bffd) c.j     pc - 2
core   0: 0 0x00000000800000d0 (0xbffd)
core   0: 0x00000000800000ce (0x00000505) c.addi  a0, 1
core   0: 0 0x00000000800000ce (0x0505) x10 0x0000000000000923
core   0: 0x00000000800000d0 (0x0000bffd) c.j     pc - 2
core   0: 0 0x00000000800000d0 (0xbffd)
core   0: 0x00000000800000ce (0x00000505) c.addi  a0, 1
core   0: 0 0x00000000800000ce (0x0505) x10 0x0000000000000924
core   0: 0x00000000800000d0 (0x0000bffd) c.j     pc - 2
core   0: 0 0x00000000800000d0 (0xbffd)
core   0: 0x00000000800000ce (0x00000505) c.addi  a0, 1
core   0: 0 0x00000000800000ce (0x0505) x10 0x0000000000000925
core   0: 0x00000000800000d0 (0x0000bffd) c.j     pc - 2
core   0: 0 0x00000000800000d0 (0xbffd)
core   0: 0x00000000800000ce (0x00000505) c.addi  a0, 1
core   0: 0 0x00000000800000ce (0x0505) x10 0x0000000000000926
core   0: 0x00000000800000d0 (0x0000bffd) c.j     pc - 2
core   0: 0 0x00000000800000d0 (0xbffd)
core   0: 0x00000000800000ce (0x00000505) c.addi  a0, 1
core   0: 0 0x00000000800000ce (0x0505) x10 0x0000000000000927
core   0: 0x00000000800000d0 (0x0000bffd) c.j     pc - 2
core   0: 0 0x00000000800000d0 (0xbffd)
core   0: 0x00000000800000ce (0x00000505) c.addi  a0, 1
core   0: 0 0x00000000800000ce (0x0505) x10 0x0000000000000928
core   0: 0x00000000800000d0 (0x0000bffd) c.j     pc - 2
core   0: 0 0x00000000800000d0 (0xbffd)
core   0: 0x00000000800000ce (0x00000505) c.addi  a0, 1
core   0: 0 0x00000000800000ce (0x0505) x10 0x0000000000000929
core   0: 0x00000000800000d0 (0x0000bffd) c.j     pc - 2
core   0: 0 0x00000000800000d0 (0xbffd)
core   0: 0x00000000800000ce (0x00000505) c.addi  a0, 1
core   0: 0 0x00000000800000ce (0x0505) x10 0x000000000000092a
core   0: 0x00000000800000d0 (0x0000bffd) c.j     pc - 2
core   0: 0 0x00000000800000d0 (0xbffd)
core   0: 0x00000000800000ce (0x00000505) c.addi  a0, 1
core   0: 0 0x00000000800000ce (0x0505) x10 0x000000000000092b
core   0: 0x00000000800000d0 (0x0000bffd) c.j     pc - 2
core   0: 0 0x00000000800000d0 (0xbffd)
core   0: 0x00000000800000ce (0x00000505) c.addi  a0, 1
core   0: 0 0x00000000800000ce (0x0505) x10 0x000000000000092c
core   0: 0x00000000800000d0 (0x0000bffd) c.j     pc - 2
core   0: 0 0x00000000800000d0 (0xbffd)
core   0: 0x00000000800000ce (0x00000505) c.addi  a0, 1
core   0: 0 0x00000000800000ce (0x0505) x10 0x000000000000092d
core   0: 0x00000000800000d0 (0x0000bffd) c.j     pc - 2
core   0: 0 0x00000000800000d0 (0xbffd)
core   0: 0x00000000800000ce (0x00000505) c.addi  a0, 1
core   0: 0 0x00000000800000ce (0x0505) x10 0x000000000000092e
core   0: 0x00000000800000d0 (0x0000bffd) c.j     pc - 2
core   0: 0 0x00000000800000d0 (0xbffd)
core   0: 0x00000000800000ce (0x00000505) c.addi  a0, 1
core   0: 0 0x00000000800000ce (0x0505) x10 0x000000000000092f
core   0: 0x00000000800000d0 (0x0000bffd) c.j     pc - 2
core   0: 0 0x00000000800000d0 (0xbffd)
core   0: 0x00000000800000ce (0x00000505) c.addi  a0, 1
core   0: 0 0x00000000800000ce (0x0505) x10 0x0000000000000930
core   0: 0x00000000800000d0 (0x0000bffd) c.j     pc - 2
core   0: 0 0x00000000800000d0 (0xbffd)
core   0: 0x00000000800000ce (0x00000505) c.addi  a0, 1
core   0: 0 0x00000000800000ce (0x0505) x10 0x0000000000000931
core   0: 0x00000000800000d0 (0x0000bffd) c.j     pc - 2
core   0: 0 0x00000000800000d0 (0xbffd)
core   0: 0x00000000800000ce (0x00000505) c.addi  a0, 1
core   0: 0 0x00000000800000ce (0x0505) x10 0x0000000000000932
core   0: 0x00000000800000d0 (0x0000bffd) c.j     pc - 2
core   0: 0 0x00000000800000d0 (0xbffd)
core   0: 0x00000000800000ce (0x00000505) c.addi  a0, 1
core   0: 0 0x00000000800000ce (0x0505) x10 0x0000000000000933
core   0: 0x00000000800000d0 (0x0000bffd) c.j     pc - 2
core   0: 0 0x00000000800000d0 (0xbffd)
core   0: 0x00000000800000ce (0x00000505) c.addi  a0, 1
core   0: 0 0x00000000800000ce (0x0505) x10 0x0000000000000934
core   0: 0x00000000800000d0 (0x0000bffd) c.j     pc - 2
core   0: 0 0x00000000800000d0 (0xbffd)
core   0: 0x00000000800000ce (0x00000505) c.addi  a0, 1
core   0: 0 0x00000000800000ce (0x0505) x10 0x0000000000000935
core   0: 0x00000000800000d0 (0x0000bffd) c.j     pc - 2
core   0: 0 0x00000000800000d0 (0xbffd)
core   0: 0x00000000800000ce (0x00000505) c.addi  a0, 1
core   0: 0 0x00000000800000ce (0x0505) x10 0x0000000000000936
core   0: 0x00000000800000d0 (0x0000bffd) c.j     pc - 2
core   0: 0 0x00000000800000d0 (0xbffd)
core   0: 0x00000000800000ce (0x00000505) c.addi  a0, 1
core   0: 0 0x00000000800000ce (0x0505) x10 0x0000000000000937
core   0: 0x00000000800000d0 (0x0000bffd) c.j     pc - 2
core   0: 0 0x00000000800000d0 (0xbffd)
core   0: 0x00000000800000ce (0x00000505) c.addi  a0, 1
core   0: 0 0x00000000800000ce (0x0505) x10 0x0000000000000938
core   0: 0x00000000800000d0 (0x0000bffd) c.j     pc - 2
core   0: 0 0x00000000800000d0 (0xbffd)
core   0: 0x00000000800000ce (0x00000505) c.addi  a0, 1
core   0: 0 0x00000000800000ce (0x0505) x10 0x0000000000000939
core   0: 0x00000000800000d0 (0x0000bffd) c.j     pc - 2
core   0: 0 0x00000000800000d0 (0xbffd)
core   0: 0x00000000800000ce (0x00000505) c.addi  a0, 1
core   0: 0 0x00000000800000ce (0x0505) x10 0x000000000000093a
core   0: 0x00000000800000d0 (0x0000bffd) c.j     pc - 2
core   0: 0 0x00000000800000d0 (0xbffd)
core   0: 0x00000000800000ce (0x00000505) c.addi  a0, 1
core   0: 0 0x00000000800000ce (0x0505) x10 0x000000000000093b
core   0: 0x00000000800000d0 (0x0000bffd) c.j     pc - 2
core   0: 0 0x00000000800000d0 (0xbffd)
core   0: 0x00000000800000ce (0x00000505) c.addi  a0, 1
core   0: 0 0x00000000800000ce (0x0505) x10 0x000000000000093c
core   0: 0x00000000800000d0 (0x0000bffd) c.j     pc - 2
core   0: 0 0x00000000800000d0 (0xbffd)
core   0: 0x00000000800000ce (0x00000505) c.addi  a0, 1
core   0: 0 0x00000000800000ce (0x0505) x10 0x000000000000093d
core   0: 0x00000000800000d0 (0x0000bffd) c.j     pc - 2
core   0: 0 0x00000000800000d0 (0xbffd)
core   0: 0x00000000800000ce (0x00000505) c.addi  a0, 1
core   0: 0 0x00000000800000ce (0x0505) x10 0x000000000000093e
core   0: 0x00000000800000d0 (0x0000bffd) c.j     pc - 2
core   0: 0 0x00000000800000d0 (0xbffd)
core   0: 0x00000000800000ce (0x00000505) c.addi  a0, 1
core   0: 0 0x00000000800000ce (0x0505) x10 0x000000000000093f
core   0: 0x00000000800000d0 (0x0000bffd) c.j     pc - 2
core   0: 0 0x00000000800000d0 (0xbffd)
core   0: 0x00000000800000ce (0x00000505) c.addi  a0, 1
core   0: 0 0x00000000800000ce (0x0505) x10 0x0000000000000940
core   0: 0x00000000800000d0 (0x0000bffd) c.j     pc - 2
core   0: 0 0x00000000800000d0 (0xbffd)
core   0: 0x00000000800000ce (0x00000505) c.addi  a0, 1
core   0: 0 0x00000000800000ce (0x0505) x10 0x0000000000000941
core   0: 0x00000000800000d0 (0x0000bffd) c.j     pc - 2
core   0: 0 0x00000000800000d0 (0xbffd)
core   0: 0x00000000800000ce (0x00000505) c.addi  a0, 1
core   0: 0 0x00000000800000ce (0x0505) x10 0x0000000000000942
core   0: 0x00000000800000d0 (0x0000bffd) c.j     pc - 2
core   0: 0 0x00000000800000d0 (0xbffd)
core   0: 0x00000000800000ce (0x00000505) c.addi  a0, 1
core   0: 0 0x00000000800000ce (0x0505) x10 0x0000000000000943
core   0: 0x00000000800000d0 (0x0000bffd) c.j     pc - 2
core   0: 0 0x00000000800000d0 (0xbffd)
core   0: 0x00000000800000ce (0x00000505) c.addi  a0, 1
core   0: 0 0x00000000800000ce (0x0505) x10 0x0000000000000944
core   0: 0x00000000800000d0 (0x0000bffd) c.j     pc - 2
core   0: 0 0x00000000800000d0 (0xbffd)
core   0: 0x00000000800000ce (0x00000505) c.addi  a0, 1
core   0: 0 0x00000000800000ce (0x0505) x10 0x0000000000000945
core   0: 0x00000000800000d0 (0x0000bffd) c.j     pc - 2
core   0: 0 0x00000000800000d0 (0xbffd)
core   0: 0x00000000800000ce (0x00000505) c.addi  a0, 1
core   0: 0 0x00000000800000ce (0x0505) x10 0x0000000000000946
core   0: 0x00000000800000d0 (0x0000bffd) c.j     pc - 2
core   0: 0 0x00000000800000d0 (0xbffd)
core   0: 0x00000000800000ce (0x00000505) c.addi  a0, 1
core   0: 0 0x00000000800000ce (0x0505) x10 0x0000000000000947
core   0: 0x00000000800000d0 (0x0000bffd) c.j     pc - 2
core   0: 0 0x00000000800000d0 (0xbffd)
core   0: 0x00000000800000ce (0x00000505) c.addi  a0, 1
core   0: 0 0x00000000800000ce (0x0505) x10 0x0000000000000948
core   0: 0x00000000800000d0 (0x0000bffd) c.j     pc - 2
core   0: 0 0x00000000800000d0 (0xbffd)
core   0: 0x00000000800000ce (0x00000505) c.addi  a0, 1
core   0: 0 0x00000000800000ce (0x0505) x10 0x0000000000000949
core   0: 0x00000000800000d0 (0x0000bffd) c.j     pc - 2
core   0: 0 0x00000000800000d0 (0xbffd)
core   0: 0x00000000800000ce (0x00000505) c.addi  a0, 1
core   0: 0 0x00000000800000ce (0x0505) x10 0x000000000000094a
core   0: 0x00000000800000d0 (0x0000bffd) c.j     pc - 2
core   0: 0 0x00000000800000d0 (0xbffd)
core   0: 0x00000000800000ce (0x00000505) c.addi  a0, 1
core   0: 0 0x00000000800000ce (0x0505) x10 0x000000000000094b
core   0: 0x00000000800000d0 (0x0000bffd) c.j     pc - 2
core   0: 0 0x00000000800000d0 (0xbffd)
core   0: 0x00000000800000ce (0x00000505) c.addi  a0, 1
core   0: 0 0x00000000800000ce (0x0505) x10 0x000000000000094c
core   0: 0x00000000800000d0 (0x0000bffd) c.j     pc - 2
core   0: 0 0x00000000800000d0 (0xbffd)
core   0: 0x00000000800000ce (0x00000505) c.addi  a0, 1
core   0: 0 0x00000000800000ce (0x0505) x10 0x000000000000094d
core   0: 0x00000000800000d0 (0x0000bffd) c.j     pc - 2
core   0: 0 0x00000000800000d0 (0xbffd)
core   0: 0x00000000800000ce (0x00000505) c.addi  a0, 1
core   0: 0 0x00000000800000ce (0x0505) x10 0x000000000000094e
core   0: 0x00000000800000d0 (0x0000bffd) c.j     pc - 2
core   0: 0 0x00000000800000d0 (0xbffd)
core   0: 0x00000000800000ce (0x00000505) c.addi  a0, 1
core   0: 0 0x00000000800000ce (0x0505) x10 0x000000000000094f
core   0: 0x00000000800000d0 (0x0000bffd) c.j     pc - 2
core   0: 0 0x00000000800000d0 (0xbffd)
core   0: 0x00000000800000ce (0x00000505) c.addi  a0, 1
core   0: 0 0x00000000800000ce (0x0505) x10 0x0000000000000950
core   0: 0x00000000800000d0 (0x0000bffd) c.j     pc - 2
core   0: 0 0x00000000800000d0 (0xbffd)
core   0: 0x00000000800000ce (0x00000505) c.addi  a0, 1
core   0: 0 0x00000000800000ce (0x0505) x10 0x0000000000000951
core   0: 0x00000000800000d0 (0x0000bffd) c.j     pc - 2
core   0: 0 0x00000000800000d0 (0xbffd)
core   0: 0x00000000800000ce (0x00000505) c.addi  a0, 1
core   0: 0 0x00000000800000ce (0x0505) x10 0x0000000000000952
core   0: 0x00000000800000d0 (0x0000bffd) c.j     pc - 2
core   0: 0 0x00000000800000d0 (0xbffd)
core   0: 0x00000000800000ce (0x00000505) c.addi  a0, 1
core   0: 0 0x00000000800000ce (0x0505) x10 0x0000000000000953
core   0: 0x00000000800000d0 (0x0000bffd) c.j     pc - 2
core   0: 0 0x00000000800000d0 (0xbffd)
core   0: 0x00000000800000ce (0x00000505) c.addi  a0, 1
core   0: 0 0x00000000800000ce (0x0505) x10 0x0000000000000954
core   0: 0x00000000800000d0 (0x0000bffd) c.j     pc - 2
core   0: 0 0x00000000800000d0 (0xbffd)
core   0: 0x00000000800000ce (0x00000505) c.addi  a0, 1
core   0: 0 0x00000000800000ce (0x0505) x10 0x0000000000000955
core   0: 0x00000000800000d0 (0x0000bffd) c.j     pc - 2
core   0: 0 0x00000000800000d0 (0xbffd)
core   0: 0x00000000800000ce (0x00000505) c.addi  a0, 1
core   0: 0 0x00000000800000ce (0x0505) x10 0x0000000000000956
core   0: 0x00000000800000d0 (0x0000bffd) c.j     pc - 2
core   0: 0 0x00000000800000d0 (0xbffd)
core   0: 0x00000000800000ce (0x00000505) c.addi  a0, 1
core   0: 0 0x00000000800000ce (0x0505) x10 0x0000000000000957
core   0: 0x00000000800000d0 (0x0000bffd) c.j     pc - 2
core   0: 0 0x00000000800000d0 (0xbffd)
core   0: 0x00000000800000ce (0x00000505) c.addi  a0, 1
core   0: 0 0x00000000800000ce (0x0505) x10 0x0000000000000958
core   0: 0x00000000800000d0 (0x0000bffd) c.j     pc - 2
core   0: 0 0x00000000800000d0 (0xbffd)
core   0: 0x00000000800000ce (0x00000505) c.addi  a0, 1
core   0: 0 0x00000000800000ce (0x0505) x10 0x0000000000000959
core   0: 0x00000000800000d0 (0x0000bffd) c.j     pc - 2
core   0: 0 0x00000000800000d0 (0xbffd)
core   0: 0x00000000800000ce (0x00000505) c.addi  a0, 1
core   0: 0 0x00000000800000ce (0x0505) x10 0x000000000000095a
core   0: 0x00000000800000d0 (0x0000bffd) c.j     pc - 2
core   0: 0 0x00000000800000d0 (0xbffd)
core   0: 0x00000000800000ce (0x00000505) c.addi  a0, 1
core   0: 0 0x00000000800000ce (0x0505) x10 0x000000000000095b
core   0: 0x00000000800000d0 (0x0000bffd) c.j     pc - 2
core   0: 0 0x00000000800000d0 (0xbffd)
core   0: 0x00000000800000ce (0x00000505) c.addi  a0, 1
core   0: 0 0x00000000800000ce (0x0505) x10 0x000000000000095c
core   0: 0x00000000800000d0 (0x0000bffd) c.j     pc - 2
core   0: 0 0x00000000800000d0 (0xbffd)
core   0: 0x00000000800000ce (0x00000505) c.addi  a0, 1
core   0: 0 0x00000000800000ce (0x0505) x10 0x000000000000095d
core   0: 0x00000000800000d0 (0x0000bffd) c.j     pc - 2
core   0: 0 0x00000000800000d0 (0xbffd)
core   0: 0x00000000800000ce (0x00000505) c.addi  a0, 1
core   0: 0 0x00000000800000ce (0x0505) x10 0x000000000000095e
core   0: 0x00000000800000d0 (0x0000bffd) c.j     pc - 2
core   0: 0 0x00000000800000d0 (0xbffd)
core   0: 0x00000000800000ce (0x00000505) c.addi  a0, 1
core   0: 0 0x00000000800000ce (0x0505) x10 0x000000000000095f
core   0: 0x00000000800000d0 (0x0000bffd) c.j     pc - 2
core   0: 0 0x00000000800000d0 (0xbffd)
core   0: 0x00000000800000ce (0x00000505) c.addi  a0, 1
core   0: 0 0x00000000800000ce (0x0505) x10 0x0000000000000960
core   0: 0x00000000800000d0 (0x0000bffd) c.j     pc - 2
core   0: 0 0x00000000800000d0 (0xbffd)
core   0: 0x00000000800000ce (0x00000505) c.addi  a0, 1
core   0: 0 0x00000000800000ce (0x0505) x10 0x0000000000000961
core   0: 0x00000000800000d0 (0x0000bffd) c.j     pc - 2
core   0: 0 0x00000000800000d0 (0xbffd)
core   0: 0x00000000800000ce (0x00000505) c.addi  a0, 1
core   0: 0 0x00000000800000ce (0x0505) x10 0x0000000000000962
core   0: 0x00000000800000d0 (0x0000bffd) c.j     pc - 2
core   0: 0 0x00000000800000d0 (0xbffd)
core   0: 0x00000000800000ce (0x00000505) c.addi  a0, 1
core   0: 0 0x00000000800000ce (0x0505) x10 0x0000000000000963
core   0: 0x00000000800000d0 (0x0000bffd) c.j     pc - 2
core   0: 0 0x00000000800000d0 (0xbffd)
core   0: 0x00000000800000ce (0x00000505) c.addi  a0, 1
core   0: 0 0x00000000800000ce (0x0505) x10 0x0000000000000964
core   0: 0x00000000800000d0 (0x0000bffd) c.j     pc - 2
core   0: 0 0x00000000800000d0 (0xbffd)
core   0: 0x00000000800000ce (0x00000505) c.addi  a0, 1
core   0: 0 0x00000000800000ce (0x0505) x10 0x0000000000000965
core   0: 0x00000000800000d0 (0x0000bffd) c.j     pc - 2
core   0: 0 0x00000000800000d0 (0xbffd)
core   0: 0x00000000800000ce (0x00000505) c.addi  a0, 1
core   0: 0 0x00000000800000ce (0x0505) x10 0x0000000000000966
core   0: 0x00000000800000d0 (0x0000bffd) c.j     pc - 2
core   0: 0 0x00000000800000d0 (0xbffd)
core   0: 0x00000000800000ce (0x00000505) c.addi  a0, 1
core   0: 0 0x00000000800000ce (0x0505) x10 0x0000000000000967
core   0: 0x00000000800000d0 (0x0000bffd) c.j     pc - 2
core   0: 0 0x00000000800000d0 (0xbffd)
core   0: 0x00000000800000ce (0x00000505) c.addi  a0, 1
core   0: 0 0x00000000800000ce (0x0505) x10 0x0000000000000968
core   0: 0x00000000800000d0 (0x0000bffd) c.j     pc - 2
core   0: 0 0x00000000800000d0 (0xbffd)
core   0: 0x00000000800000ce (0x00000505) c.addi  a0, 1
core   0: 0 0x00000000800000ce (0x0505) x10 0x0000000000000969
core   0: 0x00000000800000d0 (0x0000bffd) c.j     pc - 2
core   0: 0 0x00000000800000d0 (0xbffd)
core   0: 0x00000000800000ce (0x00000505) c.addi  a0, 1
core   0: 0 0x00000000800000ce (0x0505) x10 0x000000000000096a
core   0: 0x00000000800000d0 (0x0000bffd) c.j     pc - 2
core   0: 0 0x00000000800000d0 (0xbffd)
core   0: 0x00000000800000ce (0x00000505) c.addi  a0, 1
core   0: 0 0x00000000800000ce (0x0505) x10 0x000000000000096b
core   0: 0x00000000800000d0 (0x0000bffd) c.j     pc - 2
core   0: 0 0x00000000800000d0 (0xbffd)
core   0: 0x00000000800000ce (0x00000505) c.addi  a0, 1
core   0: 0 0x00000000800000ce (0x0505) x10 0x000000000000096c
core   0: 0x00000000800000d0 (0x0000bffd) c.j     pc - 2
core   0: 0 0x00000000800000d0 (0xbffd)
core   0: 0x00000000800000ce (0x00000505) c.addi  a0, 1
core   0: 0 0x00000000800000ce (0x0505) x10 0x000000000000096d
core   0: 0x00000000800000d0 (0x0000bffd) c.j     pc - 2
core   0: 0 0x00000000800000d0 (0xbffd)
core   0: 0x00000000800000ce (0x00000505) c.addi  a0, 1
core   0: 0 0x00000000800000ce (0x0505) x10 0x000000000000096e
core   0: 0x00000000800000d0 (0x0000bffd) c.j     pc - 2
core   0: 0 0x00000000800000d0 (0xbffd)
core   0: 0x00000000800000ce (0x00000505) c.addi  a0, 1
core   0: 0 0x00000000800000ce (0x0505) x10 0x000000000000096f
core   0: 0x00000000800000d0 (0x0000bffd) c.j     pc - 2
core   0: 0 0x00000000800000d0 (0xbffd)
core   0: 0x00000000800000ce (0x00000505) c.addi  a0, 1
core   0: 0 0x00000000800000ce (0x0505) x10 0x0000000000000970
core   0: 0x00000000800000d0 (0x0000bffd) c.j     pc - 2
core   0: 0 0x00000000800000d0 (0xbffd)
core   0: 0x00000000800000ce (0x00000505) c.addi  a0, 1
core   0: 0 0x00000000800000ce (0x0505) x10 0x0000000000000971
core   0: 0x00000000800000d0 (0x0000bffd) c.j     pc - 2
core   0: 0 0x00000000800000d0 (0xbffd)
core   0: 0x00000000800000ce (0x00000505) c.addi  a0, 1
core   0: 0 0x00000000800000ce (0x0505) x10 0x0000000000000972
core   0: 0x00000000800000d0 (0x0000bffd) c.j     pc - 2
core   0: 0 0x00000000800000d0 (0xbffd)
core   0: 0x00000000800000ce (0x00000505) c.addi  a0, 1
core   0: 0 0x00000000800000ce (0x0505) x10 0x0000000000000973
core   0: 0x00000000800000d0 (0x0000bffd) c.j     pc - 2
core   0: 0 0x00000000800000d0 (0xbffd)
core   0: 0x00000000800000ce (0x00000505) c.addi  a0, 1
core   0: 0 0x00000000800000ce (0x0505) x10 0x0000000000000974
core   0: 0x00000000800000d0 (0x0000bffd) c.j     pc - 2
core   0: 0 0x00000000800000d0 (0xbffd)
core   0: 0x00000000800000ce (0x00000505) c.addi  a0, 1
core   0: 0 0x00000000800000ce (0x0505) x10 0x0000000000000975
core   0: 0x00000000800000d0 (0x0000bffd) c.j     pc - 2
core   0: 0 0x00000000800000d0 (0xbffd)
core   0: 0x00000000800000ce (0x00000505) c.addi  a0, 1
core   0: 0 0x00000000800000ce (0x0505) x10 0x0000000000000976
core   0: 0x00000000800000d0 (0x0000bffd) c.j     pc - 2
core   0: 0 0x00000000800000d0 (0xbffd)
core   0: 0x00000000800000ce (0x00000505) c.addi  a0, 1
core   0: 0 0x00000000800000ce (0x0505) x10 0x0000000000000977
core   0: 0x00000000800000d0 (0x0000bffd) c.j     pc - 2
core   0: 0 0x00000000800000d0 (0xbffd)
core   0: 0x00000000800000ce (0x00000505) c.addi  a0, 1
core   0: 0 0x00000000800000ce (0x0505) x10 0x0000000000000978
core   0: 0x00000000800000d0 (0x0000bffd) c.j     pc - 2
core   0: 0 0x00000000800000d0 (0xbffd)
core   0: 0x00000000800000ce (0x00000505) c.addi  a0, 1
core   0: 0 0x00000000800000ce (0x0505) x10 0x0000000000000979
core   0: 0x00000000800000d0 (0x0000bffd) c.j     pc - 2
core   0: 0 0x00000000800000d0 (0xbffd)
core   0: 0x00000000800000ce (0x00000505) c.addi  a0, 1
core   0: 0 0x00000000800000ce (0x0505) x10 0x000000000000097a
core   0: 0x00000000800000d0 (0x0000bffd) c.j     pc - 2
core   0: 0 0x00000000800000d0 (0xbffd)
core   0: 0x00000000800000ce (0x00000505) c.addi  a0, 1
core   0: 0 0x00000000800000ce (0x0505) x10 0x000000000000097b
core   0: 0x00000000800000d0 (0x0000bffd) c.j     pc - 2
core   0: 0 0x00000000800000d0 (0xbffd)
core   0: 0x00000000800000ce (0x00000505) c.addi  a0, 1
core   0: 0 0x00000000800000ce (0x0505) x10 0x000000000000097c
core   0: 0x00000000800000d0 (0x0000bffd) c.j     pc - 2
core   0: 0 0x00000000800000d0 (0xbffd)
core   0: 0x00000000800000ce (0x00000505) c.addi  a0, 1
core   0: 0 0x00000000800000ce (0x0505) x10 0x000000000000097d
core   0: 0x00000000800000d0 (0x0000bffd) c.j     pc - 2
core   0: 0 0x00000000800000d0 (0xbffd)
core   0: 0x00000000800000ce (0x00000505) c.addi  a0, 1
core   0: 0 0x00000000800000ce (0x0505) x10 0x000000000000097e
core   0: 0x00000000800000d0 (0x0000bffd) c.j     pc - 2
core   0: 0 0x00000000800000d0 (0xbffd)
core   0: 0x00000000800000ce (0x00000505) c.addi  a0, 1
core   0: 0 0x00000000800000ce (0x0505) x10 0x000000000000097f
core   0: 0x00000000800000d0 (0x0000bffd) c.j     pc - 2
core   0: 0 0x00000000800000d0 (0xbffd)
core   0: 0x00000000800000ce (0x00000505) c.addi  a0, 1
core   0: 0 0x00000000800000ce (0x0505) x10 0x0000000000000980
core   0: 0x00000000800000d0 (0x0000bffd) c.j     pc - 2
core   0: 0 0x00000000800000d0 (0xbffd)
core   0: 0x00000000800000ce (0x00000505) c.addi  a0, 1
core   0: 0 0x00000000800000ce (0x0505) x10 0x0000000000000981
core   0: 0x00000000800000d0 (0x0000bffd) c.j     pc - 2
core   0: 0 0x00000000800000d0 (0xbffd)
core   0: 0x00000000800000ce (0x00000505) c.addi  a0, 1
core   0: 0 0x00000000800000ce (0x0505) x10 0x0000000000000982
core   0: 0x00000000800000d0 (0x0000bffd) c.j     pc - 2
core   0: 0 0x00000000800000d0 (0xbffd)
core   0: 0x00000000800000ce (0x00000505) c.addi  a0, 1
core   0: 0 0x00000000800000ce (0x0505) x10 0x0000000000000983
core   0: 0x00000000800000d0 (0x0000bffd) c.j     pc - 2
core   0: 0 0x00000000800000d0 (0xbffd)
core   0: 0x00000000800000ce (0x00000505) c.addi  a0, 1
core   0: 0 0x00000000800000ce (0x0505) x10 0x0000000000000984
core   0: 0x00000000800000d0 (0x0000bffd) c.j     pc - 2
core   0: 0 0x00000000800000d0 (0xbffd)
core   0: 0x00000000800000ce (0x00000505) c.addi  a0, 1
core   0: 0 0x00000000800000ce (0x0505) x10 0x0000000000000985
core   0: 0x00000000800000d0 (0x0000bffd) c.j     pc - 2
core   0: 0 0x00000000800000d0 (0xbffd)
core   0: 0x00000000800000ce (0x00000505) c.addi  a0, 1
core   0: 0 0x00000000800000ce (0x0505) x10 0x0000000000000986
core   0: 0x00000000800000d0 (0x0000bffd) c.j     pc - 2
core   0: 0 0x00000000800000d0 (0xbffd)
core   0: 0x00000000800000ce (0x00000505) c.addi  a0, 1
core   0: 0 0x00000000800000ce (0x0505) x10 0x0000000000000987
core   0: 0x00000000800000d0 (0x0000bffd) c.j     pc - 2
core   0: 0 0x00000000800000d0 (0xbffd)
core   0: 0x00000000800000ce (0x00000505) c.addi  a0, 1
core   0: 0 0x00000000800000ce (0x0505) x10 0x0000000000000988
core   0: 0x00000000800000d0 (0x0000bffd) c.j     pc - 2
core   0: 0 0x00000000800000d0 (0xbffd)
core   0: 0x00000000800000ce (0x00000505) c.addi  a0, 1
core   0: 0 0x00000000800000ce (0x0505) x10 0x0000000000000989
core   0: 0x00000000800000d0 (0x0000bffd) c.j     pc - 2
core   0: 0 0x00000000800000d0 (0xbffd)
core   0: 0x00000000800000ce (0x00000505) c.addi  a0, 1
core   0: 0 0x00000000800000ce (0x0505) x10 0x000000000000098a
core   0: 0x00000000800000d0 (0x0000bffd) c.j     pc - 2
core   0: 0 0x00000000800000d0 (0xbffd)
core   0: 0x00000000800000ce (0x00000505) c.addi  a0, 1
core   0: 0 0x00000000800000ce (0x0505) x10 0x000000000000098b
core   0: 0x00000000800000d0 (0x0000bffd) c.j     pc - 2
core   0: 0 0x00000000800000d0 (0xbffd)
core   0: 0x00000000800000ce (0x00000505) c.addi  a0, 1
core   0: 0 0x00000000800000ce (0x0505) x10 0x000000000000098c
core   0: 0x00000000800000d0 (0x0000bffd) c.j     pc - 2
core   0: 0 0x00000000800000d0 (0xbffd)
core   0: 0x00000000800000ce (0x00000505) c.addi  a0, 1
core   0: 0 0x00000000800000ce (0x0505) x10 0x000000000000098d
core   0: 0x00000000800000d0 (0x0000bffd) c.j     pc - 2
core   0: 0 0x00000000800000d0 (0xbffd)
core   0: 0x00000000800000ce (0x00000505) c.addi  a0, 1
core   0: 0 0x00000000800000ce (0x0505) x10 0x000000000000098e
core   0: 0x00000000800000d0 (0x0000bffd) c.j     pc - 2
core   0: 0 0x00000000800000d0 (0xbffd)
core   0: 0x00000000800000ce (0x00000505) c.addi  a0, 1
core   0: 0 0x00000000800000ce (0x0505) x10 0x000000000000098f
core   0: 0x00000000800000d0 (0x0000bffd) c.j     pc - 2
core   0: 0 0x00000000800000d0 (0xbffd)
core   0: 0x00000000800000ce (0x00000505) c.addi  a0, 1
core   0: 0 0x00000000800000ce (0x0505) x10 0x0000000000000990
core   0: 0x00000000800000d0 (0x0000bffd) c.j     pc - 2
core   0: 0 0x00000000800000d0 (0xbffd)
core   0: 0x00000000800000ce (0x00000505) c.addi  a0, 1
core   0: 0 0x00000000800000ce (0x0505) x10 0x0000000000000991
core   0: 0x00000000800000d0 (0x0000bffd) c.j     pc - 2
core   0: 0 0x00000000800000d0 (0xbffd)
core   0: 0x00000000800000ce (0x00000505) c.addi  a0, 1
core   0: 0 0x00000000800000ce (0x0505) x10 0x0000000000000992
core   0: 0x00000000800000d0 (0x0000bffd) c.j     pc - 2
core   0: 0 0x00000000800000d0 (0xbffd)
core   0: 0x00000000800000ce (0x00000505) c.addi  a0, 1
core   0: 0 0x00000000800000ce (0x0505) x10 0x0000000000000993
core   0: 0x00000000800000d0 (0x0000bffd) c.j     pc - 2
core   0: 0 0x00000000800000d0 (0xbffd)
core   0: 0x00000000800000ce (0x00000505) c.addi  a0, 1
core   0: 0 0x00000000800000ce (0x0505) x10 0x0000000000000994
core   0: 0x00000000800000d0 (0x0000bffd) c.j     pc - 2
core   0: 0 0x00000000800000d0 (0xbffd)
core   0: 0x00000000800000ce (0x00000505) c.addi  a0, 1
core   0: 0 0x00000000800000ce (0x0505) x10 0x0000000000000995
core   0: 0x00000000800000d0 (0x0000bffd) c.j     pc - 2
core   0: 0 0x00000000800000d0 (0xbffd)
core   0: 0x00000000800000ce (0x00000505) c.addi  a0, 1
core   0: 0 0x00000000800000ce (0x0505) x10 0x0000000000000996
core   0: 0x00000000800000d0 (0x0000bffd) c.j     pc - 2
core   0: 0 0x00000000800000d0 (0xbffd)
core   0: 0x00000000800000ce (0x00000505) c.addi  a0, 1
core   0: 0 0x00000000800000ce (0x0505) x10 0x0000000000000997
core   0: 0x00000000800000d0 (0x0000bffd) c.j     pc - 2
core   0: 0 0x00000000800000d0 (0xbffd)
core   0: 0x00000000800000ce (0x00000505) c.addi  a0, 1
core   0: 0 0x00000000800000ce (0x0505) x10 0x0000000000000998
core   0: 0x00000000800000d0 (0x0000bffd) c.j     pc - 2
core   0: 0 0x00000000800000d0 (0xbffd)
core   0: 0x00000000800000ce (0x00000505) c.addi  a0, 1
core   0: 0 0x00000000800000ce (0x0505) x10 0x0000000000000999
core   0: 0x00000000800000d0 (0x0000bffd) c.j     pc - 2
core   0: 0 0x00000000800000d0 (0xbffd)
core   0: 0x00000000800000ce (0x00000505) c.addi  a0, 1
core   0: 0 0x00000000800000ce (0x0505) x10 0x000000000000099a
core   0: 0x00000000800000d0 (0x0000bffd) c.j     pc - 2
core   0: 0 0x00000000800000d0 (0xbffd)
core   0: 0x00000000800000ce (0x00000505) c.addi  a0, 1
core   0: 0 0x00000000800000ce (0x0505) x10 0x000000000000099b
core   0: 0x00000000800000d0 (0x0000bffd) c.j     pc - 2
core   0: 0 0x00000000800000d0 (0xbffd)
core   0: 0x00000000800000ce (0x00000505) c.addi  a0, 1
core   0: 0 0x00000000800000ce (0x0505) x10 0x000000000000099c
core   0: 0x00000000800000d0 (0x0000bffd) c.j     pc - 2
core   0: 0 0x00000000800000d0 (0xbffd)
core   0: 0x00000000800000ce (0x00000505) c.addi  a0, 1
core   0: 0 0x00000000800000ce (0x0505) x10 0x000000000000099d
core   0: 0x00000000800000d0 (0x0000bffd) c.j     pc - 2
core   0: 0 0x00000000800000d0 (0xbffd)
core   0: 0x00000000800000ce (0x00000505) c.addi  a0, 1
core   0: 0 0x00000000800000ce (0x0505) x10 0x000000000000099e
core   0: 0x00000000800000d0 (0x0000bffd) c.j     pc - 2
core   0: 0 0x00000000800000d0 (0xbffd)
core   0: 0x00000000800000ce (0x00000505) c.addi  a0, 1
core   0: 0 0x00000000800000ce (0x0505) x10 0x000000000000099f
core   0: 0x00000000800000d0 (0x0000bffd) c.j     pc - 2
core   0: 0 0x00000000800000d0 (0xbffd)
core   0: 0x00000000800000ce (0x00000505) c.addi  a0, 1
core   0: 0 0x00000000800000ce (0x0505) x10 0x00000000000009a0
core   0: 0x00000000800000d0 (0x0000bffd) c.j     pc - 2
core   0: 0 0x00000000800000d0 (0xbffd)
core   0: 0x00000000800000ce (0x00000505) c.addi  a0, 1
core   0: 0 0x00000000800000ce (0x0505) x10 0x00000000000009a1
core   0: 0x00000000800000d0 (0x0000bffd) c.j     pc - 2
core   0: 0 0x00000000800000d0 (0xbffd)
core   0: 0x00000000800000ce (0x00000505) c.addi  a0, 1
core   0: 0 0x00000000800000ce (0x0505) x10 0x00000000000009a2
core   0: 0x00000000800000d0 (0x0000bffd) c.j     pc - 2
core   0: 0 0x00000000800000d0 (0xbffd)
core   0: 0x00000000800000ce (0x00000505) c.addi  a0, 1
core   0: 0 0x00000000800000ce (0x0505) x10 0x00000000000009a3
core   0: 0x00000000800000d0 (0x0000bffd) c.j     pc - 2
core   0: 0 0x00000000800000d0 (0xbffd)
core   0: 0x00000000800000ce (0x00000505) c.addi  a0, 1
core   0: 0 0x00000000800000ce (0x0505) x10 0x00000000000009a4
core   0: 0x00000000800000d0 (0x0000bffd) c.j     pc - 2
core   0: 0 0x00000000800000d0 (0xbffd)
core   0: 0x00000000800000ce (0x00000505) c.addi  a0, 1
core   0: 0 0x00000000800000ce (0x0505) x10 0x00000000000009a5
core   0: 0x00000000800000d0 (0x0000bffd) c.j     pc - 2
core   0: 0 0x00000000800000d0 (0xbffd)
core   0: exception interrupt #5, epc 0x00000000800000ce
core   0: >>>>  s_mode_trap_handler
core   0: 0x00000000800000d4 (0x142022f3) csrr    t0, scause
core   0: 1 0x00000000800000d4 (0x142022f3) x5  0x8000000000000005
core   0: 0x00000000800000d8 (0x0202c263) bltz    t0, pc + 36
core   0: 1 0x00000000800000d8 (0x0202c263)
core   0: >>>>  Stimer_check
core   0: 0x00000000800000fc (0x00000405) c.addi  s0, 1
core   0: 1 0x00000000800000fc (0x0405) x8  0x0000000000000001
core   0: 0x00000000800000fe (0x00000001) c.nop
core   0: 1 0x00000000800000fe (0x0001)
core   0: >>>>  m_trap_handler
core   0: 0x0000000080000100 (0x00000485) c.addi  s1, 1
core   0: 1 0x0000000080000100 (0x0485) x9  0x0000000000000001
core   0: >>>>  pass
core   0: 0x0000000080000102 (0x00004585) c.li    a1, 1
core   0: 1 0x0000000080000102 (0x4585) x11 0x0000000000000001
core   0: 0x0000000080000104 (0x0000a011) c.j     pc + 4
core   0: 1 0x0000000080000104 (0xa011)
core   0: >>>>  htif_exit
core   0: 0x0000000080000108 (0x00000297) auipc   t0, 0x0
core   0: 1 0x0000000080000108 (0x00000297) x5  0x0000000080000108
core   0: 0x000000008000010c (0x03828293) addi    t0, t0, 56
core   0: 1 0x000000008000010c (0x03828293) x5  0x0000000080000140
core   0: 0x0000000080000110 (0x00b2b023) sd      a1, 0(t0)
core   0: 1 0x0000000080000110 (0x00b2b023) mem 0x0000000080000140 0x0000000000000001
core   0: 0x0000000080000114 (0x0000a001) c.j     pc + 0
core   0: 1 0x0000000080000114 (0xa001)
core   0: 1 0x0000000080000114 (0xa001)
core   0: 1 0x0000000080000114 (0xa001)
core   0: 1 0x0000000080000114 (0xa001)
core   0: 1 0x0000000080000114 (0xa001)
core   0: 1 0x0000000080000114 (0xa001)
core   0: 1 0x0000000080000114 (0xa001)
core   0: 1 0x0000000080000114 (0xa001)
core   0: 1 0x0000000080000114 (0xa001)
core   0: 1 0x0000000080000114 (0xa001)
core   0: 1 0x0000000080000114 (0xa001)
core   0: 1 0x0000000080000114 (0xa001)
core   0: 1 0x0000000080000114 (0xa001)
core   0: 1 0x0000000080000114 (0xa001)
core   0: 1 0x0000000080000114 (0xa001)
core   0: 1 0x0000000080000114 (0xa001)
core   0: 1 0x0000000080000114 (0xa001)
core   0: 1 0x0000000080000114 (0xa001)
core   0: 1 0x0000000080000114 (0xa001)
core   0: 1 0x0000000080000114 (0xa001)
core   0: 1 0x0000000080000114 (0xa001)
core   0: 1 0x0000000080000114 (0xa001)
core   0: 1 0x0000000080000114 (0xa001)
core   0: 1 0x0000000080000114 (0xa001)
core   0: 1 0x0000000080000114 (0xa001)
core   0: 1 0x0000000080000114 (0xa001)
core   0: 1 0x0000000080000114 (0xa001)
core   0: 1 0x0000000080000114 (0xa001)
core   0: 1 0x0000000080000114 (0xa001)
core   0: 1 0x0000000080000114 (0xa001)
core   0: 1 0x0000000080000114 (0xa001)
core   0: 1 0x0000000080000114 (0xa001)
core   0: 1 0x0000000080000114 (0xa001)
core   0: 1 0x0000000080000114 (0xa001)
core   0: 1 0x0000000080000114 (0xa001)
core   0: 1 0x0000000080000114 (0xa001)
core   0: 1 0x0000000080000114 (0xa001)
core   0: 1 0x0000000080000114 (0xa001)
core   0: 1 0x0000000080000114 (0xa001)
core   0: 1 0x0000000080000114 (0xa001)
core   0: 1 0x0000000080000114 (0xa001)
core   0: 1 0x0000000080000114 (0xa001)
core   0: 1 0x0000000080000114 (0xa001)
core   0: 1 0x0000000080000114 (0xa001)
core   0: 1 0x0000000080000114 (0xa001)
core   0: 1 0x0000000080000114 (0xa001)
core   0: 1 0x0000000080000114 (0xa001)
core   0: 1 0x0000000080000114 (0xa001)
core   0: 1 0x0000000080000114 (0xa001)
core   0: 1 0x0000000080000114 (0xa001)
core   0: 1 0x0000000080000114 (0xa001)
core   0: 1 0x0000000080000114 (0xa001)
core   0: 1 0x0000000080000114 (0xa001)
core   0: 1 0x0000000080000114 (0xa001)
core   0: 1 0x0000000080000114 (0xa001)
core   0: 1 0x0000000080000114 (0xa001)
core   0: 1 0x0000000080000114 (0xa001)
core   0: 1 0x0000000080000114 (0xa001)
core   0: 1 0x0000000080000114 (0xa001)
core   0: 1 0x0000000080000114 (0xa001)
core   0: 1 0x0000000080000114 (0xa001)
core   0: 1 0x0000000080000114 (0xa001)
core   0: 1 0x0000000080000114 (0xa001)
core   0: 1 0x0000000080000114 (0xa001)
core   0: 1 0x0000000080000114 (0xa001)
core   0: 1 0x0000000080000114 (0xa001)
core   0: 1 0x0000000080000114 (0xa001)
core   0: 1 0x0000000080000114 (0xa001)
core   0: 1 0x0000000080000114 (0xa001)
core   0: 1 0x0000000080000114 (0xa001)
core   0: 1 0x0000000080000114 (0xa001)
core   0: 1 0x0000000080000114 (0xa001)
core   0: 1 0x0000000080000114 (0xa001)
core   0: 1 0x0000000080000114 (0xa001)
core   0: 1 0x0000000080000114 (0xa001)
core   0: 1 0x0000000080000114 (0xa001)
core   0: 1 0x0000000080000114 (0xa001)
core   0: 1 0x0000000080000114 (0xa001)
core   0: 1 0x0000000080000114 (0xa001)
core   0: 1 0x0000000080000114 (0xa001)
core   0: 1 0x0000000080000114 (0xa001)
core   0: 1 0x0000000080000114 (0xa001)
core   0: 1 0x0000000080000114 (0xa001)
core   0: 1 0x0000000080000114 (0xa001)
core   0: 1 0x0000000080000114 (0xa001)
core   0: 1 0x0000000080000114 (0xa001)
core   0: 1 0x0000000080000114 (0xa001)
core   0: 1 0x0000000080000114 (0xa001)
core   0: 1 0x0000000080000114 (0xa001)
core   0: 1 0x0000000080000114 (0xa001)
core   0: 1 0x0000000080000114 (0xa001)
core   0: 1 0x0000000080000114 (0xa001)
core   0: 1 0x0000000080000114 (0xa001)
core   0: 1 0x0000000080000114 (0xa001)
core   0: 1 0x0000000080000114 (0xa001)
core   0: 1 0x0000000080000114 (0xa001)
core   0: 1 0x0000000080000114 (0xa001)
core   0: 1 0x0000000080000114 (0xa001)
core   0: 1 0x0000000080000114 (0xa001)
core   0: 1 0x0000000080000114 (0xa001)
core   0: 1 0x0000000080000114 (0xa001)
core   0: 1 0x0000000080000114 (0xa001)
core   0: 1 0x0000000080000114 (0xa001)
core   0: 1 0x0000000080000114 (0xa001)
core   0: 1 0x0000000080000114 (0xa001)
core   0: 1 0x0000000080000114 (0xa001)
core   0: 1 0x0000000080000114 (0xa001)
core   0: 1 0x0000000080000114 (0xa001)
core   0: 1 0x0000000080000114 (0xa001)
core   0: 1 0x0000000080000114 (0xa001)
core   0: 1 0x0000000080000114 (0xa001)
core   0: 1 0x0000000080000114 (0xa001)
core   0: 1 0x0000000080000114 (0xa001)
core   0: 1 0x0000000080000114 (0xa001)
core   0: 1 0x0000000080000114 (0xa001)
core   0: 1 0x0000000080000114 (0xa001)
core   0: 1 0x0000000080000114 (0xa001)
core   0: 1 0x0000000080000114 (0xa001)
core   0: 1 0x0000000080000114 (0xa001)
core   0: 1 0x0000000080000114 (0xa001)
core   0: 1 0x0000000080000114 (0xa001)
core   0: 1 0x0000000080000114 (0xa001)
core   0: 1 0x0000000080000114 (0xa001)
core   0: 1 0x0000000080000114 (0xa001)
core   0: 1 0x0000000080000114 (0xa001)
core   0: 1 0x0000000080000114 (0xa001)
core   0: 1 0x0000000080000114 (0xa001)
core   0: 1 0x0000000080000114 (0xa001)
core   0: 1 0x0000000080000114 (0xa001)
core   0: 1 0x0000000080000114 (0xa001)
core   0: 1 0x0000000080000114 (0xa001)
core   0: 1 0x0000000080000114 (0xa001)
core   0: 1 0x0000000080000114 (0xa001)
core   0: 1 0x0000000080000114 (0xa001)
core   0: 1 0x0000000080000114 (0xa001)
core   0: 1 0x0000000080000114 (0xa001)
core   0: 1 0x0000000080000114 (0xa001)
core   0: 1 0x0000000080000114 (0xa001)
core   0: 1 0x0000000080000114 (0xa001)
core   0: 1 0x0000000080000114 (0xa001)
core   0: 1 0x0000000080000114 (0xa001)
core   0: 1 0x0000000080000114 (0xa001)
core   0: 1 0x0000000080000114 (0xa001)
core   0: 1 0x0000000080000114 (0xa001)
core   0: 1 0x0000000080000114 (0xa001)
core   0: 1 0x0000000080000114 (0xa001)
core   0: 1 0x0000000080000114 (0xa001)
core   0: 1 0x0000000080000114 (0xa001)
core   0: 1 0x0000000080000114 (0xa001)
core   0: 1 0x0000000080000114 (0xa001)
core   0: 1 0x0000000080000114 (0xa001)
core   0: 1 0x0000000080000114 (0xa001)
core   0: 1 0x0000000080000114 (0xa001)
core   0: 1 0x0000000080000114 (0xa001)
core   0: 1 0x0000000080000114 (0xa001)
core   0: 1 0x0000000080000114 (0xa001)
core   0: 1 0x0000000080000114 (0xa001)
core   0: 1 0x0000000080000114 (0xa001)
core   0: 1 0x0000000080000114 (0xa001)
core   0: 1 0x0000000080000114 (0xa001)
core   0: 1 0x0000000080000114 (0xa001)
core   0: 1 0x0000000080000114 (0xa001)
core   0: 1 0x0000000080000114 (0xa001)
core   0: 1 0x0000000080000114 (0xa001)
core   0: 1 0x0000000080000114 (0xa001)
core   0: 1 0x0000000080000114 (0xa001)
core   0: 1 0x0000000080000114 (0xa001)
core   0: 1 0x0000000080000114 (0xa001)
core   0: 1 0x0000000080000114 (0xa001)
core   0: 1 0x0000000080000114 (0xa001)
core   0: 1 0x0000000080000114 (0xa001)
core   0: 1 0x0000000080000114 (0xa001)
core   0: 1 0x0000000080000114 (0xa001)
core   0: 1 0x0000000080000114 (0xa001)
core   0: 1 0x0000000080000114 (0xa001)
core   0: 1 0x0000000080000114 (0xa001)
core   0: 1 0x0000000080000114 (0xa001)
core   0: 1 0x0000000080000114 (0xa001)
core   0: 1 0x0000000080000114 (0xa001)
core   0: 1 0x0000000080000114 (0xa001)
core   0: 1 0x0000000080000114 (0xa001)
core   0: 1 0x0000000080000114 (0xa001)
core   0: 1 0x0000000080000114 (0xa001)
core   0: 1 0x0000000080000114 (0xa001)
core   0: 1 0x0000000080000114 (0xa001)
core   0: 1 0x0000000080000114 (0xa001)
core   0: 1 0x0000000080000114 (0xa001)
core   0: 1 0x0000000080000114 (0xa001)
core   0: 1 0x0000000080000114 (0xa001)
core   0: 1 0x0000000080000114 (0xa001)
core   0: 1 0x0000000080000114 (0xa001)
core   0: 1 0x0000000080000114 (0xa001)
core   0: 1 0x0000000080000114 (0xa001)
core   0: 1 0x0000000080000114 (0xa001)
core   0: 1 0x0000000080000114 (0xa001)
core   0: 1 0x0000000080000114 (0xa001)
core   0: 1 0x0000000080000114 (0xa001)
core   0: 1 0x0000000080000114 (0xa001)
core   0: 1 0x0000000080000114 (0xa001)
core   0: 1 0x0000000080000114 (0xa001)
core   0: 1 0x0000000080000114 (0xa001)
core   0: 1 0x0000000080000114 (0xa001)
core   0: 1 0x0000000080000114 (0xa001)
core   0: 1 0x0000000080000114 (0xa001)
core   0: 1 0x0000000080000114 (0xa001)
core   0: 1 0x0000000080000114 (0xa001)
core   0: 1 0x0000000080000114 (0xa001)
core   0: 1 0x0000000080000114 (0xa001)
core   0: 1 0x0000000080000114 (0xa001)
core   0: 1 0x0000000080000114 (0xa001)
core   0: 1 0x0000000080000114 (0xa001)
core   0: 1 0x0000000080000114 (0xa001)
core   0: 1 0x0000000080000114 (0xa001)
core   0: 1 0x0000000080000114 (0xa001)
core   0: 1 0x0000000080000114 (0xa001)
core   0: 1 0x0000000080000114 (0xa001)
core   0: 1 0x0000000080000114 (0xa001)
core   0: 1 0x0000000080000114 (0xa001)
core   0: 1 0x0000000080000114 (0xa001)
core   0: 1 0x0000000080000114 (0xa001)
core   0: 1 0x0000000080000114 (0xa001)
core   0: 1 0x0000000080000114 (0xa001)
core   0: 1 0x0000000080000114 (0xa001)
core   0: 1 0x0000000080000114 (0xa001)
core   0: 1 0x0000000080000114 (0xa001)
core   0: 1 0x0000000080000114 (0xa001)
core   0: 1 0x0000000080000114 (0xa001)
core   0: 1 0x0000000080000114 (0xa001)
core   0: 1 0x0000000080000114 (0xa001)
core   0: 1 0x0000000080000114 (0xa001)
core   0: 1 0x0000000080000114 (0xa001)
core   0: 1 0x0000000080000114 (0xa001)
core   0: 1 0x0000000080000114 (0xa001)
core   0: 1 0x0000000080000114 (0xa001)
core   0: 1 0x0000000080000114 (0xa001)
core   0: 1 0x0000000080000114 (0xa001)
core   0: 1 0x0000000080000114 (0xa001)
core   0: 1 0x0000000080000114 (0xa001)
core   0: 1 0x0000000080000114 (0xa001)
core   0: 1 0x0000000080000114 (0xa001)
core   0: 1 0x0000000080000114 (0xa001)
core   0: 1 0x0000000080000114 (0xa001)
core   0: 1 0x0000000080000114 (0xa001)
core   0: 1 0x0000000080000114 (0xa001)
core   0: 1 0x0000000080000114 (0xa001)
core   0: 1 0x0000000080000114 (0xa001)
core   0: 1 0x0000000080000114 (0xa001)
core   0: 1 0x0000000080000114 (0xa001)
core   0: 1 0x0000000080000114 (0xa001)
core   0: 1 0x0000000080000114 (0xa001)
core   0: 1 0x0000000080000114 (0xa001)
core   0: 1 0x0000000080000114 (0xa001)
core   0: 1 0x0000000080000114 (0xa001)
core   0: 1 0x0000000080000114 (0xa001)
core   0: 1 0x0000000080000114 (0xa001)
core   0: 1 0x0000000080000114 (0xa001)
core   0: 1 0x0000000080000114 (0xa001)
core   0: 1 0x0000000080000114 (0xa001)
core   0: 1 0x0000000080000114 (0xa001)
core   0: 1 0x0000000080000114 (0xa001)
core   0: 1 0x0000000080000114 (0xa001)
core   0: 1 0x0000000080000114 (0xa001)
core   0: 1 0x0000000080000114 (0xa001)
core   0: 1 0x0000000080000114 (0xa001)
core   0: 1 0x0000000080000114 (0xa001)
core   0: 1 0x0000000080000114 (0xa001)
core   0: 1 0x0000000080000114 (0xa001)
core   0: 1 0x0000000080000114 (0xa001)
core   0: 1 0x0000000080000114 (0xa001)
core   0: 1 0x0000000080000114 (0xa001)
core   0: 1 0x0000000080000114 (0xa001)
core   0: 1 0x0000000080000114 (0xa001)
core   0: 1 0x0000000080000114 (0xa001)
core   0: 1 0x0000000080000114 (0xa001)
core   0: 1 0x0000000080000114 (0xa001)
core   0: 1 0x0000000080000114 (0xa001)
core   0: 1 0x0000000080000114 (0xa001)
core   0: 1 0x0000000080000114 (0xa001)
core   0: 1 0x0000000080000114 (0xa001)
core   0: 1 0x0000000080000114 (0xa001)
core   0: 1 0x0000000080000114 (0xa001)
core   0: 1 0x0000000080000114 (0xa001)
core   0: 1 0x0000000080000114 (0xa001)
core   0: 1 0x0000000080000114 (0xa001)
core   0: 1 0x0000000080000114 (0xa001)
core   0: 1 0x0000000080000114 (0xa001)
core   0: 1 0x0000000080000114 (0xa001)
core   0: 1 0x0000000080000114 (0xa001)
core   0: 1 0x0000000080000114 (0xa001)
core   0: 1 0x0000000080000114 (0xa001)
core   0: 1 0x0000000080000114 (0xa001)
core   0: 1 0x0000000080000114 (0xa001)
core   0: 1 0x0000000080000114 (0xa001)
core   0: 1 0x0000000080000114 (0xa001)
core   0: 1 0x0000000080000114 (0xa001)
core   0: 1 0x0000000080000114 (0xa001)
core   0: 1 0x0000000080000114 (0xa001)
core   0: 1 0x0000000080000114 (0xa001)
core   0: 1 0x0000000080000114 (0xa001)
core   0: 1 0x0000000080000114 (0xa001)
core   0: 1 0x0000000080000114 (0xa001)
core   0: 1 0x0000000080000114 (0xa001)
core   0: 1 0x0000000080000114 (0xa001)
core   0: 1 0x0000000080000114 (0xa001)
core   0: 1 0x0000000080000114 (0xa001)
core   0: 1 0x0000000080000114 (0xa001)
core   0: 1 0x0000000080000114 (0xa001)
core   0: 1 0x0000000080000114 (0xa001)
core   0: 1 0x0000000080000114 (0xa001)
core   0: 1 0x0000000080000114 (0xa001)
core   0: 1 0x0000000080000114 (0xa001)
core   0: 1 0x0000000080000114 (0xa001)
core   0: 1 0x0000000080000114 (0xa001)
core   0: 1 0x0000000080000114 (0xa001)
core   0: 1 0x0000000080000114 (0xa001)
core   0: 1 0x0000000080000114 (0xa001)
core   0: 1 0x0000000080000114 (0xa001)
core   0: 1 0x0000000080000114 (0xa001)
core   0: 1 0x0000000080000114 (0xa001)
core   0: 1 0x0000000080000114 (0xa001)
core   0: 1 0x0000000080000114 (0xa001)
core   0: 1 0x0000000080000114 (0xa001)
core   0: 1 0x0000000080000114 (0xa001)
core   0: 1 0x0000000080000114 (0xa001)
core   0: 1 0x0000000080000114 (0xa001)
core   0: 1 0x0000000080000114 (0xa001)
core   0: 1 0x0000000080000114 (0xa001)
core   0: 1 0x0000000080000114 (0xa001)
core   0: 1 0x0000000080000114 (0xa001)
core   0: 1 0x0000000080000114 (0xa001)
core   0: 1 0x0000000080000114 (0xa001)
core   0: 1 0x0000000080000114 (0xa001)
core   0: 1 0x0000000080000114 (0xa001)
core   0: 1 0x0000000080000114 (0xa001)
core   0: 1 0x0000000080000114 (0xa001)
core   0: 1 0x0000000080000114 (0xa001)
core   0: 1 0x0000000080000114 (0xa001)
core   0: 1 0x0000000080000114 (0xa001)
core   0: 1 0x0000000080000114 (0xa001)
core   0: 1 0x0000000080000114 (0xa001)
core   0: 1 0x0000000080000114 (0xa001)
core   0: 1 0x0000000080000114 (0xa001)
core   0: 1 0x0000000080000114 (0xa001)
core   0: 1 0x0000000080000114 (0xa001)
core   0: 1 0x0000000080000114 (0xa001)
core   0: 1 0x0000000080000114 (0xa001)
core   0: 1 0x0000000080000114 (0xa001)
core   0: 1 0x0000000080000114 (0xa001)
core   0: 1 0x0000000080000114 (0xa001)
core   0: 1 0x0000000080000114 (0xa001)
core   0: 1 0x0000000080000114 (0xa001)
core   0: 1 0x0000000080000114 (0xa001)
core   0: 1 0x0000000080000114 (0xa001)
core   0: 1 0x0000000080000114 (0xa001)
core   0: 1 0x0000000080000114 (0xa001)
core   0: 1 0x0000000080000114 (0xa001)
core   0: 1 0x0000000080000114 (0xa001)
core   0: 1 0x0000000080000114 (0xa001)
core   0: 1 0x0000000080000114 (0xa001)
core   0: 1 0x0000000080000114 (0xa001)
core   0: 1 0x0000000080000114 (0xa001)
core   0: 1 0x0000000080000114 (0xa001)
core   0: 1 0x0000000080000114 (0xa001)
core   0: 1 0x0000000080000114 (0xa001)
core   0: 1 0x0000000080000114 (0xa001)
core   0: 1 0x0000000080000114 (0xa001)
core   0: 1 0x0000000080000114 (0xa001)
core   0: 1 0x0000000080000114 (0xa001)
core   0: 1 0x0000000080000114 (0xa001)
core   0: 1 0x0000000080000114 (0xa001)
core   0: 1 0x0000000080000114 (0xa001)
core   0: 1 0x0000000080000114 (0xa001)
core   0: 1 0x0000000080000114 (0xa001)
core   0: 1 0x0000000080000114 (0xa001)
core   0: 1 0x0000000080000114 (0xa001)
core   0: 1 0x0000000080000114 (0xa001)
core   0: 1 0x0000000080000114 (0xa001)
core   0: 1 0x0000000080000114 (0xa001)
core   0: 1 0x0000000080000114 (0xa001)
core   0: 1 0x0000000080000114 (0xa001)
core   0: 1 0x0000000080000114 (0xa001)
core   0: 1 0x0000000080000114 (0xa001)
core   0: 1 0x0000000080000114 (0xa001)
core   0: 1 0x0000000080000114 (0xa001)
core   0: 1 0x0000000080000114 (0xa001)
core   0: 1 0x0000000080000114 (0xa001)
core   0: 1 0x0000000080000114 (0xa001)
core   0: 1 0x0000000080000114 (0xa001)
core   0: 1 0x0000000080000114 (0xa001)
core   0: 1 0x0000000080000114 (0xa001)
core   0: 1 0x0000000080000114 (0xa001)
core   0: 1 0x0000000080000114 (0xa001)
core   0: 1 0x0000000080000114 (0xa001)
core   0: 1 0x0000000080000114 (0xa001)
core   0: 1 0x0000000080000114 (0xa001)
core   0: 1 0x0000000080000114 (0xa001)
core   0: 1 0x0000000080000114 (0xa001)
core   0: 1 0x0000000080000114 (0xa001)
core   0: 1 0x0000000080000114 (0xa001)
core   0: 1 0x0000000080000114 (0xa001)
core   0: 1 0x0000000080000114 (0xa001)
core   0: 1 0x0000000080000114 (0xa001)
core   0: 1 0x0000000080000114 (0xa001)
core   0: 1 0x0000000080000114 (0xa001)
core   0: 1 0x0000000080000114 (0xa001)
core   0: 1 0x0000000080000114 (0xa001)
core   0: 1 0x0000000080000114 (0xa001)
core   0: 1 0x0000000080000114 (0xa001)
core   0: 1 0x0000000080000114 (0xa001)
core   0: 1 0x0000000080000114 (0xa001)
core   0: 1 0x0000000080000114 (0xa001)
core   0: 1 0x0000000080000114 (0xa001)
core   0: 1 0x0000000080000114 (0xa001)
core   0: 1 0x0000000080000114 (0xa001)
core   0: 1 0x0000000080000114 (0xa001)
core   0: 1 0x0000000080000114 (0xa001)
core   0: 1 0x0000000080000114 (0xa001)
core   0: 1 0x0000000080000114 (0xa001)
core   0: 1 0x0000000080000114 (0xa001)
core   0: 1 0x0000000080000114 (0xa001)
core   0: 1 0x0000000080000114 (0xa001)
core   0: 1 0x0000000080000114 (0xa001)
core   0: 1 0x0000000080000114 (0xa001)
core   0: 1 0x0000000080000114 (0xa001)
core   0: 1 0x0000000080000114 (0xa001)
core   0: 1 0x0000000080000114 (0xa001)
core   0: 1 0x0000000080000114 (0xa001)
core   0: 1 0x0000000080000114 (0xa001)
core   0: 1 0x0000000080000114 (0xa001)
core   0: 1 0x0000000080000114 (0xa001)
core   0: 1 0x0000000080000114 (0xa001)
core   0: 1 0x0000000080000114 (0xa001)
core   0: 1 0x0000000080000114 (0xa001)
core   0: 1 0x0000000080000114 (0xa001)
core   0: 1 0x0000000080000114 (0xa001)
core   0: 1 0x0000000080000114 (0xa001)
core   0: 1 0x0000000080000114 (0xa001)
core   0: 1 0x0000000080000114 (0xa001)
core   0: 1 0x0000000080000114 (0xa001)
core   0: 1 0x0000000080000114 (0xa001)
core   0: 1 0x0000000080000114 (0xa001)
core   0: 1 0x0000000080000114 (0xa001)
core   0: 1 0x0000000080000114 (0xa001)
core   0: 1 0x0000000080000114 (0xa001)
core   0: 1 0x0000000080000114 (0xa001)
core   0: 1 0x0000000080000114 (0xa001)
core   0: 1 0x0000000080000114 (0xa001)
core   0: 1 0x0000000080000114 (0xa001)
core   0: 1 0x0000000080000114 (0xa001)
core   0: 1 0x0000000080000114 (0xa001)
core   0: 1 0x0000000080000114 (0xa001)
core   0: 1 0x0000000080000114 (0xa001)
core   0: 1 0x0000000080000114 (0xa001)
core   0: 1 0x0000000080000114 (0xa001)
core   0: 1 0x0000000080000114 (0xa001)
core   0: 1 0x0000000080000114 (0xa001)
core   0: 1 0x0000000080000114 (0xa001)
core   0: 1 0x0000000080000114 (0xa001)
core   0: 1 0x0000000080000114 (0xa001)
core   0: 1 0x0000000080000114 (0xa001)
core   0: 1 0x0000000080000114 (0xa001)
core   0: 1 0x0000000080000114 (0xa001)
core   0: 1 0x0000000080000114 (0xa001)
core   0: 1 0x0000000080000114 (0xa001)
core   0: 1 0x0000000080000114 (0xa001)
core   0: 1 0x0000000080000114 (0xa001)
core   0: 1 0x0000000080000114 (0xa001)
core   0: 1 0x0000000080000114 (0xa001)
core   0: 1 0x0000000080000114 (0xa001)
core   0: 1 0x0000000080000114 (0xa001)
core   0: 1 0x0000000080000114 (0xa001)
core   0: 1 0x0000000080000114 (0xa001)
core   0: 1 0x0000000080000114 (0xa001)
core   0: 1 0x0000000080000114 (0xa001)
core   0: 1 0x0000000080000114 (0xa001)
core   0: 1 0x0000000080000114 (0xa001)
core   0: 1 0x0000000080000114 (0xa001)
core   0: 1 0x0000000080000114 (0xa001)
core   0: 1 0x0000000080000114 (0xa001)
core   0: 1 0x0000000080000114 (0xa001)
core   0: 1 0x0000000080000114 (0xa001)
core   0: 1 0x0000000080000114 (0xa001)
core   0: 1 0x0000000080000114 (0xa001)
core   0: 1 0x0000000080000114 (0xa001)
core   0: 1 0x0000000080000114 (0xa001)
core   0: 1 0x0000000080000114 (0xa001)
core   0: 1 0x0000000080000114 (0xa001)
core   0: 1 0x0000000080000114 (0xa001)
core   0: 1 0x0000000080000114 (0xa001)
core   0: 1 0x0000000080000114 (0xa001)
core   0: 1 0x0000000080000114 (0xa001)
core   0: 1 0x0000000080000114 (0xa001)
core   0: 1 0x0000000080000114 (0xa001)
core   0: 1 0x0000000080000114 (0xa001)
core   0: 1 0x0000000080000114 (0xa001)
core   0: 1 0x0000000080000114 (0xa001)
core   0: 1 0x0000000080000114 (0xa001)
core   0: 1 0x0000000080000114 (0xa001)
core   0: 1 0x0000000080000114 (0xa001)
core   0: 1 0x0000000080000114 (0xa001)
core   0: 1 0x0000000080000114 (0xa001)
core   0: 1 0x0000000080000114 (0xa001)
core   0: 1 0x0000000080000114 (0xa001)
core   0: 1 0x0000000080000114 (0xa001)
core   0: 1 0x0000000080000114 (0xa001)
core   0: 1 0x0000000080000114 (0xa001)
core   0: 1 0x0000000080000114 (0xa001)
core   0: 1 0x0000000080000114 (0xa001)
core   0: 1 0x0000000080000114 (0xa001)
core   0: 1 0x0000000080000114 (0xa001)
core   0: 1 0x0000000080000114 (0xa001)
core   0: 1 0x0000000080000114 (0xa001)
core   0: 1 0x0000000080000114 (0xa001)
core   0: 1 0x0000000080000114 (0xa001)
core   0: 1 0x0000000080000114 (0xa001)
core   0: 1 0x0000000080000114 (0xa001)
core   0: 1 0x0000000080000114 (0xa001)
core   0: 1 0x0000000080000114 (0xa001)
core   0: 1 0x0000000080000114 (0xa001)
core   0: 1 0x0000000080000114 (0xa001)
core   0: 1 0x0000000080000114 (0xa001)
core   0: 1 0x0000000080000114 (0xa001)
core   0: 1 0x0000000080000114 (0xa001)
core   0: 1 0x0000000080000114 (0xa001)
core   0: 1 0x0000000080000114 (0xa001)
core   0: 1 0x0000000080000114 (0xa001)
core   0: 1 0x0000000080000114 (0xa001)
core   0: 1 0x0000000080000114 (0xa001)
core   0: 1 0x0000000080000114 (0xa001)
core   0: 1 0x0000000080000114 (0xa001)
core   0: 1 0x0000000080000114 (0xa001)
core   0: 1 0x0000000080000114 (0xa001)
core   0: 1 0x0000000080000114 (0xa001)
core   0: 1 0x0000000080000114 (0xa001)
core   0: 1 0x0000000080000114 (0xa001)
core   0: 1 0x0000000080000114 (0xa001)
core   0: 1 0x0000000080000114 (0xa001)
core   0: 1 0x0000000080000114 (0xa001)
core   0: 1 0x0000000080000114 (0xa001)
core   0: 1 0x0000000080000114 (0xa001)
core   0: 1 0x0000000080000114 (0xa001)
core   0: 1 0x0000000080000114 (0xa001)
core   0: 1 0x0000000080000114 (0xa001)
core   0: 1 0x0000000080000114 (0xa001)
core   0: 1 0x0000000080000114 (0xa001)
core   0: 1 0x0000000080000114 (0xa001)
core   0: 1 0x0000000080000114 (0xa001)
core   0: 1 0x0000000080000114 (0xa001)
core   0: 1 0x0000000080000114 (0xa001)
core   0: 1 0x0000000080000114 (0xa001)
core   0: 1 0x0000000080000114 (0xa001)
core   0: 1 0x0000000080000114 (0xa001)
core   0: 1 0x0000000080000114 (0xa001)
core   0: 1 0x0000000080000114 (0xa001)
core   0: 1 0x0000000080000114 (0xa001)
core   0: 1 0x0000000080000114 (0xa001)
core   0: 1 0x0000000080000114 (0xa001)
core   0: 1 0x0000000080000114 (0xa001)
core   0: 1 0x0000000080000114 (0xa001)
core   0: 1 0x0000000080000114 (0xa001)
core   0: 1 0x0000000080000114 (0xa001)
core   0: 1 0x0000000080000114 (0xa001)
core   0: 1 0x0000000080000114 (0xa001)
core   0: 1 0x0000000080000114 (0xa001)
core   0: 1 0x0000000080000114 (0xa001)
core   0: 1 0x0000000080000114 (0xa001)
core   0: 1 0x0000000080000114 (0xa001)
core   0: 1 0x0000000080000114 (0xa001)
core   0: 1 0x0000000080000114 (0xa001)
core   0: 1 0x0000000080000114 (0xa001)
core   0: 1 0x0000000080000114 (0xa001)
core   0: 1 0x0000000080000114 (0xa001)
core   0: 1 0x0000000080000114 (0xa001)
core   0: 1 0x0000000080000114 (0xa001)
core   0: 1 0x0000000080000114 (0xa001)
core   0: 1 0x0000000080000114 (0xa001)
core   0: 1 0x0000000080000114 (0xa001)
core   0: 1 0x0000000080000114 (0xa001)
core   0: 1 0x0000000080000114 (0xa001)
core   0: 1 0x0000000080000114 (0xa001)
core   0: 1 0x0000000080000114 (0xa001)
core   0: 1 0x0000000080000114 (0xa001)
core   0: 1 0x0000000080000114 (0xa001)
core   0: 1 0x0000000080000114 (0xa001)
core   0: 1 0x0000000080000114 (0xa001)
core   0: 1 0x0000000080000114 (0xa001)
core   0: 1 0x0000000080000114 (0xa001)
core   0: 1 0x0000000080000114 (0xa001)
core   0: 1 0x0000000080000114 (0xa001)
core   0: 1 0x0000000080000114 (0xa001)
core   0: 1 0x0000000080000114 (0xa001)
core   0: 1 0x0000000080000114 (0xa001)
core   0: 1 0x0000000080000114 (0xa001)
core   0: 1 0x0000000080000114 (0xa001)
core   0: 1 0x0000000080000114 (0xa001)
core   0: 1 0x0000000080000114 (0xa001)
core   0: 1 0x0000000080000114 (0xa001)
core   0: 1 0x0000000080000114 (0xa001)
core   0: 1 0x0000000080000114 (0xa001)
core   0: 1 0x0000000080000114 (0xa001)
core   0: 1 0x0000000080000114 (0xa001)
core   0: 1 0x0000000080000114 (0xa001)
core   0: 1 0x0000000080000114 (0xa001)
core   0: 1 0x0000000080000114 (0xa001)
core   0: 1 0x0000000080000114 (0xa001)
core   0: 1 0x0000000080000114 (0xa001)
core   0: 1 0x0000000080000114 (0xa001)
core   0: 1 0x0000000080000114 (0xa001)
core   0: 1 0x0000000080000114 (0xa001)
core   0: 1 0x0000000080000114 (0xa001)
core   0: 1 0x0000000080000114 (0xa001)
core   0: 1 0x0000000080000114 (0xa001)
core   0: 1 0x0000000080000114 (0xa001)
core   0: 1 0x0000000080000114 (0xa001)
core   0: 1 0x0000000080000114 (0xa001)
core   0: 1 0x0000000080000114 (0xa001)
core   0: 1 0x0000000080000114 (0xa001)
core   0: 1 0x0000000080000114 (0xa001)
core   0: 1 0x0000000080000114 (0xa001)
core   0: 1 0x0000000080000114 (0xa001)
core   0: 1 0x0000000080000114 (0xa001)
core   0: 1 0x0000000080000114 (0xa001)
core   0: 1 0x0000000080000114 (0xa001)
core   0: 1 0x0000000080000114 (0xa001)
core   0: 1 0x0000000080000114 (0xa001)
core   0: 1 0x0000000080000114 (0xa001)
core   0: 1 0x0000000080000114 (0xa001)
core   0: 1 0x0000000080000114 (0xa001)
core   0: 1 0x0000000080000114 (0xa001)
core   0: 1 0x0000000080000114 (0xa001)
core   0: 1 0x0000000080000114 (0xa001)
core   0: 1 0x0000000080000114 (0xa001)
core   0: 1 0x0000000080000114 (0xa001)
core   0: 1 0x0000000080000114 (0xa001)
core   0: 1 0x0000000080000114 (0xa001)
core   0: 1 0x0000000080000114 (0xa001)
core   0: 1 0x0000000080000114 (0xa001)
core   0: 1 0x0000000080000114 (0xa001)
core   0: 1 0x0000000080000114 (0xa001)
core   0: 1 0x0000000080000114 (0xa001)
core   0: 1 0x0000000080000114 (0xa001)
core   0: 1 0x0000000080000114 (0xa001)
core   0: 1 0x0000000080000114 (0xa001)
core   0: 1 0x0000000080000114 (0xa001)
core   0: 1 0x0000000080000114 (0xa001)
core   0: 1 0x0000000080000114 (0xa001)
core   0: 1 0x0000000080000114 (0xa001)
core   0: 1 0x0000000080000114 (0xa001)
core   0: 1 0x0000000080000114 (0xa001)
core   0: 1 0x0000000080000114 (0xa001)
core   0: 1 0x0000000080000114 (0xa001)
core   0: 1 0x0000000080000114 (0xa001)
core   0: 1 0x0000000080000114 (0xa001)
core   0: 1 0x0000000080000114 (0xa001)
core   0: 1 0x0000000080000114 (0xa001)
core   0: 1 0x0000000080000114 (0xa001)
core   0: 1 0x0000000080000114 (0xa001)
core   0: 1 0x0000000080000114 (0xa001)
core   0: 1 0x0000000080000114 (0xa001)
core   0: 1 0x0000000080000114 (0xa001)
core   0: 1 0x0000000080000114 (0xa001)
core   0: 1 0x0000000080000114 (0xa001)
core   0: 1 0x0000000080000114 (0xa001)
core   0: 1 0x0000000080000114 (0xa001)
core   0: 1 0x0000000080000114 (0xa001)
core   0: 1 0x0000000080000114 (0xa001)
core   0: 1 0x0000000080000114 (0xa001)
core   0: 1 0x0000000080000114 (0xa001)
core   0: 1 0x0000000080000114 (0xa001)
core   0: 1 0x0000000080000114 (0xa001)
core   0: 1 0x0000000080000114 (0xa001)
core   0: 1 0x0000000080000114 (0xa001)
core   0: 1 0x0000000080000114 (0xa001)
core   0: 1 0x0000000080000114 (0xa001)
core   0: 1 0x0000000080000114 (0xa001)
core   0: 1 0x0000000080000114 (0xa001)
core   0: 1 0x0000000080000114 (0xa001)
core   0: 1 0x0000000080000114 (0xa001)
core   0: 1 0x0000000080000114 (0xa001)
core   0: 1 0x0000000080000114 (0xa001)
core   0: 1 0x0000000080000114 (0xa001)
core   0: 1 0x0000000080000114 (0xa001)
core   0: 1 0x0000000080000114 (0xa001)
core   0: 1 0x0000000080000114 (0xa001)
core   0: 1 0x0000000080000114 (0xa001)
core   0: 1 0x0000000080000114 (0xa001)
core   0: 1 0x0000000080000114 (0xa001)
core   0: 1 0x0000000080000114 (0xa001)
core   0: 1 0x0000000080000114 (0xa001)
core   0: 1 0x0000000080000114 (0xa001)
core   0: 1 0x0000000080000114 (0xa001)
core   0: 1 0x0000000080000114 (0xa001)
core   0: 1 0x0000000080000114 (0xa001)
core   0: 1 0x0000000080000114 (0xa001)
core   0: 1 0x0000000080000114 (0xa001)
core   0: 1 0x0000000080000114 (0xa001)
core   0: 1 0x0000000080000114 (0xa001)
core   0: 1 0x0000000080000114 (0xa001)
core   0: 1 0x0000000080000114 (0xa001)
core   0: 1 0x0000000080000114 (0xa001)
core   0: 1 0x0000000080000114 (0xa001)
core   0: 1 0x0000000080000114 (0xa001)
core   0: 1 0x0000000080000114 (0xa001)
core   0: 1 0x0000000080000114 (0xa001)
core   0: 1 0x0000000080000114 (0xa001)
core   0: 1 0x0000000080000114 (0xa001)
core   0: 1 0x0000000080000114 (0xa001)
core   0: 1 0x0000000080000114 (0xa001)
core   0: 1 0x0000000080000114 (0xa001)
core   0: 1 0x0000000080000114 (0xa001)
core   0: 1 0x0000000080000114 (0xa001)
core   0: 1 0x0000000080000114 (0xa001)
core   0: 1 0x0000000080000114 (0xa001)
core   0: 1 0x0000000080000114 (0xa001)
core   0: 1 0x0000000080000114 (0xa001)
core   0: 1 0x0000000080000114 (0xa001)
core   0: 1 0x0000000080000114 (0xa001)
core   0: 1 0x0000000080000114 (0xa001)
core   0: 1 0x0000000080000114 (0xa001)
core   0: 1 0x0000000080000114 (0xa001)
core   0: 1 0x0000000080000114 (0xa001)
core   0: 1 0x0000000080000114 (0xa001)
core   0: 1 0x0000000080000114 (0xa001)
core   0: 1 0x0000000080000114 (0xa001)
core   0: 1 0x0000000080000114 (0xa001)
core   0: 1 0x0000000080000114 (0xa001)
core   0: 1 0x0000000080000114 (0xa001)
core   0: 1 0x0000000080000114 (0xa001)
core   0: 1 0x0000000080000114 (0xa001)
core   0: 1 0x0000000080000114 (0xa001)
core   0: 1 0x0000000080000114 (0xa001)
core   0: 1 0x0000000080000114 (0xa001)
core   0: 1 0x0000000080000114 (0xa001)
core   0: 1 0x0000000080000114 (0xa001)
core   0: 1 0x0000000080000114 (0xa001)
core   0: 1 0x0000000080000114 (0xa001)
core   0: 1 0x0000000080000114 (0xa001)
core   0: 1 0x0000000080000114 (0xa001)
core   0: 1 0x0000000080000114 (0xa001)
core   0: 1 0x0000000080000114 (0xa001)
core   0: 1 0x0000000080000114 (0xa001)
core   0: 1 0x0000000080000114 (0xa001)
core   0: 1 0x0000000080000114 (0xa001)
core   0: 1 0x0000000080000114 (0xa001)
core   0: 1 0x0000000080000114 (0xa001)
core   0: 1 0x0000000080000114 (0xa001)
core   0: 1 0x0000000080000114 (0xa001)
core   0: 1 0x0000000080000114 (0xa001)
core   0: 1 0x0000000080000114 (0xa001)
core   0: 1 0x0000000080000114 (0xa001)
core   0: 1 0x0000000080000114 (0xa001)
core   0: 1 0x0000000080000114 (0xa001)
core   0: 1 0x0000000080000114 (0xa001)
core   0: 1 0x0000000080000114 (0xa001)
core   0: 1 0x0000000080000114 (0xa001)
core   0: 1 0x0000000080000114 (0xa001)
core   0: 1 0x0000000080000114 (0xa001)
core   0: 1 0x0000000080000114 (0xa001)
core   0: 1 0x0000000080000114 (0xa001)
core   0: 1 0x0000000080000114 (0xa001)
core   0: 1 0x0000000080000114 (0xa001)
core   0: 1 0x0000000080000114 (0xa001)
core   0: 1 0x0000000080000114 (0xa001)
core   0: 1 0x0000000080000114 (0xa001)
core   0: 1 0x0000000080000114 (0xa001)
core   0: 1 0x0000000080000114 (0xa001)
core   0: 1 0x0000000080000114 (0xa001)
core   0: 1 0x0000000080000114 (0xa001)
core   0: 1 0x0000000080000114 (0xa001)
core   0: 1 0x0000000080000114 (0xa001)
core   0: 1 0x0000000080000114 (0xa001)
core   0: 1 0x0000000080000114 (0xa001)
core   0: 1 0x0000000080000114 (0xa001)
core   0: 1 0x0000000080000114 (0xa001)
core   0: 1 0x0000000080000114 (0xa001)
core   0: 1 0x0000000080000114 (0xa001)
core   0: 1 0x0000000080000114 (0xa001)
core   0: 1 0x0000000080000114 (0xa001)
core   0: 1 0x0000000080000114 (0xa001)
core   0: 1 0x0000000080000114 (0xa001)
core   0: 1 0x0000000080000114 (0xa001)
core   0: 1 0x0000000080000114 (0xa001)
core   0: 1 0x0000000080000114 (0xa001)
core   0: 1 0x0000000080000114 (0xa001)
core   0: 1 0x0000000080000114 (0xa001)
core   0: 1 0x0000000080000114 (0xa001)
core   0: 1 0x0000000080000114 (0xa001)
core   0: 1 0x0000000080000114 (0xa001)
core   0: 1 0x0000000080000114 (0xa001)
core   0: 1 0x0000000080000114 (0xa001)
core   0: 1 0x0000000080000114 (0xa001)
core   0: 1 0x0000000080000114 (0xa001)
core   0: 1 0x0000000080000114 (0xa001)
core   0: 1 0x0000000080000114 (0xa001)
core   0: 1 0x0000000080000114 (0xa001)
core   0: 1 0x0000000080000114 (0xa001)
core   0: 1 0x0000000080000114 (0xa001)
core   0: 1 0x0000000080000114 (0xa001)
core   0: 1 0x0000000080000114 (0xa001)
core   0: 1 0x0000000080000114 (0xa001)
core   0: 1 0x0000000080000114 (0xa001)
core   0: 1 0x0000000080000114 (0xa001)
core   0: 1 0x0000000080000114 (0xa001)
core   0: 1 0x0000000080000114 (0xa001)
core   0: 1 0x0000000080000114 (0xa001)
core   0: 1 0x0000000080000114 (0xa001)
core   0: 1 0x0000000080000114 (0xa001)
core   0: 1 0x0000000080000114 (0xa001)
core   0: 1 0x0000000080000114 (0xa001)
core   0: 1 0x0000000080000114 (0xa001)
core   0: 1 0x0000000080000114 (0xa001)
core   0: 1 0x0000000080000114 (0xa001)
core   0: 1 0x0000000080000114 (0xa001)
core   0: 1 0x0000000080000114 (0xa001)
core   0: 1 0x0000000080000114 (0xa001)
core   0: 1 0x0000000080000114 (0xa001)
core   0: 1 0x0000000080000114 (0xa001)
core   0: 1 0x0000000080000114 (0xa001)
core   0: 1 0x0000000080000114 (0xa001)
core   0: 1 0x0000000080000114 (0xa001)
core   0: 1 0x0000000080000114 (0xa001)
core   0: 1 0x0000000080000114 (0xa001)
core   0: 1 0x0000000080000114 (0xa001)
core   0: 1 0x0000000080000114 (0xa001)
core   0: 1 0x0000000080000114 (0xa001)
core   0: 1 0x0000000080000114 (0xa001)
core   0: 1 0x0000000080000114 (0xa001)
core   0: 1 0x0000000080000114 (0xa001)
core   0: 1 0x0000000080000114 (0xa001)
core   0: 1 0x0000000080000114 (0xa001)
core   0: 1 0x0000000080000114 (0xa001)
core   0: 1 0x0000000080000114 (0xa001)
core   0: 1 0x0000000080000114 (0xa001)
core   0: 1 0x0000000080000114 (0xa001)
core   0: 1 0x0000000080000114 (0xa001)
core   0: 1 0x0000000080000114 (0xa001)
core   0: 1 0x0000000080000114 (0xa001)
core   0: 1 0x0000000080000114 (0xa001)
core   0: 1 0x0000000080000114 (0xa001)
core   0: 1 0x0000000080000114 (0xa001)
core   0: 1 0x0000000080000114 (0xa001)
core   0: 1 0x0000000080000114 (0xa001)
core   0: 1 0x0000000080000114 (0xa001)
core   0: 1 0x0000000080000114 (0xa001)
core   0: 1 0x0000000080000114 (0xa001)
core   0: 1 0x0000000080000114 (0xa001)
core   0: 1 0x0000000080000114 (0xa001)
core   0: 1 0x0000000080000114 (0xa001)
core   0: 1 0x0000000080000114 (0xa001)
core   0: 1 0x0000000080000114 (0xa001)
core   0: 1 0x0000000080000114 (0xa001)
core   0: 1 0x0000000080000114 (0xa001)
core   0: 1 0x0000000080000114 (0xa001)
core   0: 1 0x0000000080000114 (0xa001)
core   0: 1 0x0000000080000114 (0xa001)
core   0: 1 0x0000000080000114 (0xa001)
core   0: 1 0x0000000080000114 (0xa001)
core   0: 1 0x0000000080000114 (0xa001)
core   0: 1 0x0000000080000114 (0xa001)
core   0: 1 0x0000000080000114 (0xa001)
core   0: 1 0x0000000080000114 (0xa001)
core   0: 1 0x0000000080000114 (0xa001)
core   0: 1 0x0000000080000114 (0xa001)
core   0: 1 0x0000000080000114 (0xa001)
core   0: 1 0x0000000080000114 (0xa001)
core   0: 1 0x0000000080000114 (0xa001)
core   0: 1 0x0000000080000114 (0xa001)
core   0: 1 0x0000000080000114 (0xa001)
core   0: 1 0x0000000080000114 (0xa001)
core   0: 1 0x0000000080000114 (0xa001)
core   0: 1 0x0000000080000114 (0xa001)
core   0: 1 0x0000000080000114 (0xa001)
core   0: 1 0x0000000080000114 (0xa001)
core   0: 1 0x0000000080000114 (0xa001)
core   0: 1 0x0000000080000114 (0xa001)
core   0: 1 0x0000000080000114 (0xa001)
core   0: 1 0x0000000080000114 (0xa001)
core   0: 1 0x0000000080000114 (0xa001)
core   0: 1 0x0000000080000114 (0xa001)
core   0: 1 0x0000000080000114 (0xa001)
core   0: 1 0x0000000080000114 (0xa001)
core   0: 1 0x0000000080000114 (0xa001)
core   0: 1 0x0000000080000114 (0xa001)
core   0: 1 0x0000000080000114 (0xa001)
core   0: 1 0x0000000080000114 (0xa001)
core   0: 1 0x0000000080000114 (0xa001)
core   0: 1 0x0000000080000114 (0xa001)
core   0: 1 0x0000000080000114 (0xa001)
core   0: 1 0x0000000080000114 (0xa001)
core   0: 1 0x0000000080000114 (0xa001)
core   0: 1 0x0000000080000114 (0xa001)
core   0: 1 0x0000000080000114 (0xa001)
core   0: 1 0x0000000080000114 (0xa001)
core   0: 1 0x0000000080000114 (0xa001)
core   0: 1 0x0000000080000114 (0xa001)
core   0: 1 0x0000000080000114 (0xa001)
core   0: 1 0x0000000080000114 (0xa001)
core   0: 1 0x0000000080000114 (0xa001)
core   0: 1 0x0000000080000114 (0xa001)
core   0: 1 0x0000000080000114 (0xa001)
core   0: 1 0x0000000080000114 (0xa001)
core   0: 1 0x0000000080000114 (0xa001)
core   0: 1 0x0000000080000114 (0xa001)
core   0: 1 0x0000000080000114 (0xa001)
core   0: 1 0x0000000080000114 (0xa001)
core   0: 1 0x0000000080000114 (0xa001)
core   0: 1 0x0000000080000114 (0xa001)
core   0: 1 0x0000000080000114 (0xa001)
core   0: 1 0x0000000080000114 (0xa001)
core   0: 1 0x0000000080000114 (0xa001)
core   0: 1 0x0000000080000114 (0xa001)
core   0: 1 0x0000000080000114 (0xa001)
core   0: 1 0x0000000080000114 (0xa001)
core   0: 1 0x0000000080000114 (0xa001)
core   0: 1 0x0000000080000114 (0xa001)
core   0: 1 0x0000000080000114 (0xa001)
core   0: 1 0x0000000080000114 (0xa001)
core   0: 1 0x0000000080000114 (0xa001)
core   0: 1 0x0000000080000114 (0xa001)
core   0: 1 0x0000000080000114 (0xa001)
core   0: 1 0x0000000080000114 (0xa001)
core   0: 1 0x0000000080000114 (0xa001)
core   0: 1 0x0000000080000114 (0xa001)
core   0: 1 0x0000000080000114 (0xa001)
core   0: 1 0x0000000080000114 (0xa001)
core   0: 1 0x0000000080000114 (0xa001)
core   0: 1 0x0000000080000114 (0xa001)
core   0: 1 0x0000000080000114 (0xa001)
core   0: 1 0x0000000080000114 (0xa001)
core   0: 1 0x0000000080000114 (0xa001)
core   0: 1 0x0000000080000114 (0xa001)
core   0: 1 0x0000000080000114 (0xa001)
core   0: 1 0x0000000080000114 (0xa001)
core   0: 1 0x0000000080000114 (0xa001)
core   0: 1 0x0000000080000114 (0xa001)
core   0: 1 0x0000000080000114 (0xa001)
core   0: 1 0x0000000080000114 (0xa001)
core   0: 1 0x0000000080000114 (0xa001)
core   0: 1 0x0000000080000114 (0xa001)
core   0: 1 0x0000000080000114 (0xa001)
core   0: 1 0x0000000080000114 (0xa001)
core   0: 1 0x0000000080000114 (0xa001)
core   0: 1 0x0000000080000114 (0xa001)
core   0: 1 0x0000000080000114 (0xa001)
core   0: 1 0x0000000080000114 (0xa001)
core   0: 1 0x0000000080000114 (0xa001)
core   0: 1 0x0000000080000114 (0xa001)
core   0: 1 0x0000000080000114 (0xa001)
core   0: 1 0x0000000080000114 (0xa001)
core   0: 1 0x0000000080000114 (0xa001)
core   0: 1 0x0000000080000114 (0xa001)
core   0: 1 0x0000000080000114 (0xa001)
core   0: 1 0x0000000080000114 (0xa001)
core   0: 1 0x0000000080000114 (0xa001)
core   0: 1 0x0000000080000114 (0xa001)
core   0: 1 0x0000000080000114 (0xa001)
core   0: 1 0x0000000080000114 (0xa001)
core   0: 1 0x0000000080000114 (0xa001)
core   0: 1 0x0000000080000114 (0xa001)
core   0: 1 0x0000000080000114 (0xa001)
core   0: 1 0x0000000080000114 (0xa001)
core   0: 1 0x0000000080000114 (0xa001)
core   0: 1 0x0000000080000114 (0xa001)
core   0: 1 0x0000000080000114 (0xa001)
core   0: 1 0x0000000080000114 (0xa001)
core   0: 1 0x0000000080000114 (0xa001)
core   0: 1 0x0000000080000114 (0xa001)
core   0: 1 0x0000000080000114 (0xa001)
core   0: 1 0x0000000080000114 (0xa001)
core   0: 1 0x0000000080000114 (0xa001)
core   0: 1 0x0000000080000114 (0xa001)
core   0: 1 0x0000000080000114 (0xa001)
core   0: 1 0x0000000080000114 (0xa001)
core   0: 1 0x0000000080000114 (0xa001)
core   0: 1 0x0000000080000114 (0xa001)
core   0: 1 0x0000000080000114 (0xa001)
core   0: 1 0x0000000080000114 (0xa001)
core   0: 1 0x0000000080000114 (0xa001)
core   0: 1 0x0000000080000114 (0xa001)
core   0: 1 0x0000000080000114 (0xa001)
core   0: 1 0x0000000080000114 (0xa001)
core   0: 1 0x0000000080000114 (0xa001)
core   0: 1 0x0000000080000114 (0xa001)
core   0: 1 0x0000000080000114 (0xa001)
core   0: 1 0x0000000080000114 (0xa001)
core   0: 1 0x0000000080000114 (0xa001)
core   0: 1 0x0000000080000114 (0xa001)
core   0: 1 0x0000000080000114 (0xa001)
core   0: 1 0x0000000080000114 (0xa001)
core   0: 1 0x0000000080000114 (0xa001)
core   0: 1 0x0000000080000114 (0xa001)
core   0: 1 0x0000000080000114 (0xa001)
core   0: 1 0x0000000080000114 (0xa001)
core   0: 1 0x0000000080000114 (0xa001)
core   0: 1 0x0000000080000114 (0xa001)
core   0: 1 0x0000000080000114 (0xa001)
core   0: 1 0x0000000080000114 (0xa001)
core   0: 1 0x0000000080000114 (0xa001)
core   0: 1 0x0000000080000114 (0xa001)
core   0: 1 0x0000000080000114 (0xa001)
core   0: 1 0x0000000080000114 (0xa001)
core   0: 1 0x0000000080000114 (0xa001)
core   0: 1 0x0000000080000114 (0xa001)
core   0: 1 0x0000000080000114 (0xa001)
core   0: 1 0x0000000080000114 (0xa001)
core   0: 1 0x0000000080000114 (0xa001)
core   0: 1 0x0000000080000114 (0xa001)
core   0: 1 0x0000000080000114 (0xa001)
core   0: 1 0x0000000080000114 (0xa001)
core   0: 1 0x0000000080000114 (0xa001)
core   0: 1 0x0000000080000114 (0xa001)
core   0: 1 0x0000000080000114 (0xa001)
core   0: 1 0x0000000080000114 (0xa001)
core   0: 1 0x0000000080000114 (0xa001)
core   0: 1 0x0000000080000114 (0xa001)
core   0: 1 0x0000000080000114 (0xa001)
core   0: 1 0x0000000080000114 (0xa001)
core   0: 1 0x0000000080000114 (0xa001)
core   0: 1 0x0000000080000114 (0xa001)
core   0: 1 0x0000000080000114 (0xa001)
core   0: 1 0x0000000080000114 (0xa001)
core   0: 1 0x0000000080000114 (0xa001)
core   0: 1 0x0000000080000114 (0xa001)
core   0: 1 0x0000000080000114 (0xa001)
core   0: 1 0x0000000080000114 (0xa001)
core   0: 1 0x0000000080000114 (0xa001)
core   0: 1 0x0000000080000114 (0xa001)
core   0: 1 0x0000000080000114 (0xa001)
core   0: 1 0x0000000080000114 (0xa001)
core   0: 1 0x0000000080000114 (0xa001)
core   0: 1 0x0000000080000114 (0xa001)
core   0: 1 0x0000000080000114 (0xa001)
core   0: 1 0x0000000080000114 (0xa001)
core   0: 1 0x0000000080000114 (0xa001)
core   0: 1 0x0000000080000114 (0xa001)
core   0: 1 0x0000000080000114 (0xa001)
core   0: 1 0x0000000080000114 (0xa001)
core   0: 1 0x0000000080000114 (0xa001)
core   0: 1 0x0000000080000114 (0xa001)
core   0: 1 0x0000000080000114 (0xa001)
core   0: 1 0x0000000080000114 (0xa001)
core   0: 1 0x0000000080000114 (0xa001)
core   0: 1 0x0000000080000114 (0xa001)
core   0: 1 0x0000000080000114 (0xa001)
core   0: 1 0x0000000080000114 (0xa001)
core   0: 1 0x0000000080000114 (0xa001)
core   0: 1 0x0000000080000114 (0xa001)
core   0: 1 0x0000000080000114 (0xa001)
core   0: 1 0x0000000080000114 (0xa001)
core   0: 1 0x0000000080000114 (0xa001)
core   0: 1 0x0000000080000114 (0xa001)
core   0: 1 0x0000000080000114 (0xa001)
core   0: 1 0x0000000080000114 (0xa001)
core   0: 1 0x0000000080000114 (0xa001)
core   0: 1 0x0000000080000114 (0xa001)
core   0: 1 0x0000000080000114 (0xa001)
core   0: 1 0x0000000080000114 (0xa001)
core   0: 1 0x0000000080000114 (0xa001)
core   0: 1 0x0000000080000114 (0xa001)
core   0: 1 0x0000000080000114 (0xa001)
core   0: 1 0x0000000080000114 (0xa001)
core   0: 1 0x0000000080000114 (0xa001)
core   0: 1 0x0000000080000114 (0xa001)
core   0: 1 0x0000000080000114 (0xa001)
core   0: 1 0x0000000080000114 (0xa001)
core   0: 1 0x0000000080000114 (0xa001)
core   0: 1 0x0000000080000114 (0xa001)
core   0: 1 0x0000000080000114 (0xa001)
core   0: 1 0x0000000080000114 (0xa001)
core   0: 1 0x0000000080000114 (0xa001)
core   0: 1 0x0000000080000114 (0xa001)
core   0: 1 0x0000000080000114 (0xa001)
core   0: 1 0x0000000080000114 (0xa001)
core   0: 1 0x0000000080000114 (0xa001)
core   0: 1 0x0000000080000114 (0xa001)
core   0: 1 0x0000000080000114 (0xa001)
core   0: 1 0x0000000080000114 (0xa001)
core   0: 1 0x0000000080000114 (0xa001)
core   0: 1 0x0000000080000114 (0xa001)
core   0: 1 0x0000000080000114 (0xa001)
core   0: 1 0x0000000080000114 (0xa001)
core   0: 1 0x0000000080000114 (0xa001)
core   0: 1 0x0000000080000114 (0xa001)
core   0: 1 0x0000000080000114 (0xa001)
core   0: 1 0x0000000080000114 (0xa001)
core   0: 1 0x0000000080000114 (0xa001)
core   0: 1 0x0000000080000114 (0xa001)
core   0: 1 0x0000000080000114 (0xa001)
core   0: 1 0x0000000080000114 (0xa001)
core   0: 1 0x0000000080000114 (0xa001)
core   0: 1 0x0000000080000114 (0xa001)
core   0: 1 0x0000000080000114 (0xa001)
core   0: 1 0x0000000080000114 (0xa001)
core   0: 1 0x0000000080000114 (0xa001)
core   0: 1 0x0000000080000114 (0xa001)
core   0: 1 0x0000000080000114 (0xa001)
core   0: 1 0x0000000080000114 (0xa001)
core   0: 1 0x0000000080000114 (0xa001)
core   0: 1 0x0000000080000114 (0xa001)
core   0: 1 0x0000000080000114 (0xa001)
core   0: 1 0x0000000080000114 (0xa001)
core   0: 1 0x0000000080000114 (0xa001)
core   0: 1 0x0000000080000114 (0xa001)
core   0: 1 0x0000000080000114 (0xa001)
core   0: 1 0x0000000080000114 (0xa001)
core   0: 1 0x0000000080000114 (0xa001)
core   0: 1 0x0000000080000114 (0xa001)
core   0: 1 0x0000000080000114 (0xa001)
core   0: 1 0x0000000080000114 (0xa001)
core   0: 1 0x0000000080000114 (0xa001)
core   0: 1 0x0000000080000114 (0xa001)
core   0: 1 0x0000000080000114 (0xa001)
core   0: 1 0x0000000080000114 (0xa001)
core   0: 1 0x0000000080000114 (0xa001)
core   0: 1 0x0000000080000114 (0xa001)
core   0: 1 0x0000000080000114 (0xa001)
core   0: 1 0x0000000080000114 (0xa001)
core   0: 1 0x0000000080000114 (0xa001)
core   0: 1 0x0000000080000114 (0xa001)
core   0: 1 0x0000000080000114 (0xa001)
core   0: 1 0x0000000080000114 (0xa001)
core   0: 1 0x0000000080000114 (0xa001)
core   0: 1 0x0000000080000114 (0xa001)
core   0: 1 0x0000000080000114 (0xa001)
core   0: 1 0x0000000080000114 (0xa001)
core   0: 1 0x0000000080000114 (0xa001)
core   0: 1 0x0000000080000114 (0xa001)
core   0: 1 0x0000000080000114 (0xa001)
core   0: 1 0x0000000080000114 (0xa001)
core   0: 1 0x0000000080000114 (0xa001)
core   0: 1 0x0000000080000114 (0xa001)
core   0: 1 0x0000000080000114 (0xa001)
core   0: 1 0x0000000080000114 (0xa001)
core   0: 1 0x0000000080000114 (0xa001)
core   0: 1 0x0000000080000114 (0xa001)
core   0: 1 0x0000000080000114 (0xa001)
core   0: 1 0x0000000080000114 (0xa001)
core   0: 1 0x0000000080000114 (0xa001)
core   0: 1 0x0000000080000114 (0xa001)
core   0: 1 0x0000000080000114 (0xa001)
core   0: 1 0x0000000080000114 (0xa001)
core   0: 1 0x0000000080000114 (0xa001)
core   0: 1 0x0000000080000114 (0xa001)
core   0: 1 0x0000000080000114 (0xa001)
core   0: 1 0x0000000080000114 (0xa001)
core   0: 1 0x0000000080000114 (0xa001)
core   0: 1 0x0000000080000114 (0xa001)
core   0: 1 0x0000000080000114 (0xa001)
core   0: 1 0x0000000080000114 (0xa001)
core   0: 1 0x0000000080000114 (0xa001)
core   0: 1 0x0000000080000114 (0xa001)
core   0: 1 0x0000000080000114 (0xa001)
core   0: 1 0x0000000080000114 (0xa001)
core   0: 1 0x0000000080000114 (0xa001)
core   0: 1 0x0000000080000114 (0xa001)
core   0: 1 0x0000000080000114 (0xa001)
core   0: 1 0x0000000080000114 (0xa001)
core   0: 1 0x0000000080000114 (0xa001)
core   0: 1 0x0000000080000114 (0xa001)
core   0: 1 0x0000000080000114 (0xa001)
core   0: 1 0x0000000080000114 (0xa001)
core   0: 1 0x0000000080000114 (0xa001)
core   0: 1 0x0000000080000114 (0xa001)
core   0: 1 0x0000000080000114 (0xa001)
core   0: 1 0x0000000080000114 (0xa001)
core   0: 1 0x0000000080000114 (0xa001)
core   0: 1 0x0000000080000114 (0xa001)
core   0: 1 0x0000000080000114 (0xa001)
core   0: 1 0x0000000080000114 (0xa001)
core   0: 1 0x0000000080000114 (0xa001)
core   0: 1 0x0000000080000114 (0xa001)
core   0: 1 0x0000000080000114 (0xa001)
core   0: 1 0x0000000080000114 (0xa001)
core   0: 1 0x0000000080000114 (0xa001)
core   0: 1 0x0000000080000114 (0xa001)
core   0: 1 0x0000000080000114 (0xa001)
core   0: 1 0x0000000080000114 (0xa001)
core   0: 1 0x0000000080000114 (0xa001)
core   0: 1 0x0000000080000114 (0xa001)
core   0: 1 0x0000000080000114 (0xa001)
core   0: 1 0x0000000080000114 (0xa001)
core   0: 1 0x0000000080000114 (0xa001)
core   0: 1 0x0000000080000114 (0xa001)
core   0: 1 0x0000000080000114 (0xa001)
core   0: 1 0x0000000080000114 (0xa001)
core   0: 1 0x0000000080000114 (0xa001)
core   0: 1 0x0000000080000114 (0xa001)
core   0: 1 0x0000000080000114 (0xa001)
core   0: 1 0x0000000080000114 (0xa001)
core   0: 1 0x0000000080000114 (0xa001)
core   0: 1 0x0000000080000114 (0xa001)
core   0: 1 0x0000000080000114 (0xa001)
core   0: 1 0x0000000080000114 (0xa001)
core   0: 1 0x0000000080000114 (0xa001)
core   0: 1 0x0000000080000114 (0xa001)
core   0: 1 0x0000000080000114 (0xa001)
core   0: 1 0x0000000080000114 (0xa001)
core   0: 1 0x0000000080000114 (0xa001)
core   0: 1 0x0000000080000114 (0xa001)
core   0: 1 0x0000000080000114 (0xa001)
core   0: 1 0x0000000080000114 (0xa001)
core   0: 1 0x0000000080000114 (0xa001)
core   0: 1 0x0000000080000114 (0xa001)
core   0: 1 0x0000000080000114 (0xa001)
core   0: 1 0x0000000080000114 (0xa001)
core   0: 1 0x0000000080000114 (0xa001)
core   0: 1 0x0000000080000114 (0xa001)
core   0: 1 0x0000000080000114 (0xa001)
core   0: 1 0x0000000080000114 (0xa001)
core   0: 1 0x0000000080000114 (0xa001)
core   0: 1 0x0000000080000114 (0xa001)
core   0: 1 0x0000000080000114 (0xa001)
core   0: 1 0x0000000080000114 (0xa001)
core   0: 1 0x0000000080000114 (0xa001)
core   0: 1 0x0000000080000114 (0xa001)
core   0: 1 0x0000000080000114 (0xa001)
core   0: 1 0x0000000080000114 (0xa001)
core   0: 1 0x0000000080000114 (0xa001)
core   0: 1 0x0000000080000114 (0xa001)
core   0: 1 0x0000000080000114 (0xa001)
core   0: 1 0x0000000080000114 (0xa001)
core   0: 1 0x0000000080000114 (0xa001)
core   0: 1 0x0000000080000114 (0xa001)
core   0: 1 0x0000000080000114 (0xa001)
core   0: 1 0x0000000080000114 (0xa001)
core   0: 1 0x0000000080000114 (0xa001)
core   0: 1 0x0000000080000114 (0xa001)
core   0: 1 0x0000000080000114 (0xa001)
core   0: 1 0x0000000080000114 (0xa001)
core   0: 1 0x0000000080000114 (0xa001)
core   0: 1 0x0000000080000114 (0xa001)
core   0: 1 0x0000000080000114 (0xa001)
core   0: 1 0x0000000080000114 (0xa001)
core   0: 1 0x0000000080000114 (0xa001)
core   0: 1 0x0000000080000114 (0xa001)
core   0: 1 0x0000000080000114 (0xa001)
core   0: 1 0x0000000080000114 (0xa001)
core   0: 1 0x0000000080000114 (0xa001)
core   0: 1 0x0000000080000114 (0xa001)
core   0: 1 0x0000000080000114 (0xa001)
core   0: 1 0x0000000080000114 (0xa001)
core   0: 1 0x0000000080000114 (0xa001)
core   0: 1 0x0000000080000114 (0xa001)
core   0: 1 0x0000000080000114 (0xa001)
core   0: 1 0x0000000080000114 (0xa001)
core   0: 1 0x0000000080000114 (0xa001)
core   0: 1 0x0000000080000114 (0xa001)
core   0: 1 0x0000000080000114 (0xa001)
core   0: 1 0x0000000080000114 (0xa001)
core   0: 1 0x0000000080000114 (0xa001)
core   0: 1 0x0000000080000114 (0xa001)
core   0: 1 0x0000000080000114 (0xa001)
core   0: 1 0x0000000080000114 (0xa001)
core   0: 1 0x0000000080000114 (0xa001)
core   0: 1 0x0000000080000114 (0xa001)
core   0: 1 0x0000000080000114 (0xa001)
core   0: 1 0x0000000080000114 (0xa001)
core   0: 1 0x0000000080000114 (0xa001)
core   0: 1 0x0000000080000114 (0xa001)
core   0: 1 0x0000000080000114 (0xa001)
core   0: 1 0x0000000080000114 (0xa001)
core   0: 1 0x0000000080000114 (0xa001)
core   0: 1 0x0000000080000114 (0xa001)
core   0: 1 0x0000000080000114 (0xa001)
core   0: 1 0x0000000080000114 (0xa001)
core   0: 1 0x0000000080000114 (0xa001)
core   0: 1 0x0000000080000114 (0xa001)
core   0: 1 0x0000000080000114 (0xa001)
core   0: 1 0x0000000080000114 (0xa001)
core   0: 1 0x0000000080000114 (0xa001)
core   0: 1 0x0000000080000114 (0xa001)
core   0: 1 0x0000000080000114 (0xa001)
core   0: 1 0x0000000080000114 (0xa001)
core   0: 1 0x0000000080000114 (0xa001)
core   0: 1 0x0000000080000114 (0xa001)
core   0: 1 0x0000000080000114 (0xa001)
core   0: 1 0x0000000080000114 (0xa001)
core   0: 1 0x0000000080000114 (0xa001)
core   0: 1 0x0000000080000114 (0xa001)
core   0: 1 0x0000000080000114 (0xa001)
core   0: 1 0x0000000080000114 (0xa001)
core   0: 1 0x0000000080000114 (0xa001)
core   0: 1 0x0000000080000114 (0xa001)
core   0: 1 0x0000000080000114 (0xa001)
core   0: 1 0x0000000080000114 (0xa001)
core   0: 1 0x0000000080000114 (0xa001)
core   0: 1 0x0000000080000114 (0xa001)
core   0: 1 0x0000000080000114 (0xa001)
core   0: 1 0x0000000080000114 (0xa001)
core   0: 1 0x0000000080000114 (0xa001)
core   0: 1 0x0000000080000114 (0xa001)
core   0: 1 0x0000000080000114 (0xa001)
core   0: 1 0x0000000080000114 (0xa001)
core   0: 1 0x0000000080000114 (0xa001)
core   0: 1 0x0000000080000114 (0xa001)
core   0: 1 0x0000000080000114 (0xa001)
core   0: 1 0x0000000080000114 (0xa001)
core   0: 1 0x0000000080000114 (0xa001)
core   0: 1 0x0000000080000114 (0xa001)
core   0: 1 0x0000000080000114 (0xa001)
core   0: 1 0x0000000080000114 (0xa001)
core   0: 1 0x0000000080000114 (0xa001)
core   0: 1 0x0000000080000114 (0xa001)
core   0: 1 0x0000000080000114 (0xa001)
core   0: 1 0x0000000080000114 (0xa001)
core   0: 1 0x0000000080000114 (0xa001)
core   0: 1 0x0000000080000114 (0xa001)
core   0: 1 0x0000000080000114 (0xa001)
core   0: 1 0x0000000080000114 (0xa001)
core   0: 1 0x0000000080000114 (0xa001)
core   0: 1 0x0000000080000114 (0xa001)
core   0: 1 0x0000000080000114 (0xa001)
core   0: 1 0x0000000080000114 (0xa001)
core   0: 1 0x0000000080000114 (0xa001)
core   0: 1 0x0000000080000114 (0xa001)
core   0: 1 0x0000000080000114 (0xa001)
core   0: 1 0x0000000080000114 (0xa001)
core   0: 1 0x0000000080000114 (0xa001)
core   0: 1 0x0000000080000114 (0xa001)
core   0: 1 0x0000000080000114 (0xa001)
core   0: 1 0x0000000080000114 (0xa001)
core   0: 1 0x0000000080000114 (0xa001)
core   0: 1 0x0000000080000114 (0xa001)
core   0: 1 0x0000000080000114 (0xa001)
core   0: 1 0x0000000080000114 (0xa001)
core   0: 1 0x0000000080000114 (0xa001)
core   0: 1 0x0000000080000114 (0xa001)
core   0: 1 0x0000000080000114 (0xa001)
core   0: 1 0x0000000080000114 (0xa001)
core   0: 1 0x0000000080000114 (0xa001)
core   0: 1 0x0000000080000114 (0xa001)
core   0: 1 0x0000000080000114 (0xa001)
core   0: 1 0x0000000080000114 (0xa001)
core   0: 1 0x0000000080000114 (0xa001)
core   0: 1 0x0000000080000114 (0xa001)
core   0: 1 0x0000000080000114 (0xa001)
core   0: 1 0x0000000080000114 (0xa001)
core   0: 1 0x0000000080000114 (0xa001)
core   0: 1 0x0000000080000114 (0xa001)
core   0: 1 0x0000000080000114 (0xa001)
core   0: 1 0x0000000080000114 (0xa001)
core   0: 1 0x0000000080000114 (0xa001)
core   0: 1 0x0000000080000114 (0xa001)
core   0: 1 0x0000000080000114 (0xa001)
core   0: 1 0x0000000080000114 (0xa001)
core   0: 1 0x0000000080000114 (0xa001)
core   0: 1 0x0000000080000114 (0xa001)
core   0: 1 0x0000000080000114 (0xa001)
core   0: 1 0x0000000080000114 (0xa001)
core   0: 1 0x0000000080000114 (0xa001)
core   0: 1 0x0000000080000114 (0xa001)
core   0: 1 0x0000000080000114 (0xa001)
core   0: 1 0x0000000080000114 (0xa001)
core   0: 1 0x0000000080000114 (0xa001)
core   0: 1 0x0000000080000114 (0xa001)
core   0: 1 0x0000000080000114 (0xa001)
core   0: 1 0x0000000080000114 (0xa001)
core   0: 1 0x0000000080000114 (0xa001)
core   0: 1 0x0000000080000114 (0xa001)
core   0: 1 0x0000000080000114 (0xa001)
core   0: 1 0x0000000080000114 (0xa001)
core   0: 1 0x0000000080000114 (0xa001)
core   0: 1 0x0000000080000114 (0xa001)
core   0: 1 0x0000000080000114 (0xa001)
core   0: 1 0x0000000080000114 (0xa001)
core   0: 1 0x0000000080000114 (0xa001)
core   0: 1 0x0000000080000114 (0xa001)
core   0: 1 0x0000000080000114 (0xa001)
core   0: 1 0x0000000080000114 (0xa001)
core   0: 1 0x0000000080000114 (0xa001)
core   0: 1 0x0000000080000114 (0xa001)
core   0: 1 0x0000000080000114 (0xa001)
core   0: 1 0x0000000080000114 (0xa001)
core   0: 1 0x0000000080000114 (0xa001)
core   0: 1 0x0000000080000114 (0xa001)
core   0: 1 0x0000000080000114 (0xa001)
core   0: 1 0x0000000080000114 (0xa001)
core   0: 1 0x0000000080000114 (0xa001)
core   0: 1 0x0000000080000114 (0xa001)
core   0: 1 0x0000000080000114 (0xa001)
core   0: 1 0x0000000080000114 (0xa001)
core   0: 1 0x0000000080000114 (0xa001)
core   0: 1 0x0000000080000114 (0xa001)
core   0: 1 0x0000000080000114 (0xa001)
core   0: 1 0x0000000080000114 (0xa001)
core   0: 1 0x0000000080000114 (0xa001)
core   0: 1 0x0000000080000114 (0xa001)
core   0: 1 0x0000000080000114 (0xa001)
core   0: 1 0x0000000080000114 (0xa001)
core   0: 1 0x0000000080000114 (0xa001)
core   0: 1 0x0000000080000114 (0xa001)
core   0: 1 0x0000000080000114 (0xa001)
core   0: 1 0x0000000080000114 (0xa001)
core   0: 1 0x0000000080000114 (0xa001)
core   0: 1 0x0000000080000114 (0xa001)
core   0: 1 0x0000000080000114 (0xa001)
core   0: 1 0x0000000080000114 (0xa001)
core   0: 1 0x0000000080000114 (0xa001)
core   0: 1 0x0000000080000114 (0xa001)
core   0: 1 0x0000000080000114 (0xa001)
core   0: 1 0x0000000080000114 (0xa001)
core   0: 1 0x0000000080000114 (0xa001)
core   0: 1 0x0000000080000114 (0xa001)
core   0: 1 0x0000000080000114 (0xa001)
core   0: 1 0x0000000080000114 (0xa001)
core   0: 1 0x0000000080000114 (0xa001)
core   0: 1 0x0000000080000114 (0xa001)
core   0: 1 0x0000000080000114 (0xa001)
core   0: 1 0x0000000080000114 (0xa001)
core   0: 1 0x0000000080000114 (0xa001)
core   0: 1 0x0000000080000114 (0xa001)
core   0: 1 0x0000000080000114 (0xa001)
core   0: 1 0x0000000080000114 (0xa001)
core   0: 1 0x0000000080000114 (0xa001)
core   0: 1 0x0000000080000114 (0xa001)
core   0: 1 0x0000000080000114 (0xa001)
core   0: 1 0x0000000080000114 (0xa001)
core   0: 1 0x0000000080000114 (0xa001)
core   0: 1 0x0000000080000114 (0xa001)
core   0: 1 0x0000000080000114 (0xa001)
core   0: 1 0x0000000080000114 (0xa001)
core   0: 1 0x0000000080000114 (0xa001)
core   0: 1 0x0000000080000114 (0xa001)
core   0: 1 0x0000000080000114 (0xa001)
core   0: 1 0x0000000080000114 (0xa001)
core   0: 1 0x0000000080000114 (0xa001)
core   0: 1 0x0000000080000114 (0xa001)
core   0: 1 0x0000000080000114 (0xa001)
core   0: 1 0x0000000080000114 (0xa001)
core   0: 1 0x0000000080000114 (0xa001)
core   0: 1 0x0000000080000114 (0xa001)
core   0: 1 0x0000000080000114 (0xa001)
core   0: 1 0x0000000080000114 (0xa001)
core   0: 1 0x0000000080000114 (0xa001)
core   0: 1 0x0000000080000114 (0xa001)
core   0: 1 0x0000000080000114 (0xa001)
core   0: 1 0x0000000080000114 (0xa001)
core   0: 1 0x0000000080000114 (0xa001)
core   0: 1 0x0000000080000114 (0xa001)
core   0: 1 0x0000000080000114 (0xa001)
core   0: 1 0x0000000080000114 (0xa001)
core   0: 1 0x0000000080000114 (0xa001)
core   0: 1 0x0000000080000114 (0xa001)
core   0: 1 0x0000000080000114 (0xa001)
core   0: 1 0x0000000080000114 (0xa001)
core   0: 1 0x0000000080000114 (0xa001)
core   0: 1 0x0000000080000114 (0xa001)
core   0: 1 0x0000000080000114 (0xa001)
core   0: 1 0x0000000080000114 (0xa001)
core   0: 1 0x0000000080000114 (0xa001)
core   0: 1 0x0000000080000114 (0xa001)
core   0: 1 0x0000000080000114 (0xa001)
core   0: 1 0x0000000080000114 (0xa001)
core   0: 1 0x0000000080000114 (0xa001)
core   0: 1 0x0000000080000114 (0xa001)
core   0: 1 0x0000000080000114 (0xa001)
core   0: 1 0x0000000080000114 (0xa001)
core   0: 1 0x0000000080000114 (0xa001)
core   0: 1 0x0000000080000114 (0xa001)
core   0: 1 0x0000000080000114 (0xa001)
core   0: 1 0x0000000080000114 (0xa001)
core   0: 1 0x0000000080000114 (0xa001)
core   0: 1 0x0000000080000114 (0xa001)
core   0: 1 0x0000000080000114 (0xa001)
core   0: 1 0x0000000080000114 (0xa001)
core   0: 1 0x0000000080000114 (0xa001)
core   0: 1 0x0000000080000114 (0xa001)
core   0: 1 0x0000000080000114 (0xa001)
core   0: 1 0x0000000080000114 (0xa001)
core   0: 1 0x0000000080000114 (0xa001)
core   0: 1 0x0000000080000114 (0xa001)
core   0: 1 0x0000000080000114 (0xa001)
core   0: 1 0x0000000080000114 (0xa001)
core   0: 1 0x0000000080000114 (0xa001)
core   0: 1 0x0000000080000114 (0xa001)
core   0: 1 0x0000000080000114 (0xa001)
core   0: 1 0x0000000080000114 (0xa001)
core   0: 1 0x0000000080000114 (0xa001)
core   0: 1 0x0000000080000114 (0xa001)
core   0: 1 0x0000000080000114 (0xa001)
core   0: 1 0x0000000080000114 (0xa001)
core   0: 1 0x0000000080000114 (0xa001)
core   0: 1 0x0000000080000114 (0xa001)
core   0: 1 0x0000000080000114 (0xa001)
core   0: 1 0x0000000080000114 (0xa001)
core   0: 1 0x0000000080000114 (0xa001)
core   0: 1 0x0000000080000114 (0xa001)
core   0: 1 0x0000000080000114 (0xa001)
core   0: 1 0x0000000080000114 (0xa001)
core   0: 1 0x0000000080000114 (0xa001)
core   0: 1 0x0000000080000114 (0xa001)
core   0: 1 0x0000000080000114 (0xa001)
core   0: 1 0x0000000080000114 (0xa001)
core   0: 1 0x0000000080000114 (0xa001)
core   0: 1 0x0000000080000114 (0xa001)
core   0: 1 0x0000000080000114 (0xa001)
core   0: 1 0x0000000080000114 (0xa001)
core   0: 1 0x0000000080000114 (0xa001)
core   0: 1 0x0000000080000114 (0xa001)
core   0: 1 0x0000000080000114 (0xa001)
core   0: 1 0x0000000080000114 (0xa001)
core   0: 1 0x0000000080000114 (0xa001)
core   0: 1 0x0000000080000114 (0xa001)
core   0: 1 0x0000000080000114 (0xa001)
core   0: 1 0x0000000080000114 (0xa001)
core   0: 1 0x0000000080000114 (0xa001)
core   0: 1 0x0000000080000114 (0xa001)
core   0: 1 0x0000000080000114 (0xa001)
core   0: 1 0x0000000080000114 (0xa001)
core   0: 1 0x0000000080000114 (0xa001)
core   0: 1 0x0000000080000114 (0xa001)
core   0: 1 0x0000000080000114 (0xa001)
core   0: 1 0x0000000080000114 (0xa001)
core   0: 1 0x0000000080000114 (0xa001)
core   0: 1 0x0000000080000114 (0xa001)
core   0: 1 0x0000000080000114 (0xa001)
core   0: 1 0x0000000080000114 (0xa001)
core   0: 1 0x0000000080000114 (0xa001)
core   0: 1 0x0000000080000114 (0xa001)
core   0: 1 0x0000000080000114 (0xa001)
core   0: 1 0x0000000080000114 (0xa001)
core   0: 1 0x0000000080000114 (0xa001)
core   0: 1 0x0000000080000114 (0xa001)
core   0: 1 0x0000000080000114 (0xa001)
core   0: 1 0x0000000080000114 (0xa001)
core   0: 1 0x0000000080000114 (0xa001)
core   0: 1 0x0000000080000114 (0xa001)
core   0: 1 0x0000000080000114 (0xa001)
core   0: 1 0x0000000080000114 (0xa001)
core   0: 1 0x0000000080000114 (0xa001)
core   0: 1 0x0000000080000114 (0xa001)
core   0: 1 0x0000000080000114 (0xa001)
core   0: 1 0x0000000080000114 (0xa001)
core   0: 1 0x0000000080000114 (0xa001)
core   0: 1 0x0000000080000114 (0xa001)
core   0: 1 0x0000000080000114 (0xa001)
core   0: 1 0x0000000080000114 (0xa001)
core   0: 1 0x0000000080000114 (0xa001)
core   0: 1 0x0000000080000114 (0xa001)
core   0: 1 0x0000000080000114 (0xa001)
core   0: 1 0x0000000080000114 (0xa001)
core   0: 1 0x0000000080000114 (0xa001)
core   0: 1 0x0000000080000114 (0xa001)
core   0: 1 0x0000000080000114 (0xa001)
core   0: 1 0x0000000080000114 (0xa001)
core   0: 1 0x0000000080000114 (0xa001)
core   0: 1 0x0000000080000114 (0xa001)
core   0: 1 0x0000000080000114 (0xa001)
core   0: 1 0x0000000080000114 (0xa001)
core   0: 1 0x0000000080000114 (0xa001)
core   0: 1 0x0000000080000114 (0xa001)
core   0: 1 0x0000000080000114 (0xa001)
core   0: 1 0x0000000080000114 (0xa001)
core   0: 1 0x0000000080000114 (0xa001)
core   0: 1 0x0000000080000114 (0xa001)
core   0: 1 0x0000000080000114 (0xa001)
core   0: 1 0x0000000080000114 (0xa001)
core   0: 1 0x0000000080000114 (0xa001)
core   0: 1 0x0000000080000114 (0xa001)
core   0: 1 0x0000000080000114 (0xa001)
core   0: 1 0x0000000080000114 (0xa001)
core   0: 1 0x0000000080000114 (0xa001)
core   0: 1 0x0000000080000114 (0xa001)
core   0: 1 0x0000000080000114 (0xa001)
core   0: 1 0x0000000080000114 (0xa001)
core   0: 1 0x0000000080000114 (0xa001)
core   0: 1 0x0000000080000114 (0xa001)
core   0: 1 0x0000000080000114 (0xa001)
core   0: 1 0x0000000080000114 (0xa001)
core   0: 1 0x0000000080000114 (0xa001)
core   0: 1 0x0000000080000114 (0xa001)
core   0: 1 0x0000000080000114 (0xa001)
core   0: 1 0x0000000080000114 (0xa001)
core   0: 1 0x0000000080000114 (0xa001)
core   0: 1 0x0000000080000114 (0xa001)
core   0: 1 0x0000000080000114 (0xa001)
core   0: 1 0x0000000080000114 (0xa001)
core   0: 1 0x0000000080000114 (0xa001)
core   0: 1 0x0000000080000114 (0xa001)
core   0: 1 0x0000000080000114 (0xa001)
core   0: 1 0x0000000080000114 (0xa001)
core   0: 1 0x0000000080000114 (0xa001)
core   0: 1 0x0000000080000114 (0xa001)
core   0: 1 0x0000000080000114 (0xa001)
core   0: 1 0x0000000080000114 (0xa001)
core   0: 1 0x0000000080000114 (0xa001)
core   0: 1 0x0000000080000114 (0xa001)
core   0: 1 0x0000000080000114 (0xa001)
core   0: 1 0x0000000080000114 (0xa001)
core   0: 1 0x0000000080000114 (0xa001)
core   0: 1 0x0000000080000114 (0xa001)
core   0: 1 0x0000000080000114 (0xa001)
core   0: 1 0x0000000080000114 (0xa001)
core   0: 1 0x0000000080000114 (0xa001)
core   0: 1 0x0000000080000114 (0xa001)
core   0: 1 0x0000000080000114 (0xa001)
core   0: 1 0x0000000080000114 (0xa001)
core   0: 1 0x0000000080000114 (0xa001)
core   0: 1 0x0000000080000114 (0xa001)
core   0: 1 0x0000000080000114 (0xa001)
core   0: 1 0x0000000080000114 (0xa001)
core   0: 1 0x0000000080000114 (0xa001)
core   0: 1 0x0000000080000114 (0xa001)
core   0: 1 0x0000000080000114 (0xa001)
core   0: 1 0x0000000080000114 (0xa001)
core   0: 1 0x0000000080000114 (0xa001)
core   0: 1 0x0000000080000114 (0xa001)
core   0: 1 0x0000000080000114 (0xa001)
core   0: 1 0x0000000080000114 (0xa001)
core   0: 1 0x0000000080000114 (0xa001)
core   0: 1 0x0000000080000114 (0xa001)
core   0: 1 0x0000000080000114 (0xa001)
core   0: 1 0x0000000080000114 (0xa001)
core   0: 1 0x0000000080000114 (0xa001)
core   0: 1 0x0000000080000114 (0xa001)
core   0: 1 0x0000000080000114 (0xa001)
core   0: 1 0x0000000080000114 (0xa001)
core   0: 1 0x0000000080000114 (0xa001)
core   0: 1 0x0000000080000114 (0xa001)
core   0: 1 0x0000000080000114 (0xa001)
core   0: 1 0x0000000080000114 (0xa001)
core   0: 1 0x0000000080000114 (0xa001)
core   0: 1 0x0000000080000114 (0xa001)
core   0: 1 0x0000000080000114 (0xa001)
core   0: 1 0x0000000080000114 (0xa001)
core   0: 1 0x0000000080000114 (0xa001)
core   0: 1 0x0000000080000114 (0xa001)
core   0: 1 0x0000000080000114 (0xa001)
core   0: 1 0x0000000080000114 (0xa001)
core   0: 1 0x0000000080000114 (0xa001)
core   0: 1 0x0000000080000114 (0xa001)
core   0: 1 0x0000000080000114 (0xa001)
core   0: 1 0x0000000080000114 (0xa001)
core   0: 1 0x0000000080000114 (0xa001)
core   0: 1 0x0000000080000114 (0xa001)
core   0: 1 0x0000000080000114 (0xa001)
core   0: 1 0x0000000080000114 (0xa001)
core   0: 1 0x0000000080000114 (0xa001)
core   0: 1 0x0000000080000114 (0xa001)
core   0: 1 0x0000000080000114 (0xa001)
core   0: 1 0x0000000080000114 (0xa001)
core   0: 1 0x0000000080000114 (0xa001)
core   0: 1 0x0000000080000114 (0xa001)
core   0: 1 0x0000000080000114 (0xa001)
core   0: 1 0x0000000080000114 (0xa001)
core   0: 1 0x0000000080000114 (0xa001)
core   0: 1 0x0000000080000114 (0xa001)
core   0: 1 0x0000000080000114 (0xa001)
core   0: 1 0x0000000080000114 (0xa001)
core   0: 1 0x0000000080000114 (0xa001)
core   0: 1 0x0000000080000114 (0xa001)
core   0: 1 0x0000000080000114 (0xa001)
core   0: 1 0x0000000080000114 (0xa001)
core   0: 1 0x0000000080000114 (0xa001)
core   0: 1 0x0000000080000114 (0xa001)
core   0: 1 0x0000000080000114 (0xa001)
core   0: 1 0x0000000080000114 (0xa001)
core   0: 1 0x0000000080000114 (0xa001)
core   0: 1 0x0000000080000114 (0xa001)
core   0: 1 0x0000000080000114 (0xa001)
core   0: 1 0x0000000080000114 (0xa001)
core   0: 1 0x0000000080000114 (0xa001)
core   0: 1 0x0000000080000114 (0xa001)
core   0: 1 0x0000000080000114 (0xa001)
core   0: 1 0x0000000080000114 (0xa001)
core   0: 1 0x0000000080000114 (0xa001)
core   0: 1 0x0000000080000114 (0xa001)
core   0: 1 0x0000000080000114 (0xa001)
core   0: 1 0x0000000080000114 (0xa001)
core   0: 1 0x0000000080000114 (0xa001)
core   0: 1 0x0000000080000114 (0xa001)
core   0: 1 0x0000000080000114 (0xa001)
core   0: 1 0x0000000080000114 (0xa001)
core   0: 1 0x0000000080000114 (0xa001)
core   0: 1 0x0000000080000114 (0xa001)
core   0: 1 0x0000000080000114 (0xa001)
core   0: 1 0x0000000080000114 (0xa001)
core   0: 1 0x0000000080000114 (0xa001)
core   0: 1 0x0000000080000114 (0xa001)
core   0: 1 0x0000000080000114 (0xa001)
core   0: 1 0x0000000080000114 (0xa001)
core   0: 1 0x0000000080000114 (0xa001)
core   0: 1 0x0000000080000114 (0xa001)
core   0: 1 0x0000000080000114 (0xa001)
core   0: 1 0x0000000080000114 (0xa001)
core   0: 1 0x0000000080000114 (0xa001)
core   0: 1 0x0000000080000114 (0xa001)
core   0: 1 0x0000000080000114 (0xa001)
core   0: 1 0x0000000080000114 (0xa001)
core   0: 1 0x0000000080000114 (0xa001)
core   0: 1 0x0000000080000114 (0xa001)
core   0: 1 0x0000000080000114 (0xa001)
core   0: 1 0x0000000080000114 (0xa001)
core   0: 1 0x0000000080000114 (0xa001)
core   0: 1 0x0000000080000114 (0xa001)
core   0: 1 0x0000000080000114 (0xa001)
core   0: 1 0x0000000080000114 (0xa001)
core   0: 1 0x0000000080000114 (0xa001)
core   0: 1 0x0000000080000114 (0xa001)
core   0: 1 0x0000000080000114 (0xa001)
core   0: 1 0x0000000080000114 (0xa001)
core   0: 1 0x0000000080000114 (0xa001)
core   0: 1 0x0000000080000114 (0xa001)
core   0: 1 0x0000000080000114 (0xa001)
core   0: 1 0x0000000080000114 (0xa001)
core   0: 1 0x0000000080000114 (0xa001)
core   0: 1 0x0000000080000114 (0xa001)
core   0: 1 0x0000000080000114 (0xa001)
core   0: 1 0x0000000080000114 (0xa001)
core   0: 1 0x0000000080000114 (0xa001)
core   0: 1 0x0000000080000114 (0xa001)
core   0: 1 0x0000000080000114 (0xa001)
core   0: 1 0x0000000080000114 (0xa001)
core   0: 1 0x0000000080000114 (0xa001)
core   0: 1 0x0000000080000114 (0xa001)
core   0: 1 0x0000000080000114 (0xa001)
core   0: 1 0x0000000080000114 (0xa001)
core   0: 1 0x0000000080000114 (0xa001)
core   0: 1 0x0000000080000114 (0xa001)
core   0: 1 0x0000000080000114 (0xa001)
core   0: 1 0x0000000080000114 (0xa001)
core   0: 1 0x0000000080000114 (0xa001)
core   0: 1 0x0000000080000114 (0xa001)
core   0: 1 0x0000000080000114 (0xa001)
core   0: 1 0x0000000080000114 (0xa001)
core   0: 1 0x0000000080000114 (0xa001)
core   0: 1 0x0000000080000114 (0xa001)
core   0: 1 0x0000000080000114 (0xa001)
core   0: 1 0x0000000080000114 (0xa001)
core   0: 1 0x0000000080000114 (0xa001)
core   0: 1 0x0000000080000114 (0xa001)
core   0: 1 0x0000000080000114 (0xa001)
core   0: 1 0x0000000080000114 (0xa001)
core   0: 1 0x0000000080000114 (0xa001)
core   0: 1 0x0000000080000114 (0xa001)
core   0: 1 0x0000000080000114 (0xa001)
core   0: 1 0x0000000080000114 (0xa001)
core   0: 1 0x0000000080000114 (0xa001)
core   0: 1 0x0000000080000114 (0xa001)
core   0: 1 0x0000000080000114 (0xa001)
core   0: 1 0x0000000080000114 (0xa001)
core   0: 1 0x0000000080000114 (0xa001)
core   0: 1 0x0000000080000114 (0xa001)
core   0: 1 0x0000000080000114 (0xa001)
core   0: 1 0x0000000080000114 (0xa001)
core   0: 1 0x0000000080000114 (0xa001)
core   0: 1 0x0000000080000114 (0xa001)
core   0: 1 0x0000000080000114 (0xa001)
core   0: 1 0x0000000080000114 (0xa001)
core   0: 1 0x0000000080000114 (0xa001)
core   0: 1 0x0000000080000114 (0xa001)
core   0: 1 0x0000000080000114 (0xa001)
core   0: 1 0x0000000080000114 (0xa001)
core   0: 1 0x0000000080000114 (0xa001)
core   0: 1 0x0000000080000114 (0xa001)
core   0: 1 0x0000000080000114 (0xa001)
core   0: 1 0x0000000080000114 (0xa001)
core   0: 1 0x0000000080000114 (0xa001)
core   0: 1 0x0000000080000114 (0xa001)
core   0: 1 0x0000000080000114 (0xa001)
core   0: 1 0x0000000080000114 (0xa001)
core   0: 1 0x0000000080000114 (0xa001)
core   0: 1 0x0000000080000114 (0xa001)
core   0: 1 0x0000000080000114 (0xa001)
core   0: 1 0x0000000080000114 (0xa001)
core   0: 1 0x0000000080000114 (0xa001)
core   0: 1 0x0000000080000114 (0xa001)
core   0: 1 0x0000000080000114 (0xa001)
core   0: 1 0x0000000080000114 (0xa001)
core   0: 1 0x0000000080000114 (0xa001)
core   0: 1 0x0000000080000114 (0xa001)
core   0: 1 0x0000000080000114 (0xa001)
core   0: 1 0x0000000080000114 (0xa001)
core   0: 1 0x0000000080000114 (0xa001)
core   0: 1 0x0000000080000114 (0xa001)
core   0: 1 0x0000000080000114 (0xa001)
core   0: 1 0x0000000080000114 (0xa001)
core   0: 1 0x0000000080000114 (0xa001)
core   0: 1 0x0000000080000114 (0xa001)
core   0: 1 0x0000000080000114 (0xa001)
core   0: 1 0x0000000080000114 (0xa001)
core   0: 1 0x0000000080000114 (0xa001)
core   0: 1 0x0000000080000114 (0xa001)
core   0: 1 0x0000000080000114 (0xa001)
core   0: 1 0x0000000080000114 (0xa001)
core   0: 1 0x0000000080000114 (0xa001)
core   0: 1 0x0000000080000114 (0xa001)
core   0: 1 0x0000000080000114 (0xa001)
core   0: 1 0x0000000080000114 (0xa001)
core   0: 1 0x0000000080000114 (0xa001)
core   0: 1 0x0000000080000114 (0xa001)
core   0: 1 0x0000000080000114 (0xa001)
core   0: 1 0x0000000080000114 (0xa001)
core   0: 1 0x0000000080000114 (0xa001)
core   0: 1 0x0000000080000114 (0xa001)
core   0: 1 0x0000000080000114 (0xa001)
core   0: 1 0x0000000080000114 (0xa001)
core   0: 1 0x0000000080000114 (0xa001)
core   0: 1 0x0000000080000114 (0xa001)
core   0: 1 0x0000000080000114 (0xa001)
core   0: 1 0x0000000080000114 (0xa001)
core   0: 1 0x0000000080000114 (0xa001)
core   0: 1 0x0000000080000114 (0xa001)
core   0: 1 0x0000000080000114 (0xa001)
core   0: 1 0x0000000080000114 (0xa001)
core   0: 1 0x0000000080000114 (0xa001)
core   0: 1 0x0000000080000114 (0xa001)
core   0: 1 0x0000000080000114 (0xa001)
core   0: 1 0x0000000080000114 (0xa001)
core   0: 1 0x0000000080000114 (0xa001)
core   0: 1 0x0000000080000114 (0xa001)
core   0: 1 0x0000000080000114 (0xa001)
core   0: 1 0x0000000080000114 (0xa001)
core   0: 1 0x0000000080000114 (0xa001)
core   0: 1 0x0000000080000114 (0xa001)
core   0: 1 0x0000000080000114 (0xa001)
core   0: 1 0x0000000080000114 (0xa001)
core   0: 1 0x0000000080000114 (0xa001)
core   0: 1 0x0000000080000114 (0xa001)
core   0: 1 0x0000000080000114 (0xa001)
core   0: 1 0x0000000080000114 (0xa001)
core   0: 1 0x0000000080000114 (0xa001)
core   0: 1 0x0000000080000114 (0xa001)
core   0: 1 0x0000000080000114 (0xa001)
core   0: 1 0x0000000080000114 (0xa001)
core   0: 1 0x0000000080000114 (0xa001)
core   0: 1 0x0000000080000114 (0xa001)
core   0: 1 0x0000000080000114 (0xa001)
core   0: 1 0x0000000080000114 (0xa001)
core   0: 1 0x0000000080000114 (0xa001)
core   0: 1 0x0000000080000114 (0xa001)
core   0: 1 0x0000000080000114 (0xa001)
core   0: 1 0x0000000080000114 (0xa001)
core   0: 1 0x0000000080000114 (0xa001)
core   0: 1 0x0000000080000114 (0xa001)
core   0: 1 0x0000000080000114 (0xa001)
core   0: 1 0x0000000080000114 (0xa001)
core   0: 1 0x0000000080000114 (0xa001)
core   0: 1 0x0000000080000114 (0xa001)
core   0: 1 0x0000000080000114 (0xa001)
core   0: 1 0x0000000080000114 (0xa001)
core   0: 1 0x0000000080000114 (0xa001)
core   0: 1 0x0000000080000114 (0xa001)
core   0: 1 0x0000000080000114 (0xa001)
core   0: 1 0x0000000080000114 (0xa001)
core   0: 1 0x0000000080000114 (0xa001)
core   0: 1 0x0000000080000114 (0xa001)
core   0: 1 0x0000000080000114 (0xa001)
core   0: 1 0x0000000080000114 (0xa001)
core   0: 1 0x0000000080000114 (0xa001)
core   0: 1 0x0000000080000114 (0xa001)
core   0: 1 0x0000000080000114 (0xa001)
core   0: 1 0x0000000080000114 (0xa001)
core   0: 1 0x0000000080000114 (0xa001)
core   0: 1 0x0000000080000114 (0xa001)
core   0: 1 0x0000000080000114 (0xa001)
core   0: 1 0x0000000080000114 (0xa001)
core   0: 1 0x0000000080000114 (0xa001)
core   0: 1 0x0000000080000114 (0xa001)
core   0: 1 0x0000000080000114 (0xa001)
core   0: 1 0x0000000080000114 (0xa001)
core   0: 1 0x0000000080000114 (0xa001)
core   0: 1 0x0000000080000114 (0xa001)
core   0: 1 0x0000000080000114 (0xa001)
core   0: 1 0x0000000080000114 (0xa001)
core   0: 1 0x0000000080000114 (0xa001)
core   0: 1 0x0000000080000114 (0xa001)
core   0: 1 0x0000000080000114 (0xa001)
core   0: 1 0x0000000080000114 (0xa001)
core   0: 1 0x0000000080000114 (0xa001)
core   0: 1 0x0000000080000114 (0xa001)
core   0: 1 0x0000000080000114 (0xa001)
core   0: 1 0x0000000080000114 (0xa001)
core   0: 1 0x0000000080000114 (0xa001)
core   0: 1 0x0000000080000114 (0xa001)
core   0: 1 0x0000000080000114 (0xa001)
core   0: 1 0x0000000080000114 (0xa001)
core   0: 1 0x0000000080000114 (0xa001)
core   0: 1 0x0000000080000114 (0xa001)
core   0: 1 0x0000000080000114 (0xa001)
core   0: 1 0x0000000080000114 (0xa001)
core   0: 1 0x0000000080000114 (0xa001)
core   0: 1 0x0000000080000114 (0xa001)
core   0: 1 0x0000000080000114 (0xa001)
core   0: 1 0x0000000080000114 (0xa001)
core   0: 1 0x0000000080000114 (0xa001)
core   0: 1 0x0000000080000114 (0xa001)
core   0: 1 0x0000000080000114 (0xa001)
core   0: 1 0x0000000080000114 (0xa001)
core   0: 1 0x0000000080000114 (0xa001)
core   0: 1 0x0000000080000114 (0xa001)
core   0: 1 0x0000000080000114 (0xa001)
core   0: 1 0x0000000080000114 (0xa001)
core   0: 1 0x0000000080000114 (0xa001)
core   0: 1 0x0000000080000114 (0xa001)
core   0: 1 0x0000000080000114 (0xa001)
core   0: 1 0x0000000080000114 (0xa001)
core   0: 1 0x0000000080000114 (0xa001)
core   0: 1 0x0000000080000114 (0xa001)
core   0: 1 0x0000000080000114 (0xa001)
core   0: 1 0x0000000080000114 (0xa001)
core   0: 1 0x0000000080000114 (0xa001)
core   0: 1 0x0000000080000114 (0xa001)
core   0: 1 0x0000000080000114 (0xa001)
core   0: 1 0x0000000080000114 (0xa001)
core   0: 1 0x0000000080000114 (0xa001)
core   0: 1 0x0000000080000114 (0xa001)
core   0: 1 0x0000000080000114 (0xa001)
core   0: 1 0x0000000080000114 (0xa001)
core   0: 1 0x0000000080000114 (0xa001)
core   0: 1 0x0000000080000114 (0xa001)
core   0: 1 0x0000000080000114 (0xa001)
core   0: 1 0x0000000080000114 (0xa001)
core   0: 1 0x0000000080000114 (0xa001)
core   0: 1 0x0000000080000114 (0xa001)
core   0: 1 0x0000000080000114 (0xa001)
core   0: 1 0x0000000080000114 (0xa001)
core   0: 1 0x0000000080000114 (0xa001)
core   0: 1 0x0000000080000114 (0xa001)
core   0: 1 0x0000000080000114 (0xa001)
core   0: 1 0x0000000080000114 (0xa001)
core   0: 1 0x0000000080000114 (0xa001)
core   0: 1 0x0000000080000114 (0xa001)
core   0: 1 0x0000000080000114 (0xa001)
core   0: 1 0x0000000080000114 (0xa001)
core   0: 1 0x0000000080000114 (0xa001)
core   0: 1 0x0000000080000114 (0xa001)
core   0: 1 0x0000000080000114 (0xa001)
core   0: 1 0x0000000080000114 (0xa001)
core   0: 1 0x0000000080000114 (0xa001)
core   0: 1 0x0000000080000114 (0xa001)
core   0: 1 0x0000000080000114 (0xa001)
core   0: 1 0x0000000080000114 (0xa001)
core   0: 1 0x0000000080000114 (0xa001)
core   0: 1 0x0000000080000114 (0xa001)
core   0: 1 0x0000000080000114 (0xa001)
core   0: 1 0x0000000080000114 (0xa001)
core   0: 1 0x0000000080000114 (0xa001)
core   0: 1 0x0000000080000114 (0xa001)
core   0: 1 0x0000000080000114 (0xa001)
core   0: 1 0x0000000080000114 (0xa001)
core   0: 1 0x0000000080000114 (0xa001)
core   0: 1 0x0000000080000114 (0xa001)
core   0: 1 0x0000000080000114 (0xa001)
core   0: 1 0x0000000080000114 (0xa001)
core   0: 1 0x0000000080000114 (0xa001)
core   0: 1 0x0000000080000114 (0xa001)
core   0: 1 0x0000000080000114 (0xa001)
core   0: 1 0x0000000080000114 (0xa001)
core   0: 1 0x0000000080000114 (0xa001)
core   0: 1 0x0000000080000114 (0xa001)
core   0: 1 0x0000000080000114 (0xa001)
core   0: 1 0x0000000080000114 (0xa001)
core   0: 1 0x0000000080000114 (0xa001)
core   0: 1 0x0000000080000114 (0xa001)
core   0: 1 0x0000000080000114 (0xa001)
core   0: 1 0x0000000080000114 (0xa001)
core   0: 1 0x0000000080000114 (0xa001)
core   0: 1 0x0000000080000114 (0xa001)
core   0: 1 0x0000000080000114 (0xa001)
core   0: 1 0x0000000080000114 (0xa001)
core   0: 1 0x0000000080000114 (0xa001)
core   0: 1 0x0000000080000114 (0xa001)
core   0: 1 0x0000000080000114 (0xa001)
core   0: 1 0x0000000080000114 (0xa001)
core   0: 1 0x0000000080000114 (0xa001)
core   0: 1 0x0000000080000114 (0xa001)
core   0: 1 0x0000000080000114 (0xa001)
core   0: 1 0x0000000080000114 (0xa001)
core   0: 1 0x0000000080000114 (0xa001)
core   0: 1 0x0000000080000114 (0xa001)
core   0: 1 0x0000000080000114 (0xa001)
core   0: 1 0x0000000080000114 (0xa001)
core   0: 1 0x0000000080000114 (0xa001)
core   0: 1 0x0000000080000114 (0xa001)
core   0: 1 0x0000000080000114 (0xa001)
core   0: 1 0x0000000080000114 (0xa001)
core   0: 1 0x0000000080000114 (0xa001)
core   0: 1 0x0000000080000114 (0xa001)
core   0: 1 0x0000000080000114 (0xa001)
core   0: 1 0x0000000080000114 (0xa001)
core   0: 1 0x0000000080000114 (0xa001)
core   0: 1 0x0000000080000114 (0xa001)
core   0: 1 0x0000000080000114 (0xa001)
core   0: 1 0x0000000080000114 (0xa001)
core   0: 1 0x0000000080000114 (0xa001)
core   0: 1 0x0000000080000114 (0xa001)
core   0: 1 0x0000000080000114 (0xa001)
core   0: 1 0x0000000080000114 (0xa001)
core   0: 1 0x0000000080000114 (0xa001)
core   0: 1 0x0000000080000114 (0xa001)
core   0: 1 0x0000000080000114 (0xa001)
core   0: 1 0x0000000080000114 (0xa001)
core   0: 1 0x0000000080000114 (0xa001)
core   0: 1 0x0000000080000114 (0xa001)
core   0: 1 0x0000000080000114 (0xa001)
core   0: 1 0x0000000080000114 (0xa001)
core   0: 1 0x0000000080000114 (0xa001)
core   0: 1 0x0000000080000114 (0xa001)
core   0: 1 0x0000000080000114 (0xa001)
core   0: 1 0x0000000080000114 (0xa001)
core   0: 1 0x0000000080000114 (0xa001)
core   0: 1 0x0000000080000114 (0xa001)
core   0: 1 0x0000000080000114 (0xa001)
core   0: 1 0x0000000080000114 (0xa001)
core   0: 1 0x0000000080000114 (0xa001)
core   0: 1 0x0000000080000114 (0xa001)
core   0: 1 0x0000000080000114 (0xa001)
core   0: 1 0x0000000080000114 (0xa001)
core   0: 1 0x0000000080000114 (0xa001)
core   0: 1 0x0000000080000114 (0xa001)
core   0: 1 0x0000000080000114 (0xa001)
core   0: 1 0x0000000080000114 (0xa001)
core   0: 1 0x0000000080000114 (0xa001)
core   0: 1 0x0000000080000114 (0xa001)
core   0: 1 0x0000000080000114 (0xa001)
core   0: 1 0x0000000080000114 (0xa001)
core   0: 1 0x0000000080000114 (0xa001)
core   0: 1 0x0000000080000114 (0xa001)
core   0: 1 0x0000000080000114 (0xa001)
core   0: 1 0x0000000080000114 (0xa001)
core   0: 1 0x0000000080000114 (0xa001)
core   0: 1 0x0000000080000114 (0xa001)
core   0: 1 0x0000000080000114 (0xa001)
core   0: 1 0x0000000080000114 (0xa001)
core   0: 1 0x0000000080000114 (0xa001)
core   0: 1 0x0000000080000114 (0xa001)
core   0: 1 0x0000000080000114 (0xa001)
core   0: 1 0x0000000080000114 (0xa001)
core   0: 1 0x0000000080000114 (0xa001)
core   0: 1 0x0000000080000114 (0xa001)
core   0: 1 0x0000000080000114 (0xa001)
core   0: 1 0x0000000080000114 (0xa001)
core   0: 1 0x0000000080000114 (0xa001)
core   0: 1 0x0000000080000114 (0xa001)
core   0: 1 0x0000000080000114 (0xa001)
core   0: 1 0x0000000080000114 (0xa001)
core   0: 1 0x0000000080000114 (0xa001)
core   0: 1 0x0000000080000114 (0xa001)
core   0: 1 0x0000000080000114 (0xa001)
core   0: 1 0x0000000080000114 (0xa001)
core   0: 1 0x0000000080000114 (0xa001)
core   0: 1 0x0000000080000114 (0xa001)
core   0: 1 0x0000000080000114 (0xa001)
core   0: 1 0x0000000080000114 (0xa001)
core   0: 1 0x0000000080000114 (0xa001)
core   0: 1 0x0000000080000114 (0xa001)
core   0: 1 0x0000000080000114 (0xa001)
core   0: 1 0x0000000080000114 (0xa001)
core   0: 1 0x0000000080000114 (0xa001)
core   0: 1 0x0000000080000114 (0xa001)
core   0: 1 0x0000000080000114 (0xa001)
core   0: 1 0x0000000080000114 (0xa001)
core   0: 1 0x0000000080000114 (0xa001)
core   0: 1 0x0000000080000114 (0xa001)
core   0: 1 0x0000000080000114 (0xa001)
core   0: 1 0x0000000080000114 (0xa001)
core   0: 1 0x0000000080000114 (0xa001)
core   0: 1 0x0000000080000114 (0xa001)
core   0: 1 0x0000000080000114 (0xa001)
core   0: 1 0x0000000080000114 (0xa001)
core   0: 1 0x0000000080000114 (0xa001)
core   0: 1 0x0000000080000114 (0xa001)
core   0: 1 0x0000000080000114 (0xa001)
core   0: 1 0x0000000080000114 (0xa001)
core   0: 1 0x0000000080000114 (0xa001)
core   0: 1 0x0000000080000114 (0xa001)
core   0: 1 0x0000000080000114 (0xa001)
core   0: 1 0x0000000080000114 (0xa001)
core   0: 1 0x0000000080000114 (0xa001)
core   0: 1 0x0000000080000114 (0xa001)
core   0: 1 0x0000000080000114 (0xa001)
core   0: 1 0x0000000080000114 (0xa001)
core   0: 1 0x0000000080000114 (0xa001)
core   0: 1 0x0000000080000114 (0xa001)
core   0: 1 0x0000000080000114 (0xa001)
core   0: 1 0x0000000080000114 (0xa001)
core   0: 1 0x0000000080000114 (0xa001)
core   0: 1 0x0000000080000114 (0xa001)
core   0: 1 0x0000000080000114 (0xa001)
core   0: 1 0x0000000080000114 (0xa001)
core   0: 1 0x0000000080000114 (0xa001)
core   0: 1 0x0000000080000114 (0xa001)
core   0: 1 0x0000000080000114 (0xa001)
core   0: 1 0x0000000080000114 (0xa001)
core   0: 1 0x0000000080000114 (0xa001)
core   0: 1 0x0000000080000114 (0xa001)
core   0: 1 0x0000000080000114 (0xa001)
core   0: 1 0x0000000080000114 (0xa001)
core   0: 1 0x0000000080000114 (0xa001)
core   0: 1 0x0000000080000114 (0xa001)
core   0: 1 0x0000000080000114 (0xa001)
core   0: 1 0x0000000080000114 (0xa001)
core   0: 1 0x0000000080000114 (0xa001)
core   0: 1 0x0000000080000114 (0xa001)
core   0: 1 0x0000000080000114 (0xa001)
core   0: 1 0x0000000080000114 (0xa001)
core   0: 1 0x0000000080000114 (0xa001)
core   0: 1 0x0000000080000114 (0xa001)
core   0: 1 0x0000000080000114 (0xa001)
core   0: 1 0x0000000080000114 (0xa001)
core   0: 1 0x0000000080000114 (0xa001)
core   0: 1 0x0000000080000114 (0xa001)
core   0: 1 0x0000000080000114 (0xa001)
core   0: 1 0x0000000080000114 (0xa001)
core   0: 1 0x0000000080000114 (0xa001)
core   0: 1 0x0000000080000114 (0xa001)
core   0: 1 0x0000000080000114 (0xa001)
core   0: 1 0x0000000080000114 (0xa001)
core   0: 1 0x0000000080000114 (0xa001)
core   0: 1 0x0000000080000114 (0xa001)
core   0: 1 0x0000000080000114 (0xa001)
core   0: 1 0x0000000080000114 (0xa001)
core   0: 1 0x0000000080000114 (0xa001)
core   0: 1 0x0000000080000114 (0xa001)
core   0: 1 0x0000000080000114 (0xa001)
core   0: 1 0x0000000080000114 (0xa001)
core   0: 1 0x0000000080000114 (0xa001)
core   0: 1 0x0000000080000114 (0xa001)
core   0: 1 0x0000000080000114 (0xa001)
core   0: 1 0x0000000080000114 (0xa001)
core   0: 1 0x0000000080000114 (0xa001)
core   0: 1 0x0000000080000114 (0xa001)
core   0: 1 0x0000000080000114 (0xa001)
core   0: 1 0x0000000080000114 (0xa001)
core   0: 1 0x0000000080000114 (0xa001)
core   0: 1 0x0000000080000114 (0xa001)
core   0: 1 0x0000000080000114 (0xa001)
core   0: 1 0x0000000080000114 (0xa001)
core   0: 1 0x0000000080000114 (0xa001)
core   0: 1 0x0000000080000114 (0xa001)
core   0: 1 0x0000000080000114 (0xa001)
core   0: 1 0x0000000080000114 (0xa001)
core   0: 1 0x0000000080000114 (0xa001)
core   0: 1 0x0000000080000114 (0xa001)
core   0: 1 0x0000000080000114 (0xa001)
core   0: 1 0x0000000080000114 (0xa001)
core   0: 1 0x0000000080000114 (0xa001)
core   0: 1 0x0000000080000114 (0xa001)
core   0: 1 0x0000000080000114 (0xa001)
core   0: 1 0x0000000080000114 (0xa001)
core   0: 1 0x0000000080000114 (0xa001)
core   0: 1 0x0000000080000114 (0xa001)
core   0: 1 0x0000000080000114 (0xa001)
core   0: 1 0x0000000080000114 (0xa001)
core   0: 1 0x0000000080000114 (0xa001)
core   0: 1 0x0000000080000114 (0xa001)
core   0: 1 0x0000000080000114 (0xa001)
core   0: 1 0x0000000080000114 (0xa001)
core   0: 1 0x0000000080000114 (0xa001)
core   0: 1 0x0000000080000114 (0xa001)
core   0: 1 0x0000000080000114 (0xa001)
core   0: 1 0x0000000080000114 (0xa001)
core   0: 1 0x0000000080000114 (0xa001)
core   0: 1 0x0000000080000114 (0xa001)
core   0: 1 0x0000000080000114 (0xa001)
core   0: 1 0x0000000080000114 (0xa001)
core   0: 1 0x0000000080000114 (0xa001)
core   0: 1 0x0000000080000114 (0xa001)
core   0: 1 0x0000000080000114 (0xa001)
core   0: 1 0x0000000080000114 (0xa001)
core   0: 1 0x0000000080000114 (0xa001)
core   0: 1 0x0000000080000114 (0xa001)
core   0: 1 0x0000000080000114 (0xa001)
core   0: 1 0x0000000080000114 (0xa001)
core   0: 1 0x0000000080000114 (0xa001)
core   0: 1 0x0000000080000114 (0xa001)
core   0: 1 0x0000000080000114 (0xa001)
core   0: 1 0x0000000080000114 (0xa001)
core   0: 1 0x0000000080000114 (0xa001)
core   0: 1 0x0000000080000114 (0xa001)
core   0: 1 0x0000000080000114 (0xa001)
core   0: 1 0x0000000080000114 (0xa001)
core   0: 1 0x0000000080000114 (0xa001)
core   0: 1 0x0000000080000114 (0xa001)
core   0: 1 0x0000000080000114 (0xa001)
core   0: 1 0x0000000080000114 (0xa001)
core   0: 1 0x0000000080000114 (0xa001)
core   0: 1 0x0000000080000114 (0xa001)
core   0: 1 0x0000000080000114 (0xa001)
core   0: 1 0x0000000080000114 (0xa001)
core   0: 1 0x0000000080000114 (0xa001)
core   0: 1 0x0000000080000114 (0xa001)
core   0: 1 0x0000000080000114 (0xa001)
core   0: 1 0x0000000080000114 (0xa001)
core   0: 1 0x0000000080000114 (0xa001)
core   0: 1 0x0000000080000114 (0xa001)
core   0: 1 0x0000000080000114 (0xa001)
core   0: 1 0x0000000080000114 (0xa001)
core   0: 1 0x0000000080000114 (0xa001)
core   0: 1 0x0000000080000114 (0xa001)
core   0: 1 0x0000000080000114 (0xa001)
core   0: 1 0x0000000080000114 (0xa001)
core   0: 1 0x0000000080000114 (0xa001)
core   0: 1 0x0000000080000114 (0xa001)
core   0: 1 0x0000000080000114 (0xa001)
core   0: 1 0x0000000080000114 (0xa001)
core   0: 1 0x0000000080000114 (0xa001)
core   0: 1 0x0000000080000114 (0xa001)
core   0: 1 0x0000000080000114 (0xa001)
core   0: 1 0x0000000080000114 (0xa001)
core   0: 1 0x0000000080000114 (0xa001)
core   0: 1 0x0000000080000114 (0xa001)
core   0: 1 0x0000000080000114 (0xa001)
core   0: 1 0x0000000080000114 (0xa001)
core   0: 1 0x0000000080000114 (0xa001)
core   0: 1 0x0000000080000114 (0xa001)
core   0: 1 0x0000000080000114 (0xa001)
core   0: 1 0x0000000080000114 (0xa001)
core   0: 1 0x0000000080000114 (0xa001)
core   0: 1 0x0000000080000114 (0xa001)
core   0: 1 0x0000000080000114 (0xa001)
core   0: 1 0x0000000080000114 (0xa001)
core   0: 1 0x0000000080000114 (0xa001)
core   0: 1 0x0000000080000114 (0xa001)
core   0: 1 0x0000000080000114 (0xa001)
core   0: 1 0x0000000080000114 (0xa001)
core   0: 1 0x0000000080000114 (0xa001)
core   0: 1 0x0000000080000114 (0xa001)
core   0: 1 0x0000000080000114 (0xa001)
core   0: 1 0x0000000080000114 (0xa001)
core   0: 1 0x0000000080000114 (0xa001)
core   0: 1 0x0000000080000114 (0xa001)
core   0: 1 0x0000000080000114 (0xa001)
core   0: 1 0x0000000080000114 (0xa001)
core   0: 1 0x0000000080000114 (0xa001)
core   0: 1 0x0000000080000114 (0xa001)
core   0: 1 0x0000000080000114 (0xa001)
core   0: 1 0x0000000080000114 (0xa001)
core   0: 1 0x0000000080000114 (0xa001)
core   0: 1 0x0000000080000114 (0xa001)
core   0: 1 0x0000000080000114 (0xa001)
core   0: 1 0x0000000080000114 (0xa001)
core   0: 1 0x0000000080000114 (0xa001)
core   0: 1 0x0000000080000114 (0xa001)
core   0: 1 0x0000000080000114 (0xa001)
core   0: 1 0x0000000080000114 (0xa001)
core   0: 1 0x0000000080000114 (0xa001)
core   0: 1 0x0000000080000114 (0xa001)
core   0: 1 0x0000000080000114 (0xa001)
core   0: 1 0x0000000080000114 (0xa001)
core   0: 1 0x0000000080000114 (0xa001)
core   0: 1 0x0000000080000114 (0xa001)
core   0: 1 0x0000000080000114 (0xa001)
core   0: 1 0x0000000080000114 (0xa001)
core   0: 1 0x0000000080000114 (0xa001)
core   0: 1 0x0000000080000114 (0xa001)
core   0: 1 0x0000000080000114 (0xa001)
core   0: 1 0x0000000080000114 (0xa001)
core   0: 1 0x0000000080000114 (0xa001)
core   0: 1 0x0000000080000114 (0xa001)
core   0: 1 0x0000000080000114 (0xa001)
core   0: 1 0x0000000080000114 (0xa001)
core   0: 1 0x0000000080000114 (0xa001)
core   0: 1 0x0000000080000114 (0xa001)
core   0: 1 0x0000000080000114 (0xa001)
core   0: 1 0x0000000080000114 (0xa001)
core   0: 1 0x0000000080000114 (0xa001)
core   0: 1 0x0000000080000114 (0xa001)
core   0: 1 0x0000000080000114 (0xa001)
core   0: 1 0x0000000080000114 (0xa001)
core   0: 1 0x0000000080000114 (0xa001)
core   0: 1 0x0000000080000114 (0xa001)
core   0: 1 0x0000000080000114 (0xa001)
core   0: 1 0x0000000080000114 (0xa001)
core   0: 1 0x0000000080000114 (0xa001)
core   0: 1 0x0000000080000114 (0xa001)
core   0: 1 0x0000000080000114 (0xa001)
core   0: 1 0x0000000080000114 (0xa001)
core   0: 1 0x0000000080000114 (0xa001)
core   0: 1 0x0000000080000114 (0xa001)
core   0: 1 0x0000000080000114 (0xa001)
core   0: 1 0x0000000080000114 (0xa001)
core   0: 1 0x0000000080000114 (0xa001)
core   0: 1 0x0000000080000114 (0xa001)
core   0: 1 0x0000000080000114 (0xa001)
core   0: 1 0x0000000080000114 (0xa001)
core   0: 1 0x0000000080000114 (0xa001)
core   0: 1 0x0000000080000114 (0xa001)
core   0: 1 0x0000000080000114 (0xa001)
core   0: 1 0x0000000080000114 (0xa001)
core   0: 1 0x0000000080000114 (0xa001)
core   0: 1 0x0000000080000114 (0xa001)
core   0: 1 0x0000000080000114 (0xa001)
core   0: 1 0x0000000080000114 (0xa001)
core   0: 1 0x0000000080000114 (0xa001)
core   0: 1 0x0000000080000114 (0xa001)
core   0: 1 0x0000000080000114 (0xa001)
core   0: 1 0x0000000080000114 (0xa001)
core   0: 1 0x0000000080000114 (0xa001)
core   0: 1 0x0000000080000114 (0xa001)
core   0: 1 0x0000000080000114 (0xa001)
core   0: 1 0x0000000080000114 (0xa001)
core   0: 1 0x0000000080000114 (0xa001)
core   0: 1 0x0000000080000114 (0xa001)
core   0: 1 0x0000000080000114 (0xa001)
core   0: 1 0x0000000080000114 (0xa001)
core   0: 1 0x0000000080000114 (0xa001)
core   0: 1 0x0000000080000114 (0xa001)
core   0: 1 0x0000000080000114 (0xa001)
core   0: 1 0x0000000080000114 (0xa001)
core   0: 1 0x0000000080000114 (0xa001)
core   0: 1 0x0000000080000114 (0xa001)
core   0: 1 0x0000000080000114 (0xa001)
core   0: 1 0x0000000080000114 (0xa001)
core   0: 1 0x0000000080000114 (0xa001)
core   0: 1 0x0000000080000114 (0xa001)
core   0: 1 0x0000000080000114 (0xa001)
core   0: 1 0x0000000080000114 (0xa001)
core   0: 1 0x0000000080000114 (0xa001)
core   0: 1 0x0000000080000114 (0xa001)
core   0: 1 0x0000000080000114 (0xa001)
core   0: 1 0x0000000080000114 (0xa001)
core   0: 1 0x0000000080000114 (0xa001)
core   0: 1 0x0000000080000114 (0xa001)
core   0: 1 0x0000000080000114 (0xa001)
core   0: 1 0x0000000080000114 (0xa001)
core   0: 1 0x0000000080000114 (0xa001)
core   0: 1 0x0000000080000114 (0xa001)
core   0: 1 0x0000000080000114 (0xa001)
core   0: 1 0x0000000080000114 (0xa001)
core   0: 1 0x0000000080000114 (0xa001)
core   0: 1 0x0000000080000114 (0xa001)
core   0: 1 0x0000000080000114 (0xa001)
core   0: 1 0x0000000080000114 (0xa001)
core   0: 1 0x0000000080000114 (0xa001)
core   0: 1 0x0000000080000114 (0xa001)
core   0: 1 0x0000000080000114 (0xa001)
core   0: 1 0x0000000080000114 (0xa001)
core   0: 1 0x0000000080000114 (0xa001)
core   0: 1 0x0000000080000114 (0xa001)
core   0: 1 0x0000000080000114 (0xa001)
core   0: 1 0x0000000080000114 (0xa001)
core   0: 1 0x0000000080000114 (0xa001)
core   0: 1 0x0000000080000114 (0xa001)
core   0: 1 0x0000000080000114 (0xa001)
core   0: 1 0x0000000080000114 (0xa001)
core   0: 1 0x0000000080000114 (0xa001)
core   0: 1 0x0000000080000114 (0xa001)
core   0: 1 0x0000000080000114 (0xa001)
core   0: 1 0x0000000080000114 (0xa001)
core   0: 1 0x0000000080000114 (0xa001)
core   0: 1 0x0000000080000114 (0xa001)
core   0: 1 0x0000000080000114 (0xa001)
core   0: 1 0x0000000080000114 (0xa001)
core   0: 1 0x0000000080000114 (0xa001)
core   0: 1 0x0000000080000114 (0xa001)
core   0: 1 0x0000000080000114 (0xa001)
core   0: 1 0x0000000080000114 (0xa001)
core   0: 1 0x0000000080000114 (0xa001)
core   0: 1 0x0000000080000114 (0xa001)
core   0: 1 0x0000000080000114 (0xa001)
core   0: 1 0x0000000080000114 (0xa001)
core   0: 1 0x0000000080000114 (0xa001)
core   0: 1 0x0000000080000114 (0xa001)
core   0: 1 0x0000000080000114 (0xa001)
core   0: 1 0x0000000080000114 (0xa001)
core   0: 1 0x0000000080000114 (0xa001)
core   0: 1 0x0000000080000114 (0xa001)
core   0: 1 0x0000000080000114 (0xa001)
core   0: 1 0x0000000080000114 (0xa001)
core   0: 1 0x0000000080000114 (0xa001)
core   0: 1 0x0000000080000114 (0xa001)
core   0: 1 0x0000000080000114 (0xa001)
core   0: 1 0x0000000080000114 (0xa001)
core   0: 1 0x0000000080000114 (0xa001)
core   0: 1 0x0000000080000114 (0xa001)
core   0: 1 0x0000000080000114 (0xa001)
core   0: 1 0x0000000080000114 (0xa001)
core   0: 1 0x0000000080000114 (0xa001)
core   0: 1 0x0000000080000114 (0xa001)
core   0: 1 0x0000000080000114 (0xa001)
core   0: 1 0x0000000080000114 (0xa001)
core   0: 1 0x0000000080000114 (0xa001)
core   0: 1 0x0000000080000114 (0xa001)
core   0: 1 0x0000000080000114 (0xa001)
core   0: 1 0x0000000080000114 (0xa001)
core   0: 1 0x0000000080000114 (0xa001)
core   0: 1 0x0000000080000114 (0xa001)
core   0: 1 0x0000000080000114 (0xa001)
core   0: 1 0x0000000080000114 (0xa001)
core   0: 1 0x0000000080000114 (0xa001)
core   0: 1 0x0000000080000114 (0xa001)
core   0: 1 0x0000000080000114 (0xa001)
core   0: 1 0x0000000080000114 (0xa001)
core   0: 1 0x0000000080000114 (0xa001)
core   0: 1 0x0000000080000114 (0xa001)
core   0: 1 0x0000000080000114 (0xa001)
core   0: 1 0x0000000080000114 (0xa001)
core   0: 1 0x0000000080000114 (0xa001)
core   0: 1 0x0000000080000114 (0xa001)
core   0: 1 0x0000000080000114 (0xa001)
core   0: 1 0x0000000080000114 (0xa001)
core   0: 1 0x0000000080000114 (0xa001)
core   0: 1 0x0000000080000114 (0xa001)
core   0: 1 0x0000000080000114 (0xa001)
core   0: 1 0x0000000080000114 (0xa001)
core   0: 1 0x0000000080000114 (0xa001)
core   0: 1 0x0000000080000114 (0xa001)
core   0: 1 0x0000000080000114 (0xa001)
core   0: 1 0x0000000080000114 (0xa001)
core   0: 1 0x0000000080000114 (0xa001)
core   0: 1 0x0000000080000114 (0xa001)
core   0: 1 0x0000000080000114 (0xa001)
core   0: 1 0x0000000080000114 (0xa001)
core   0: 1 0x0000000080000114 (0xa001)
core   0: 1 0x0000000080000114 (0xa001)
core   0: 1 0x0000000080000114 (0xa001)
core   0: 1 0x0000000080000114 (0xa001)
core   0: 1 0x0000000080000114 (0xa001)
core   0: 1 0x0000000080000114 (0xa001)
core   0: 1 0x0000000080000114 (0xa001)
core   0: 1 0x0000000080000114 (0xa001)
core   0: 1 0x0000000080000114 (0xa001)
core   0: 1 0x0000000080000114 (0xa001)
core   0: 1 0x0000000080000114 (0xa001)
core   0: 1 0x0000000080000114 (0xa001)
core   0: 1 0x0000000080000114 (0xa001)
core   0: 1 0x0000000080000114 (0xa001)
core   0: 1 0x0000000080000114 (0xa001)
core   0: 1 0x0000000080000114 (0xa001)
core   0: 1 0x0000000080000114 (0xa001)
core   0: 1 0x0000000080000114 (0xa001)
core   0: 1 0x0000000080000114 (0xa001)
core   0: 1 0x0000000080000114 (0xa001)
core   0: 1 0x0000000080000114 (0xa001)
core   0: 1 0x0000000080000114 (0xa001)
core   0: 1 0x0000000080000114 (0xa001)
core   0: 1 0x0000000080000114 (0xa001)
core   0: 1 0x0000000080000114 (0xa001)
core   0: 1 0x0000000080000114 (0xa001)
core   0: 1 0x0000000080000114 (0xa001)
core   0: 1 0x0000000080000114 (0xa001)
core   0: 1 0x0000000080000114 (0xa001)
core   0: 1 0x0000000080000114 (0xa001)
core   0: 1 0x0000000080000114 (0xa001)
core   0: 1 0x0000000080000114 (0xa001)
core   0: 1 0x0000000080000114 (0xa001)
core   0: 1 0x0000000080000114 (0xa001)
core   0: 1 0x0000000080000114 (0xa001)
core   0: 1 0x0000000080000114 (0xa001)
core   0: 1 0x0000000080000114 (0xa001)
core   0: 1 0x0000000080000114 (0xa001)
core   0: 1 0x0000000080000114 (0xa001)
core   0: 1 0x0000000080000114 (0xa001)
core   0: 1 0x0000000080000114 (0xa001)
core   0: 1 0x0000000080000114 (0xa001)
core   0: 1 0x0000000080000114 (0xa001)
core   0: 1 0x0000000080000114 (0xa001)
core   0: 1 0x0000000080000114 (0xa001)
core   0: 1 0x0000000080000114 (0xa001)
core   0: 1 0x0000000080000114 (0xa001)
core   0: 1 0x0000000080000114 (0xa001)
core   0: 1 0x0000000080000114 (0xa001)
core   0: 1 0x0000000080000114 (0xa001)
core   0: 1 0x0000000080000114 (0xa001)
core   0: 1 0x0000000080000114 (0xa001)
core   0: 1 0x0000000080000114 (0xa001)
core   0: 1 0x0000000080000114 (0xa001)
core   0: 1 0x0000000080000114 (0xa001)
core   0: 1 0x0000000080000114 (0xa001)
core   0: 1 0x0000000080000114 (0xa001)
core   0: 1 0x0000000080000114 (0xa001)
core   0: 1 0x0000000080000114 (0xa001)
core   0: 1 0x0000000080000114 (0xa001)
core   0: 1 0x0000000080000114 (0xa001)
core   0: 1 0x0000000080000114 (0xa001)
core   0: 1 0x0000000080000114 (0xa001)
core   0: 1 0x0000000080000114 (0xa001)
core   0: 1 0x0000000080000114 (0xa001)
core   0: 1 0x0000000080000114 (0xa001)
core   0: 1 0x0000000080000114 (0xa001)
core   0: 1 0x0000000080000114 (0xa001)
core   0: 1 0x0000000080000114 (0xa001)
core   0: 1 0x0000000080000114 (0xa001)
core   0: 1 0x0000000080000114 (0xa001)
core   0: 1 0x0000000080000114 (0xa001)
core   0: 1 0x0000000080000114 (0xa001)
core   0: 1 0x0000000080000114 (0xa001)
core   0: 1 0x0000000080000114 (0xa001)
core   0: 1 0x0000000080000114 (0xa001)
core   0: 1 0x0000000080000114 (0xa001)
core   0: 1 0x0000000080000114 (0xa001)
core   0: 1 0x0000000080000114 (0xa001)
core   0: 1 0x0000000080000114 (0xa001)
core   0: 1 0x0000000080000114 (0xa001)
core   0: 1 0x0000000080000114 (0xa001)
core   0: 1 0x0000000080000114 (0xa001)
core   0: 1 0x0000000080000114 (0xa001)
core   0: 1 0x0000000080000114 (0xa001)
core   0: 1 0x0000000080000114 (0xa001)
core   0: 1 0x0000000080000114 (0xa001)
core   0: 1 0x0000000080000114 (0xa001)
core   0: 1 0x0000000080000114 (0xa001)
core   0: 1 0x0000000080000114 (0xa001)
core   0: 1 0x0000000080000114 (0xa001)
core   0: 1 0x0000000080000114 (0xa001)
core   0: 1 0x0000000080000114 (0xa001)
core   0: 1 0x0000000080000114 (0xa001)
core   0: 1 0x0000000080000114 (0xa001)
core   0: 1 0x0000000080000114 (0xa001)
core   0: 1 0x0000000080000114 (0xa001)
core   0: 1 0x0000000080000114 (0xa001)
core   0: 1 0x0000000080000114 (0xa001)
core   0: 1 0x0000000080000114 (0xa001)
core   0: 1 0x0000000080000114 (0xa001)
core   0: 1 0x0000000080000114 (0xa001)
core   0: 1 0x0000000080000114 (0xa001)
core   0: 1 0x0000000080000114 (0xa001)
core   0: 1 0x0000000080000114 (0xa001)
core   0: 1 0x0000000080000114 (0xa001)
core   0: 1 0x0000000080000114 (0xa001)
core   0: 1 0x0000000080000114 (0xa001)
core   0: 1 0x0000000080000114 (0xa001)
core   0: 1 0x0000000080000114 (0xa001)
core   0: 1 0x0000000080000114 (0xa001)
core   0: 1 0x0000000080000114 (0xa001)
core   0: 1 0x0000000080000114 (0xa001)
core   0: 1 0x0000000080000114 (0xa001)
core   0: 1 0x0000000080000114 (0xa001)
core   0: 1 0x0000000080000114 (0xa001)
core   0: 1 0x0000000080000114 (0xa001)
core   0: 1 0x0000000080000114 (0xa001)
core   0: 1 0x0000000080000114 (0xa001)
core   0: 1 0x0000000080000114 (0xa001)
core   0: 1 0x0000000080000114 (0xa001)
core   0: 1 0x0000000080000114 (0xa001)
core   0: 1 0x0000000080000114 (0xa001)
core   0: 1 0x0000000080000114 (0xa001)
core   0: 1 0x0000000080000114 (0xa001)
core   0: 1 0x0000000080000114 (0xa001)
core   0: 1 0x0000000080000114 (0xa001)
core   0: 1 0x0000000080000114 (0xa001)
core   0: 1 0x0000000080000114 (0xa001)
core   0: 1 0x0000000080000114 (0xa001)
core   0: 1 0x0000000080000114 (0xa001)
core   0: 1 0x0000000080000114 (0xa001)
core   0: 1 0x0000000080000114 (0xa001)
core   0: 1 0x0000000080000114 (0xa001)
core   0: 1 0x0000000080000114 (0xa001)
core   0: 1 0x0000000080000114 (0xa001)
core   0: 1 0x0000000080000114 (0xa001)
core   0: 1 0x0000000080000114 (0xa001)
core   0: 1 0x0000000080000114 (0xa001)
core   0: 1 0x0000000080000114 (0xa001)
core   0: 1 0x0000000080000114 (0xa001)
core   0: 1 0x0000000080000114 (0xa001)
core   0: 1 0x0000000080000114 (0xa001)
core   0: 1 0x0000000080000114 (0xa001)
core   0: 1 0x0000000080000114 (0xa001)
core   0: 1 0x0000000080000114 (0xa001)
core   0: 1 0x0000000080000114 (0xa001)
core   0: 1 0x0000000080000114 (0xa001)
core   0: 1 0x0000000080000114 (0xa001)
core   0: 1 0x0000000080000114 (0xa001)
core   0: 1 0x0000000080000114 (0xa001)
core   0: 1 0x0000000080000114 (0xa001)
core   0: 1 0x0000000080000114 (0xa001)
core   0: 1 0x0000000080000114 (0xa001)
core   0: 1 0x0000000080000114 (0xa001)
core   0: 1 0x0000000080000114 (0xa001)
core   0: 1 0x0000000080000114 (0xa001)
core   0: 1 0x0000000080000114 (0xa001)
core   0: 1 0x0000000080000114 (0xa001)
core   0: 1 0x0000000080000114 (0xa001)
core   0: 1 0x0000000080000114 (0xa001)
core   0: 1 0x0000000080000114 (0xa001)
core   0: 1 0x0000000080000114 (0xa001)
core   0: 1 0x0000000080000114 (0xa001)
core   0: 1 0x0000000080000114 (0xa001)
core   0: 1 0x0000000080000114 (0xa001)
core   0: 1 0x0000000080000114 (0xa001)
core   0: 1 0x0000000080000114 (0xa001)
core   0: 1 0x0000000080000114 (0xa001)
core   0: 1 0x0000000080000114 (0xa001)
core   0: 1 0x0000000080000114 (0xa001)
core   0: 1 0x0000000080000114 (0xa001)
core   0: 1 0x0000000080000114 (0xa001)
core   0: 1 0x0000000080000114 (0xa001)
core   0: 1 0x0000000080000114 (0xa001)
core   0: 1 0x0000000080000114 (0xa001)
core   0: 1 0x0000000080000114 (0xa001)
core   0: 1 0x0000000080000114 (0xa001)
core   0: 1 0x0000000080000114 (0xa001)
core   0: 1 0x0000000080000114 (0xa001)
core   0: 1 0x0000000080000114 (0xa001)
core   0: 1 0x0000000080000114 (0xa001)
core   0: 1 0x0000000080000114 (0xa001)
core   0: 1 0x0000000080000114 (0xa001)
core   0: 1 0x0000000080000114 (0xa001)
core   0: 1 0x0000000080000114 (0xa001)
core   0: 1 0x0000000080000114 (0xa001)
core   0: 1 0x0000000080000114 (0xa001)
core   0: 1 0x0000000080000114 (0xa001)
core   0: 1 0x0000000080000114 (0xa001)
core   0: 1 0x0000000080000114 (0xa001)
core   0: 1 0x0000000080000114 (0xa001)
core   0: 1 0x0000000080000114 (0xa001)
core   0: 1 0x0000000080000114 (0xa001)
core   0: 1 0x0000000080000114 (0xa001)
core   0: 1 0x0000000080000114 (0xa001)
core   0: 1 0x0000000080000114 (0xa001)
core   0: 1 0x0000000080000114 (0xa001)
core   0: 1 0x0000000080000114 (0xa001)
core   0: 1 0x0000000080000114 (0xa001)
core   0: 1 0x0000000080000114 (0xa001)
core   0: 1 0x0000000080000114 (0xa001)
core   0: 1 0x0000000080000114 (0xa001)
core   0: 1 0x0000000080000114 (0xa001)
core   0: 1 0x0000000080000114 (0xa001)
core   0: 1 0x0000000080000114 (0xa001)
core   0: 1 0x0000000080000114 (0xa001)
core   0: 1 0x0000000080000114 (0xa001)
core   0: 1 0x0000000080000114 (0xa001)
core   0: 1 0x0000000080000114 (0xa001)
core   0: 1 0x0000000080000114 (0xa001)
core   0: 1 0x0000000080000114 (0xa001)
core   0: 1 0x0000000080000114 (0xa001)
core   0: 1 0x0000000080000114 (0xa001)
core   0: 1 0x0000000080000114 (0xa001)
core   0: 1 0x0000000080000114 (0xa001)
core   0: 1 0x0000000080000114 (0xa001)
core   0: 1 0x0000000080000114 (0xa001)
core   0: 1 0x0000000080000114 (0xa001)
core   0: 1 0x0000000080000114 (0xa001)
core   0: 1 0x0000000080000114 (0xa001)
core   0: 1 0x0000000080000114 (0xa001)
core   0: 1 0x0000000080000114 (0xa001)
core   0: 1 0x0000000080000114 (0xa001)
core   0: 1 0x0000000080000114 (0xa001)
core   0: 1 0x0000000080000114 (0xa001)
core   0: 1 0x0000000080000114 (0xa001)
core   0: 1 0x0000000080000114 (0xa001)
core   0: 1 0x0000000080000114 (0xa001)
core   0: 1 0x0000000080000114 (0xa001)
core   0: 1 0x0000000080000114 (0xa001)
core   0: 1 0x0000000080000114 (0xa001)
core   0: 1 0x0000000080000114 (0xa001)
core   0: 1 0x0000000080000114 (0xa001)
core   0: 1 0x0000000080000114 (0xa001)
core   0: 1 0x0000000080000114 (0xa001)
core   0: 1 0x0000000080000114 (0xa001)
core   0: 1 0x0000000080000114 (0xa001)
core   0: 1 0x0000000080000114 (0xa001)
core   0: 1 0x0000000080000114 (0xa001)
core   0: 1 0x0000000080000114 (0xa001)
core   0: 1 0x0000000080000114 (0xa001)
core   0: 1 0x0000000080000114 (0xa001)
core   0: 1 0x0000000080000114 (0xa001)
core   0: 1 0x0000000080000114 (0xa001)
core   0: 1 0x0000000080000114 (0xa001)
core   0: 1 0x0000000080000114 (0xa001)
core   0: 1 0x0000000080000114 (0xa001)
core   0: 1 0x0000000080000114 (0xa001)
core   0: 1 0x0000000080000114 (0xa001)
core   0: 1 0x0000000080000114 (0xa001)
core   0: 1 0x0000000080000114 (0xa001)
core   0: 1 0x0000000080000114 (0xa001)
core   0: 1 0x0000000080000114 (0xa001)
core   0: 1 0x0000000080000114 (0xa001)
core   0: 1 0x0000000080000114 (0xa001)
core   0: 1 0x0000000080000114 (0xa001)
core   0: 1 0x0000000080000114 (0xa001)
core   0: 1 0x0000000080000114 (0xa001)
core   0: 1 0x0000000080000114 (0xa001)
core   0: 1 0x0000000080000114 (0xa001)
core   0: 1 0x0000000080000114 (0xa001)
core   0: 1 0x0000000080000114 (0xa001)
core   0: 1 0x0000000080000114 (0xa001)
core   0: 1 0x0000000080000114 (0xa001)
core   0: 1 0x0000000080000114 (0xa001)
core   0: 1 0x0000000080000114 (0xa001)
core   0: 1 0x0000000080000114 (0xa001)
core   0: 1 0x0000000080000114 (0xa001)
core   0: 1 0x0000000080000114 (0xa001)
core   0: 1 0x0000000080000114 (0xa001)
core   0: 1 0x0000000080000114 (0xa001)
core   0: 1 0x0000000080000114 (0xa001)
core   0: 1 0x0000000080000114 (0xa001)
core   0: 1 0x0000000080000114 (0xa001)
core   0: 1 0x0000000080000114 (0xa001)
core   0: 1 0x0000000080000114 (0xa001)
core   0: 1 0x0000000080000114 (0xa001)
core   0: 1 0x0000000080000114 (0xa001)
core   0: 1 0x0000000080000114 (0xa001)
core   0: 1 0x0000000080000114 (0xa001)
core   0: 1 0x0000000080000114 (0xa001)
core   0: 1 0x0000000080000114 (0xa001)
core   0: 1 0x0000000080000114 (0xa001)
core   0: 1 0x0000000080000114 (0xa001)
core   0: 1 0x0000000080000114 (0xa001)
core   0: 1 0x0000000080000114 (0xa001)
core   0: 1 0x0000000080000114 (0xa001)
core   0: 1 0x0000000080000114 (0xa001)
core   0: 1 0x0000000080000114 (0xa001)
core   0: 1 0x0000000080000114 (0xa001)
core   0: 1 0x0000000080000114 (0xa001)
core   0: 1 0x0000000080000114 (0xa001)
core   0: 1 0x0000000080000114 (0xa001)
core   0: 1 0x0000000080000114 (0xa001)
core   0: 1 0x0000000080000114 (0xa001)
core   0: 1 0x0000000080000114 (0xa001)
core   0: 1 0x0000000080000114 (0xa001)
core   0: 1 0x0000000080000114 (0xa001)
core   0: 1 0x0000000080000114 (0xa001)
core   0: 1 0x0000000080000114 (0xa001)
core   0: 1 0x0000000080000114 (0xa001)
core   0: 1 0x0000000080000114 (0xa001)
core   0: 1 0x0000000080000114 (0xa001)
core   0: 1 0x0000000080000114 (0xa001)
core   0: 1 0x0000000080000114 (0xa001)
core   0: 1 0x0000000080000114 (0xa001)
core   0: 1 0x0000000080000114 (0xa001)
core   0: 1 0x0000000080000114 (0xa001)
core   0: 1 0x0000000080000114 (0xa001)
core   0: 1 0x0000000080000114 (0xa001)
core   0: 1 0x0000000080000114 (0xa001)
core   0: 1 0x0000000080000114 (0xa001)
core   0: 1 0x0000000080000114 (0xa001)
core   0: 1 0x0000000080000114 (0xa001)
core   0: 1 0x0000000080000114 (0xa001)
core   0: 1 0x0000000080000114 (0xa001)
core   0: 1 0x0000000080000114 (0xa001)
core   0: 1 0x0000000080000114 (0xa001)
core   0: 1 0x0000000080000114 (0xa001)
core   0: 1 0x0000000080000114 (0xa001)
core   0: 1 0x0000000080000114 (0xa001)
core   0: 1 0x0000000080000114 (0xa001)
core   0: 1 0x0000000080000114 (0xa001)
core   0: 1 0x0000000080000114 (0xa001)
core   0: 1 0x0000000080000114 (0xa001)
core   0: 1 0x0000000080000114 (0xa001)
core   0: 1 0x0000000080000114 (0xa001)
core   0: 1 0x0000000080000114 (0xa001)
core   0: 1 0x0000000080000114 (0xa001)
core   0: 1 0x0000000080000114 (0xa001)
core   0: 1 0x0000000080000114 (0xa001)
core   0: 1 0x0000000080000114 (0xa001)
core   0: 1 0x0000000080000114 (0xa001)
core   0: 1 0x0000000080000114 (0xa001)
core   0: 1 0x0000000080000114 (0xa001)
core   0: 1 0x0000000080000114 (0xa001)
core   0: 1 0x0000000080000114 (0xa001)
core   0: 1 0x0000000080000114 (0xa001)
core   0: 1 0x0000000080000114 (0xa001)
core   0: 1 0x0000000080000114 (0xa001)
core   0: 1 0x0000000080000114 (0xa001)
core   0: 1 0x0000000080000114 (0xa001)
core   0: 1 0x0000000080000114 (0xa001)
core   0: 1 0x0000000080000114 (0xa001)
core   0: 1 0x0000000080000114 (0xa001)
core   0: 1 0x0000000080000114 (0xa001)
core   0: 1 0x0000000080000114 (0xa001)
core   0: 1 0x0000000080000114 (0xa001)
core   0: 1 0x0000000080000114 (0xa001)
core   0: 1 0x0000000080000114 (0xa001)
core   0: 1 0x0000000080000114 (0xa001)
core   0: 1 0x0000000080000114 (0xa001)
core   0: 1 0x0000000080000114 (0xa001)
core   0: 1 0x0000000080000114 (0xa001)
core   0: 1 0x0000000080000114 (0xa001)
core   0: 1 0x0000000080000114 (0xa001)
core   0: 1 0x0000000080000114 (0xa001)
core   0: 1 0x0000000080000114 (0xa001)
core   0: 1 0x0000000080000114 (0xa001)
core   0: 1 0x0000000080000114 (0xa001)
core   0: 1 0x0000000080000114 (0xa001)
core   0: 1 0x0000000080000114 (0xa001)
core   0: 1 0x0000000080000114 (0xa001)
core   0: 1 0x0000000080000114 (0xa001)
core   0: 1 0x0000000080000114 (0xa001)
core   0: 1 0x0000000080000114 (0xa001)
core   0: 1 0x0000000080000114 (0xa001)
core   0: 1 0x0000000080000114 (0xa001)
core   0: 1 0x0000000080000114 (0xa001)
core   0: 1 0x0000000080000114 (0xa001)
core   0: 1 0x0000000080000114 (0xa001)
core   0: 1 0x0000000080000114 (0xa001)
core   0: 1 0x0000000080000114 (0xa001)
core   0: 1 0x0000000080000114 (0xa001)
core   0: 1 0x0000000080000114 (0xa001)
core   0: 1 0x0000000080000114 (0xa001)
core   0: 1 0x0000000080000114 (0xa001)
core   0: 1 0x0000000080000114 (0xa001)
core   0: 1 0x0000000080000114 (0xa001)
core   0: 1 0x0000000080000114 (0xa001)
core   0: 1 0x0000000080000114 (0xa001)
core   0: 1 0x0000000080000114 (0xa001)
core   0: 1 0x0000000080000114 (0xa001)
core   0: 1 0x0000000080000114 (0xa001)
core   0: 1 0x0000000080000114 (0xa001)
core   0: 1 0x0000000080000114 (0xa001)
core   0: 1 0x0000000080000114 (0xa001)
core   0: 1 0x0000000080000114 (0xa001)
core   0: 1 0x0000000080000114 (0xa001)
core   0: 1 0x0000000080000114 (0xa001)
core   0: 1 0x0000000080000114 (0xa001)
core   0: 1 0x0000000080000114 (0xa001)
core   0: 1 0x0000000080000114 (0xa001)
core   0: 1 0x0000000080000114 (0xa001)
core   0: 1 0x0000000080000114 (0xa001)
core   0: 1 0x0000000080000114 (0xa001)
core   0: 1 0x0000000080000114 (0xa001)
core   0: 1 0x0000000080000114 (0xa001)
core   0: 1 0x0000000080000114 (0xa001)
core   0: 1 0x0000000080000114 (0xa001)
core   0: 1 0x0000000080000114 (0xa001)
core   0: 1 0x0000000080000114 (0xa001)
core   0: 1 0x0000000080000114 (0xa001)
core   0: 1 0x0000000080000114 (0xa001)
core   0: 1 0x0000000080000114 (0xa001)
core   0: 1 0x0000000080000114 (0xa001)
core   0: 1 0x0000000080000114 (0xa001)
core   0: 1 0x0000000080000114 (0xa001)
core   0: 1 0x0000000080000114 (0xa001)
core   0: 1 0x0000000080000114 (0xa001)
core   0: 1 0x0000000080000114 (0xa001)
core   0: 1 0x0000000080000114 (0xa001)
core   0: 1 0x0000000080000114 (0xa001)
core   0: 1 0x0000000080000114 (0xa001)
core   0: 1 0x0000000080000114 (0xa001)
core   0: 1 0x0000000080000114 (0xa001)
core   0: 1 0x0000000080000114 (0xa001)
core   0: 1 0x0000000080000114 (0xa001)
core   0: 1 0x0000000080000114 (0xa001)
core   0: 1 0x0000000080000114 (0xa001)
core   0: 1 0x0000000080000114 (0xa001)
core   0: 1 0x0000000080000114 (0xa001)
core   0: 1 0x0000000080000114 (0xa001)
core   0: 1 0x0000000080000114 (0xa001)
core   0: 1 0x0000000080000114 (0xa001)
core   0: 1 0x0000000080000114 (0xa001)
core   0: 1 0x0000000080000114 (0xa001)
core   0: 1 0x0000000080000114 (0xa001)
core   0: 1 0x0000000080000114 (0xa001)
core   0: 1 0x0000000080000114 (0xa001)
core   0: 1 0x0000000080000114 (0xa001)
core   0: 1 0x0000000080000114 (0xa001)
core   0: 1 0x0000000080000114 (0xa001)
core   0: 1 0x0000000080000114 (0xa001)
core   0: 1 0x0000000080000114 (0xa001)
core   0: 1 0x0000000080000114 (0xa001)
core   0: 1 0x0000000080000114 (0xa001)
core   0: 1 0x0000000080000114 (0xa001)
core   0: 1 0x0000000080000114 (0xa001)
core   0: 1 0x0000000080000114 (0xa001)
core   0: 1 0x0000000080000114 (0xa001)
core   0: 1 0x0000000080000114 (0xa001)
core   0: 1 0x0000000080000114 (0xa001)
core   0: 1 0x0000000080000114 (0xa001)
core   0: 1 0x0000000080000114 (0xa001)
core   0: 1 0x0000000080000114 (0xa001)
core   0: 1 0x0000000080000114 (0xa001)
core   0: 1 0x0000000080000114 (0xa001)
core   0: 1 0x0000000080000114 (0xa001)
core   0: 1 0x0000000080000114 (0xa001)
core   0: 1 0x0000000080000114 (0xa001)
core   0: 1 0x0000000080000114 (0xa001)
core   0: 1 0x0000000080000114 (0xa001)
core   0: 1 0x0000000080000114 (0xa001)
core   0: 1 0x0000000080000114 (0xa001)
core   0: 1 0x0000000080000114 (0xa001)
core   0: 1 0x0000000080000114 (0xa001)
core   0: 1 0x0000000080000114 (0xa001)
core   0: 1 0x0000000080000114 (0xa001)
core   0: 1 0x0000000080000114 (0xa001)
core   0: 1 0x0000000080000114 (0xa001)
core   0: 1 0x0000000080000114 (0xa001)
core   0: 1 0x0000000080000114 (0xa001)
core   0: 1 0x0000000080000114 (0xa001)
core   0: 1 0x0000000080000114 (0xa001)
core   0: 1 0x0000000080000114 (0xa001)
core   0: 1 0x0000000080000114 (0xa001)
core   0: 1 0x0000000080000114 (0xa001)
core   0: 1 0x0000000080000114 (0xa001)
core   0: 1 0x0000000080000114 (0xa001)
core   0: 1 0x0000000080000114 (0xa001)
core   0: 1 0x0000000080000114 (0xa001)
core   0: 1 0x0000000080000114 (0xa001)
core   0: 1 0x0000000080000114 (0xa001)
core   0: 1 0x0000000080000114 (0xa001)
core   0: 1 0x0000000080000114 (0xa001)
core   0: 1 0x0000000080000114 (0xa001)
core   0: 1 0x0000000080000114 (0xa001)
core   0: 1 0x0000000080000114 (0xa001)
core   0: 1 0x0000000080000114 (0xa001)
core   0: 1 0x0000000080000114 (0xa001)
core   0: 1 0x0000000080000114 (0xa001)
core   0: 1 0x0000000080000114 (0xa001)
core   0: 1 0x0000000080000114 (0xa001)
core   0: 1 0x0000000080000114 (0xa001)
core   0: 1 0x0000000080000114 (0xa001)
core   0: 1 0x0000000080000114 (0xa001)
core   0: 1 0x0000000080000114 (0xa001)
core   0: 1 0x0000000080000114 (0xa001)
core   0: 1 0x0000000080000114 (0xa001)
core   0: 1 0x0000000080000114 (0xa001)
core   0: 1 0x0000000080000114 (0xa001)
core   0: 1 0x0000000080000114 (0xa001)
core   0: 1 0x0000000080000114 (0xa001)
core   0: 1 0x0000000080000114 (0xa001)
core   0: 1 0x0000000080000114 (0xa001)
core   0: 1 0x0000000080000114 (0xa001)
core   0: 1 0x0000000080000114 (0xa001)
core   0: 1 0x0000000080000114 (0xa001)
core   0: 1 0x0000000080000114 (0xa001)
core   0: 1 0x0000000080000114 (0xa001)
core   0: 1 0x0000000080000114 (0xa001)
core   0: 1 0x0000000080000114 (0xa001)
core   0: 1 0x0000000080000114 (0xa001)
core   0: 1 0x0000000080000114 (0xa001)
core   0: 1 0x0000000080000114 (0xa001)
core   0: 1 0x0000000080000114 (0xa001)
core   0: 1 0x0000000080000114 (0xa001)
core   0: 1 0x0000000080000114 (0xa001)
core   0: 1 0x0000000080000114 (0xa001)
core   0: 1 0x0000000080000114 (0xa001)
core   0: 1 0x0000000080000114 (0xa001)
core   0: 1 0x0000000080000114 (0xa001)
core   0: 1 0x0000000080000114 (0xa001)
core   0: 1 0x0000000080000114 (0xa001)
core   0: 1 0x0000000080000114 (0xa001)
core   0: 1 0x0000000080000114 (0xa001)
core   0: 1 0x0000000080000114 (0xa001)
core   0: 1 0x0000000080000114 (0xa001)
core   0: 1 0x0000000080000114 (0xa001)
core   0: 1 0x0000000080000114 (0xa001)
core   0: 1 0x0000000080000114 (0xa001)
core   0: 1 0x0000000080000114 (0xa001)
core   0: 1 0x0000000080000114 (0xa001)
core   0: 1 0x0000000080000114 (0xa001)
core   0: 1 0x0000000080000114 (0xa001)
core   0: 1 0x0000000080000114 (0xa001)
core   0: 1 0x0000000080000114 (0xa001)
core   0: 1 0x0000000080000114 (0xa001)
core   0: 1 0x0000000080000114 (0xa001)
core   0: 1 0x0000000080000114 (0xa001)
core   0: 1 0x0000000080000114 (0xa001)
core   0: 1 0x0000000080000114 (0xa001)
core   0: 1 0x0000000080000114 (0xa001)
core   0: 1 0x0000000080000114 (0xa001)
core   0: 1 0x0000000080000114 (0xa001)
core   0: 1 0x0000000080000114 (0xa001)
core   0: 1 0x0000000080000114 (0xa001)
core   0: 1 0x0000000080000114 (0xa001)
core   0: 1 0x0000000080000114 (0xa001)
core   0: 1 0x0000000080000114 (0xa001)
core   0: 1 0x0000000080000114 (0xa001)
core   0: 1 0x0000000080000114 (0xa001)
core   0: 1 0x0000000080000114 (0xa001)
core   0: 1 0x0000000080000114 (0xa001)
core   0: 1 0x0000000080000114 (0xa001)
core   0: 1 0x0000000080000114 (0xa001)
core   0: 1 0x0000000080000114 (0xa001)
core   0: 1 0x0000000080000114 (0xa001)
core   0: 1 0x0000000080000114 (0xa001)
core   0: 1 0x0000000080000114 (0xa001)
core   0: 1 0x0000000080000114 (0xa001)
core   0: 1 0x0000000080000114 (0xa001)
core   0: 1 0x0000000080000114 (0xa001)
core   0: 1 0x0000000080000114 (0xa001)
core   0: 1 0x0000000080000114 (0xa001)
core   0: 1 0x0000000080000114 (0xa001)
core   0: 1 0x0000000080000114 (0xa001)
core   0: 1 0x0000000080000114 (0xa001)
core   0: 1 0x0000000080000114 (0xa001)
core   0: 1 0x0000000080000114 (0xa001)
core   0: 1 0x0000000080000114 (0xa001)
core   0: 1 0x0000000080000114 (0xa001)
core   0: 1 0x0000000080000114 (0xa001)
core   0: 1 0x0000000080000114 (0xa001)
core   0: 1 0x0000000080000114 (0xa001)
core   0: 1 0x0000000080000114 (0xa001)
core   0: 1 0x0000000080000114 (0xa001)
core   0: 1 0x0000000080000114 (0xa001)
core   0: 1 0x0000000080000114 (0xa001)
core   0: 1 0x0000000080000114 (0xa001)
core   0: 1 0x0000000080000114 (0xa001)
core   0: 1 0x0000000080000114 (0xa001)
core   0: 1 0x0000000080000114 (0xa001)
core   0: 1 0x0000000080000114 (0xa001)
core   0: 1 0x0000000080000114 (0xa001)
core   0: 1 0x0000000080000114 (0xa001)
core   0: 1 0x0000000080000114 (0xa001)
core   0: 1 0x0000000080000114 (0xa001)
core   0: 1 0x0000000080000114 (0xa001)
core   0: 1 0x0000000080000114 (0xa001)
core   0: 1 0x0000000080000114 (0xa001)
core   0: 1 0x0000000080000114 (0xa001)
core   0: 1 0x0000000080000114 (0xa001)
core   0: 1 0x0000000080000114 (0xa001)
core   0: 1 0x0000000080000114 (0xa001)
core   0: 1 0x0000000080000114 (0xa001)
core   0: 1 0x0000000080000114 (0xa001)
core   0: 1 0x0000000080000114 (0xa001)
core   0: 1 0x0000000080000114 (0xa001)
core   0: 1 0x0000000080000114 (0xa001)
core   0: 1 0x0000000080000114 (0xa001)
core   0: 1 0x0000000080000114 (0xa001)
core   0: 1 0x0000000080000114 (0xa001)
core   0: 1 0x0000000080000114 (0xa001)
core   0: 1 0x0000000080000114 (0xa001)
core   0: 1 0x0000000080000114 (0xa001)
core   0: 1 0x0000000080000114 (0xa001)
core   0: 1 0x0000000080000114 (0xa001)
core   0: 1 0x0000000080000114 (0xa001)
core   0: 1 0x0000000080000114 (0xa001)
core   0: 1 0x0000000080000114 (0xa001)
core   0: 1 0x0000000080000114 (0xa001)
core   0: 1 0x0000000080000114 (0xa001)
core   0: 1 0x0000000080000114 (0xa001)
core   0: 1 0x0000000080000114 (0xa001)
core   0: 1 0x0000000080000114 (0xa001)
core   0: 1 0x0000000080000114 (0xa001)
core   0: 1 0x0000000080000114 (0xa001)
core   0: 1 0x0000000080000114 (0xa001)
core   0: 1 0x0000000080000114 (0xa001)
core   0: 1 0x0000000080000114 (0xa001)
core   0: 1 0x0000000080000114 (0xa001)
core   0: 1 0x0000000080000114 (0xa001)
core   0: 1 0x0000000080000114 (0xa001)
core   0: 1 0x0000000080000114 (0xa001)
core   0: 1 0x0000000080000114 (0xa001)
core   0: 1 0x0000000080000114 (0xa001)
core   0: 1 0x0000000080000114 (0xa001)
core   0: 1 0x0000000080000114 (0xa001)
core   0: 1 0x0000000080000114 (0xa001)
core   0: 1 0x0000000080000114 (0xa001)
core   0: 1 0x0000000080000114 (0xa001)
core   0: 1 0x0000000080000114 (0xa001)
core   0: 1 0x0000000080000114 (0xa001)
core   0: 1 0x0000000080000114 (0xa001)
core   0: 1 0x0000000080000114 (0xa001)
core   0: 1 0x0000000080000114 (0xa001)
core   0: 1 0x0000000080000114 (0xa001)
core   0: 1 0x0000000080000114 (0xa001)
core   0: 1 0x0000000080000114 (0xa001)
core   0: 1 0x0000000080000114 (0xa001)
core   0: 1 0x0000000080000114 (0xa001)
core   0: 1 0x0000000080000114 (0xa001)
core   0: 1 0x0000000080000114 (0xa001)
core   0: 1 0x0000000080000114 (0xa001)
core   0: 1 0x0000000080000114 (0xa001)
core   0: 1 0x0000000080000114 (0xa001)
core   0: 1 0x0000000080000114 (0xa001)
core   0: 1 0x0000000080000114 (0xa001)
core   0: 1 0x0000000080000114 (0xa001)
core   0: 1 0x0000000080000114 (0xa001)
core   0: 1 0x0000000080000114 (0xa001)
core   0: 1 0x0000000080000114 (0xa001)
core   0: 1 0x0000000080000114 (0xa001)
core   0: 1 0x0000000080000114 (0xa001)
core   0: 1 0x0000000080000114 (0xa001)
core   0: 1 0x0000000080000114 (0xa001)
core   0: 1 0x0000000080000114 (0xa001)
core   0: 1 0x0000000080000114 (0xa001)
core   0: 1 0x0000000080000114 (0xa001)
core   0: 1 0x0000000080000114 (0xa001)
core   0: 1 0x0000000080000114 (0xa001)
core   0: 1 0x0000000080000114 (0xa001)
core   0: 1 0x0000000080000114 (0xa001)
core   0: 1 0x0000000080000114 (0xa001)
core   0: 1 0x0000000080000114 (0xa001)
core   0: 1 0x0000000080000114 (0xa001)
core   0: 1 0x0000000080000114 (0xa001)
core   0: 1 0x0000000080000114 (0xa001)
core   0: 1 0x0000000080000114 (0xa001)
core   0: 1 0x0000000080000114 (0xa001)
core   0: 1 0x0000000080000114 (0xa001)
core   0: 1 0x0000000080000114 (0xa001)
core   0: 1 0x0000000080000114 (0xa001)
core   0: 1 0x0000000080000114 (0xa001)
core   0: 1 0x0000000080000114 (0xa001)
core   0: 1 0x0000000080000114 (0xa001)
core   0: 1 0x0000000080000114 (0xa001)
core   0: 1 0x0000000080000114 (0xa001)
core   0: 1 0x0000000080000114 (0xa001)
core   0: 1 0x0000000080000114 (0xa001)
core   0: 1 0x0000000080000114 (0xa001)
core   0: 1 0x0000000080000114 (0xa001)
core   0: 1 0x0000000080000114 (0xa001)
core   0: 1 0x0000000080000114 (0xa001)
core   0: 1 0x0000000080000114 (0xa001)
core   0: 1 0x0000000080000114 (0xa001)
core   0: 1 0x0000000080000114 (0xa001)
core   0: 1 0x0000000080000114 (0xa001)
core   0: 1 0x0000000080000114 (0xa001)
core   0: 1 0x0000000080000114 (0xa001)
core   0: 1 0x0000000080000114 (0xa001)
core   0: 1 0x0000000080000114 (0xa001)
core   0: 1 0x0000000080000114 (0xa001)
core   0: 1 0x0000000080000114 (0xa001)
core   0: 1 0x0000000080000114 (0xa001)
core   0: 1 0x0000000080000114 (0xa001)
core   0: 1 0x0000000080000114 (0xa001)
core   0: 1 0x0000000080000114 (0xa001)
core   0: 1 0x0000000080000114 (0xa001)
core   0: 1 0x0000000080000114 (0xa001)
core   0: 1 0x0000000080000114 (0xa001)
core   0: 1 0x0000000080000114 (0xa001)
core   0: 1 0x0000000080000114 (0xa001)
core   0: 1 0x0000000080000114 (0xa001)
core   0: 1 0x0000000080000114 (0xa001)
core   0: 1 0x0000000080000114 (0xa001)
core   0: 1 0x0000000080000114 (0xa001)
core   0: 1 0x0000000080000114 (0xa001)
core   0: 1 0x0000000080000114 (0xa001)
core   0: 1 0x0000000080000114 (0xa001)
core   0: 1 0x0000000080000114 (0xa001)
core   0: 1 0x0000000080000114 (0xa001)
core   0: 1 0x0000000080000114 (0xa001)
core   0: 1 0x0000000080000114 (0xa001)
core   0: 1 0x0000000080000114 (0xa001)
core   0: 1 0x0000000080000114 (0xa001)
core   0: 1 0x0000000080000114 (0xa001)
core   0: 1 0x0000000080000114 (0xa001)
core   0: 1 0x0000000080000114 (0xa001)
core   0: 1 0x0000000080000114 (0xa001)
core   0: 1 0x0000000080000114 (0xa001)
core   0: 1 0x0000000080000114 (0xa001)
core   0: 1 0x0000000080000114 (0xa001)
core   0: 1 0x0000000080000114 (0xa001)
core   0: 1 0x0000000080000114 (0xa001)
core   0: 1 0x0000000080000114 (0xa001)
core   0: 1 0x0000000080000114 (0xa001)
core   0: 1 0x0000000080000114 (0xa001)
core   0: 1 0x0000000080000114 (0xa001)
core   0: 1 0x0000000080000114 (0xa001)
core   0: 1 0x0000000080000114 (0xa001)
core   0: 1 0x0000000080000114 (0xa001)
core   0: 1 0x0000000080000114 (0xa001)
core   0: 1 0x0000000080000114 (0xa001)
core   0: 1 0x0000000080000114 (0xa001)
core   0: 1 0x0000000080000114 (0xa001)
core   0: 1 0x0000000080000114 (0xa001)
core   0: 1 0x0000000080000114 (0xa001)
core   0: 1 0x0000000080000114 (0xa001)
core   0: 1 0x0000000080000114 (0xa001)
core   0: 1 0x0000000080000114 (0xa001)
core   0: 1 0x0000000080000114 (0xa001)
core   0: 1 0x0000000080000114 (0xa001)
core   0: 1 0x0000000080000114 (0xa001)
core   0: 1 0x0000000080000114 (0xa001)
core   0: 1 0x0000000080000114 (0xa001)
core   0: 1 0x0000000080000114 (0xa001)
core   0: 1 0x0000000080000114 (0xa001)
core   0: 1 0x0000000080000114 (0xa001)
core   0: 1 0x0000000080000114 (0xa001)
core   0: 1 0x0000000080000114 (0xa001)
core   0: 1 0x0000000080000114 (0xa001)
core   0: 1 0x0000000080000114 (0xa001)
core   0: 1 0x0000000080000114 (0xa001)
core   0: 1 0x0000000080000114 (0xa001)
core   0: 1 0x0000000080000114 (0xa001)
core   0: 1 0x0000000080000114 (0xa001)
core   0: 1 0x0000000080000114 (0xa001)
core   0: 1 0x0000000080000114 (0xa001)
core   0: 1 0x0000000080000114 (0xa001)
core   0: 1 0x0000000080000114 (0xa001)
core   0: 1 0x0000000080000114 (0xa001)
core   0: 1 0x0000000080000114 (0xa001)
core   0: 1 0x0000000080000114 (0xa001)
core   0: 1 0x0000000080000114 (0xa001)
core   0: 1 0x0000000080000114 (0xa001)
core   0: 1 0x0000000080000114 (0xa001)
core   0: 1 0x0000000080000114 (0xa001)
core   0: 1 0x0000000080000114 (0xa001)
core   0: 1 0x0000000080000114 (0xa001)
core   0: 1 0x0000000080000114 (0xa001)
core   0: 1 0x0000000080000114 (0xa001)
core   0: 1 0x0000000080000114 (0xa001)
core   0: 1 0x0000000080000114 (0xa001)
core   0: 1 0x0000000080000114 (0xa001)
core   0: 1 0x0000000080000114 (0xa001)
core   0: 1 0x0000000080000114 (0xa001)
core   0: 1 0x0000000080000114 (0xa001)
core   0: 1 0x0000000080000114 (0xa001)
core   0: 1 0x0000000080000114 (0xa001)
core   0: 1 0x0000000080000114 (0xa001)
core   0: 1 0x0000000080000114 (0xa001)
core   0: 1 0x0000000080000114 (0xa001)
core   0: 1 0x0000000080000114 (0xa001)
core   0: 1 0x0000000080000114 (0xa001)
core   0: 1 0x0000000080000114 (0xa001)
core   0: 1 0x0000000080000114 (0xa001)
core   0: 1 0x0000000080000114 (0xa001)
core   0: 1 0x0000000080000114 (0xa001)
core   0: 1 0x0000000080000114 (0xa001)
core   0: 1 0x0000000080000114 (0xa001)
core   0: 1 0x0000000080000114 (0xa001)
core   0: 1 0x0000000080000114 (0xa001)
core   0: 1 0x0000000080000114 (0xa001)
core   0: 1 0x0000000080000114 (0xa001)
core   0: 1 0x0000000080000114 (0xa001)
core   0: 1 0x0000000080000114 (0xa001)
core   0: 1 0x0000000080000114 (0xa001)
core   0: 1 0x0000000080000114 (0xa001)
core   0: 1 0x0000000080000114 (0xa001)
core   0: 1 0x0000000080000114 (0xa001)
core   0: 1 0x0000000080000114 (0xa001)
core   0: 1 0x0000000080000114 (0xa001)
core   0: 1 0x0000000080000114 (0xa001)
core   0: 1 0x0000000080000114 (0xa001)
core   0: 1 0x0000000080000114 (0xa001)
core   0: 1 0x0000000080000114 (0xa001)
core   0: 1 0x0000000080000114 (0xa001)
core   0: 1 0x0000000080000114 (0xa001)
core   0: 1 0x0000000080000114 (0xa001)
core   0: 1 0x0000000080000114 (0xa001)
core   0: 1 0x0000000080000114 (0xa001)
core   0: 1 0x0000000080000114 (0xa001)
core   0: 1 0x0000000080000114 (0xa001)
core   0: 1 0x0000000080000114 (0xa001)
core   0: 1 0x0000000080000114 (0xa001)
core   0: 1 0x0000000080000114 (0xa001)
core   0: 1 0x0000000080000114 (0xa001)
core   0: 1 0x0000000080000114 (0xa001)
core   0: 1 0x0000000080000114 (0xa001)
core   0: 1 0x0000000080000114 (0xa001)
core   0: 1 0x0000000080000114 (0xa001)
core   0: 1 0x0000000080000114 (0xa001)
core   0: 1 0x0000000080000114 (0xa001)
core   0: 1 0x0000000080000114 (0xa001)
core   0: 1 0x0000000080000114 (0xa001)
core   0: 1 0x0000000080000114 (0xa001)
core   0: 1 0x0000000080000114 (0xa001)
core   0: 1 0x0000000080000114 (0xa001)
core   0: 1 0x0000000080000114 (0xa001)
core   0: 1 0x0000000080000114 (0xa001)
core   0: 1 0x0000000080000114 (0xa001)
core   0: 1 0x0000000080000114 (0xa001)
core   0: 1 0x0000000080000114 (0xa001)
core   0: 1 0x0000000080000114 (0xa001)
core   0: 1 0x0000000080000114 (0xa001)
core   0: 1 0x0000000080000114 (0xa001)
core   0: 1 0x0000000080000114 (0xa001)
core   0: 1 0x0000000080000114 (0xa001)
core   0: 1 0x0000000080000114 (0xa001)
core   0: 1 0x0000000080000114 (0xa001)
core   0: 1 0x0000000080000114 (0xa001)
core   0: 1 0x0000000080000114 (0xa001)
core   0: 1 0x0000000080000114 (0xa001)
core   0: 1 0x0000000080000114 (0xa001)
core   0: 1 0x0000000080000114 (0xa001)
core   0: 1 0x0000000080000114 (0xa001)
core   0: 1 0x0000000080000114 (0xa001)
core   0: 1 0x0000000080000114 (0xa001)
core   0: 1 0x0000000080000114 (0xa001)
core   0: 1 0x0000000080000114 (0xa001)
core   0: 1 0x0000000080000114 (0xa001)
core   0: 1 0x0000000080000114 (0xa001)
core   0: 1 0x0000000080000114 (0xa001)
core   0: 1 0x0000000080000114 (0xa001)
core   0: 1 0x0000000080000114 (0xa001)
core   0: 1 0x0000000080000114 (0xa001)
core   0: 1 0x0000000080000114 (0xa001)
core   0: 1 0x0000000080000114 (0xa001)
core   0: 1 0x0000000080000114 (0xa001)
core   0: 1 0x0000000080000114 (0xa001)
core   0: 1 0x0000000080000114 (0xa001)
core   0: 1 0x0000000080000114 (0xa001)
core   0: 1 0x0000000080000114 (0xa001)
core   0: 1 0x0000000080000114 (0xa001)
core   0: 1 0x0000000080000114 (0xa001)
core   0: 1 0x0000000080000114 (0xa001)
core   0: 1 0x0000000080000114 (0xa001)
core   0: 1 0x0000000080000114 (0xa001)
core   0: 1 0x0000000080000114 (0xa001)
core   0: 1 0x0000000080000114 (0xa001)
core   0: 1 0x0000000080000114 (0xa001)
core   0: 1 0x0000000080000114 (0xa001)
core   0: 1 0x0000000080000114 (0xa001)
core   0: 1 0x0000000080000114 (0xa001)
core   0: 1 0x0000000080000114 (0xa001)
core   0: 1 0x0000000080000114 (0xa001)
core   0: 1 0x0000000080000114 (0xa001)
core   0: 1 0x0000000080000114 (0xa001)
core   0: 1 0x0000000080000114 (0xa001)
core   0: 1 0x0000000080000114 (0xa001)
core   0: 1 0x0000000080000114 (0xa001)
core   0: 1 0x0000000080000114 (0xa001)
core   0: 1 0x0000000080000114 (0xa001)
core   0: 1 0x0000000080000114 (0xa001)
core   0: 1 0x0000000080000114 (0xa001)
core   0: 1 0x0000000080000114 (0xa001)
core   0: 1 0x0000000080000114 (0xa001)
core   0: 1 0x0000000080000114 (0xa001)
core   0: 1 0x0000000080000114 (0xa001)
core   0: 1 0x0000000080000114 (0xa001)
core   0: 1 0x0000000080000114 (0xa001)
core   0: 1 0x0000000080000114 (0xa001)
core   0: 1 0x0000000080000114 (0xa001)
core   0: 1 0x0000000080000114 (0xa001)
core   0: 1 0x0000000080000114 (0xa001)
core   0: 1 0x0000000080000114 (0xa001)
core   0: 1 0x0000000080000114 (0xa001)
core   0: 1 0x0000000080000114 (0xa001)
core   0: 1 0x0000000080000114 (0xa001)
core   0: 1 0x0000000080000114 (0xa001)
core   0: 1 0x0000000080000114 (0xa001)
core   0: 1 0x0000000080000114 (0xa001)
core   0: 1 0x0000000080000114 (0xa001)
core   0: 1 0x0000000080000114 (0xa001)
core   0: 1 0x0000000080000114 (0xa001)
core   0: 1 0x0000000080000114 (0xa001)
core   0: 1 0x0000000080000114 (0xa001)
core   0: 1 0x0000000080000114 (0xa001)
core   0: 1 0x0000000080000114 (0xa001)
core   0: 1 0x0000000080000114 (0xa001)
core   0: 1 0x0000000080000114 (0xa001)
core   0: 1 0x0000000080000114 (0xa001)
core   0: 1 0x0000000080000114 (0xa001)
core   0: 1 0x0000000080000114 (0xa001)
core   0: 1 0x0000000080000114 (0xa001)
core   0: 1 0x0000000080000114 (0xa001)
core   0: 1 0x0000000080000114 (0xa001)
core   0: 1 0x0000000080000114 (0xa001)
core   0: 1 0x0000000080000114 (0xa001)
core   0: 1 0x0000000080000114 (0xa001)
core   0: 1 0x0000000080000114 (0xa001)
core   0: 1 0x0000000080000114 (0xa001)
core   0: 1 0x0000000080000114 (0xa001)
core   0: 1 0x0000000080000114 (0xa001)
core   0: 1 0x0000000080000114 (0xa001)
core   0: 1 0x0000000080000114 (0xa001)
core   0: 1 0x0000000080000114 (0xa001)
core   0: 1 0x0000000080000114 (0xa001)
core   0: 1 0x0000000080000114 (0xa001)
core   0: 1 0x0000000080000114 (0xa001)
core   0: 1 0x0000000080000114 (0xa001)
core   0: 1 0x0000000080000114 (0xa001)
core   0: 1 0x0000000080000114 (0xa001)
core   0: 1 0x0000000080000114 (0xa001)
core   0: 1 0x0000000080000114 (0xa001)
core   0: 1 0x0000000080000114 (0xa001)
core   0: 1 0x0000000080000114 (0xa001)
core   0: 1 0x0000000080000114 (0xa001)
core   0: 1 0x0000000080000114 (0xa001)
core   0: 1 0x0000000080000114 (0xa001)
core   0: 1 0x0000000080000114 (0xa001)
core   0: 1 0x0000000080000114 (0xa001)
core   0: 1 0x0000000080000114 (0xa001)
core   0: 1 0x0000000080000114 (0xa001)
core   0: 1 0x0000000080000114 (0xa001)
core   0: 1 0x0000000080000114 (0xa001)
core   0: 1 0x0000000080000114 (0xa001)
core   0: 1 0x0000000080000114 (0xa001)
core   0: 1 0x0000000080000114 (0xa001)
core   0: 1 0x0000000080000114 (0xa001)
core   0: 1 0x0000000080000114 (0xa001)
core   0: 1 0x0000000080000114 (0xa001)
core   0: 1 0x0000000080000114 (0xa001)
core   0: 1 0x0000000080000114 (0xa001)
core   0: 1 0x0000000080000114 (0xa001)
core   0: 1 0x0000000080000114 (0xa001)
core   0: 1 0x0000000080000114 (0xa001)
core   0: 1 0x0000000080000114 (0xa001)
core   0: 1 0x0000000080000114 (0xa001)
core   0: 1 0x0000000080000114 (0xa001)
core   0: 1 0x0000000080000114 (0xa001)
core   0: 1 0x0000000080000114 (0xa001)
core   0: 1 0x0000000080000114 (0xa001)
core   0: 1 0x0000000080000114 (0xa001)
core   0: 1 0x0000000080000114 (0xa001)
core   0: 1 0x0000000080000114 (0xa001)
core   0: 1 0x0000000080000114 (0xa001)
core   0: 1 0x0000000080000114 (0xa001)
core   0: 1 0x0000000080000114 (0xa001)
core   0: 1 0x0000000080000114 (0xa001)
core   0: 1 0x0000000080000114 (0xa001)
core   0: 1 0x0000000080000114 (0xa001)
core   0: 1 0x0000000080000114 (0xa001)
core   0: 1 0x0000000080000114 (0xa001)
core   0: 1 0x0000000080000114 (0xa001)
core   0: 1 0x0000000080000114 (0xa001)
core   0: 1 0x0000000080000114 (0xa001)
core   0: 1 0x0000000080000114 (0xa001)
core   0: 1 0x0000000080000114 (0xa001)
core   0: 1 0x0000000080000114 (0xa001)
core   0: 1 0x0000000080000114 (0xa001)
core   0: 1 0x0000000080000114 (0xa001)
core   0: 1 0x0000000080000114 (0xa001)
core   0: 1 0x0000000080000114 (0xa001)
core   0: 1 0x0000000080000114 (0xa001)
core   0: 1 0x0000000080000114 (0xa001)
core   0: 1 0x0000000080000114 (0xa001)
core   0: 1 0x0000000080000114 (0xa001)
core   0: 1 0x0000000080000114 (0xa001)
core   0: 1 0x0000000080000114 (0xa001)
core   0: 1 0x0000000080000114 (0xa001)
core   0: 1 0x0000000080000114 (0xa001)
core   0: 1 0x0000000080000114 (0xa001)
core   0: 1 0x0000000080000114 (0xa001)
core   0: 1 0x0000000080000114 (0xa001)
core   0: 1 0x0000000080000114 (0xa001)
core   0: 1 0x0000000080000114 (0xa001)
core   0: 1 0x0000000080000114 (0xa001)
core   0: 1 0x0000000080000114 (0xa001)
core   0: 1 0x0000000080000114 (0xa001)
core   0: 1 0x0000000080000114 (0xa001)
core   0: 1 0x0000000080000114 (0xa001)
core   0: 1 0x0000000080000114 (0xa001)
core   0: 1 0x0000000080000114 (0xa001)
core   0: 1 0x0000000080000114 (0xa001)
core   0: 1 0x0000000080000114 (0xa001)
core   0: 1 0x0000000080000114 (0xa001)
core   0: 1 0x0000000080000114 (0xa001)
core   0: 1 0x0000000080000114 (0xa001)
core   0: 1 0x0000000080000114 (0xa001)
core   0: 1 0x0000000080000114 (0xa001)
core   0: 1 0x0000000080000114 (0xa001)
core   0: 1 0x0000000080000114 (0xa001)
core   0: 1 0x0000000080000114 (0xa001)
core   0: 1 0x0000000080000114 (0xa001)
core   0: 1 0x0000000080000114 (0xa001)
core   0: 1 0x0000000080000114 (0xa001)
core   0: 1 0x0000000080000114 (0xa001)
core   0: 1 0x0000000080000114 (0xa001)
core   0: 1 0x0000000080000114 (0xa001)
core   0: 1 0x0000000080000114 (0xa001)
core   0: 1 0x0000000080000114 (0xa001)
core   0: 1 0x0000000080000114 (0xa001)
core   0: 1 0x0000000080000114 (0xa001)
core   0: 1 0x0000000080000114 (0xa001)
core   0: 1 0x0000000080000114 (0xa001)
core   0: 1 0x0000000080000114 (0xa001)
core   0: 1 0x0000000080000114 (0xa001)
core   0: 1 0x0000000080000114 (0xa001)
core   0: 1 0x0000000080000114 (0xa001)
core   0: 1 0x0000000080000114 (0xa001)
core   0: 1 0x0000000080000114 (0xa001)
core   0: 1 0x0000000080000114 (0xa001)
core   0: 1 0x0000000080000114 (0xa001)
core   0: 1 0x0000000080000114 (0xa001)
core   0: 1 0x0000000080000114 (0xa001)
core   0: 1 0x0000000080000114 (0xa001)
core   0: 1 0x0000000080000114 (0xa001)
core   0: 1 0x0000000080000114 (0xa001)
core   0: 1 0x0000000080000114 (0xa001)
core   0: 1 0x0000000080000114 (0xa001)
core   0: 1 0x0000000080000114 (0xa001)
core   0: 1 0x0000000080000114 (0xa001)
core   0: 1 0x0000000080000114 (0xa001)
core   0: 1 0x0000000080000114 (0xa001)
core   0: 1 0x0000000080000114 (0xa001)
core   0: 1 0x0000000080000114 (0xa001)
core   0: 1 0x0000000080000114 (0xa001)
core   0: 1 0x0000000080000114 (0xa001)
core   0: 1 0x0000000080000114 (0xa001)
core   0: 1 0x0000000080000114 (0xa001)
core   0: 1 0x0000000080000114 (0xa001)
core   0: 1 0x0000000080000114 (0xa001)
core   0: 1 0x0000000080000114 (0xa001)
core   0: 1 0x0000000080000114 (0xa001)
core   0: 1 0x0000000080000114 (0xa001)
core   0: 1 0x0000000080000114 (0xa001)
core   0: 1 0x0000000080000114 (0xa001)
core   0: 1 0x0000000080000114 (0xa001)
core   0: 1 0x0000000080000114 (0xa001)
core   0: 1 0x0000000080000114 (0xa001)
core   0: 1 0x0000000080000114 (0xa001)
core   0: 1 0x0000000080000114 (0xa001)
core   0: 1 0x0000000080000114 (0xa001)
core   0: 1 0x0000000080000114 (0xa001)
core   0: 1 0x0000000080000114 (0xa001)
core   0: 1 0x0000000080000114 (0xa001)
core   0: 1 0x0000000080000114 (0xa001)
core   0: 1 0x0000000080000114 (0xa001)
core   0: 1 0x0000000080000114 (0xa001)
core   0: 1 0x0000000080000114 (0xa001)
core   0: 1 0x0000000080000114 (0xa001)
core   0: 1 0x0000000080000114 (0xa001)
core   0: 1 0x0000000080000114 (0xa001)
core   0: 1 0x0000000080000114 (0xa001)
core   0: 1 0x0000000080000114 (0xa001)
core   0: 1 0x0000000080000114 (0xa001)
core   0: 1 0x0000000080000114 (0xa001)
core   0: 1 0x0000000080000114 (0xa001)
core   0: 1 0x0000000080000114 (0xa001)
core   0: 1 0x0000000080000114 (0xa001)
core   0: 1 0x0000000080000114 (0xa001)
core   0: 1 0x0000000080000114 (0xa001)
core   0: 1 0x0000000080000114 (0xa001)
core   0: 1 0x0000000080000114 (0xa001)
core   0: 1 0x0000000080000114 (0xa001)
core   0: 1 0x0000000080000114 (0xa001)
core   0: 1 0x0000000080000114 (0xa001)
core   0: 1 0x0000000080000114 (0xa001)
core   0: 1 0x0000000080000114 (0xa001)
core   0: 1 0x0000000080000114 (0xa001)
core   0: 1 0x0000000080000114 (0xa001)
core   0: 1 0x0000000080000114 (0xa001)
core   0: 1 0x0000000080000114 (0xa001)
core   0: 1 0x0000000080000114 (0xa001)
core   0: 1 0x0000000080000114 (0xa001)
core   0: 1 0x0000000080000114 (0xa001)
core   0: 1 0x0000000080000114 (0xa001)
core   0: 1 0x0000000080000114 (0xa001)
core   0: 1 0x0000000080000114 (0xa001)
core   0: 1 0x0000000080000114 (0xa001)
core   0: 1 0x0000000080000114 (0xa001)
core   0: 1 0x0000000080000114 (0xa001)
core   0: 1 0x0000000080000114 (0xa001)
core   0: 1 0x0000000080000114 (0xa001)
core   0: 1 0x0000000080000114 (0xa001)
core   0: 1 0x0000000080000114 (0xa001)
core   0: 1 0x0000000080000114 (0xa001)
core   0: 1 0x0000000080000114 (0xa001)
core   0: 1 0x0000000080000114 (0xa001)
core   0: 1 0x0000000080000114 (0xa001)
core   0: 1 0x0000000080000114 (0xa001)
core   0: 1 0x0000000080000114 (0xa001)
core   0: 1 0x0000000080000114 (0xa001)
core   0: 1 0x0000000080000114 (0xa001)
core   0: 1 0x0000000080000114 (0xa001)
core   0: 1 0x0000000080000114 (0xa001)
core   0: 1 0x0000000080000114 (0xa001)
core   0: 1 0x0000000080000114 (0xa001)
core   0: 1 0x0000000080000114 (0xa001)
core   0: 1 0x0000000080000114 (0xa001)
core   0: 1 0x0000000080000114 (0xa001)
core   0: 1 0x0000000080000114 (0xa001)
core   0: 1 0x0000000080000114 (0xa001)
core   0: 1 0x0000000080000114 (0xa001)
core   0: 1 0x0000000080000114 (0xa001)
core   0: 1 0x0000000080000114 (0xa001)
core   0: 1 0x0000000080000114 (0xa001)
core   0: 1 0x0000000080000114 (0xa001)
core   0: 1 0x0000000080000114 (0xa001)
core   0: 1 0x0000000080000114 (0xa001)
core   0: 1 0x0000000080000114 (0xa001)
core   0: 1 0x0000000080000114 (0xa001)
core   0: 1 0x0000000080000114 (0xa001)
core   0: 1 0x0000000080000114 (0xa001)
core   0: 1 0x0000000080000114 (0xa001)
core   0: 1 0x0000000080000114 (0xa001)
core   0: 1 0x0000000080000114 (0xa001)
core   0: 1 0x0000000080000114 (0xa001)
core   0: 1 0x0000000080000114 (0xa001)
core   0: 1 0x0000000080000114 (0xa001)
core   0: 1 0x0000000080000114 (0xa001)
core   0: 1 0x0000000080000114 (0xa001)
core   0: 1 0x0000000080000114 (0xa001)
core   0: 1 0x0000000080000114 (0xa001)
core   0: 1 0x0000000080000114 (0xa001)
core   0: 1 0x0000000080000114 (0xa001)
core   0: 1 0x0000000080000114 (0xa001)
core   0: 1 0x0000000080000114 (0xa001)
core   0: 1 0x0000000080000114 (0xa001)
core   0: 1 0x0000000080000114 (0xa001)
core   0: 1 0x0000000080000114 (0xa001)
core   0: 1 0x0000000080000114 (0xa001)
core   0: 1 0x0000000080000114 (0xa001)
core   0: 1 0x0000000080000114 (0xa001)
core   0: 1 0x0000000080000114 (0xa001)
core   0: 1 0x0000000080000114 (0xa001)
core   0: 1 0x0000000080000114 (0xa001)
core   0: 1 0x0000000080000114 (0xa001)
core   0: 1 0x0000000080000114 (0xa001)
core   0: 1 0x0000000080000114 (0xa001)
core   0: 1 0x0000000080000114 (0xa001)
core   0: 1 0x0000000080000114 (0xa001)
core   0: 1 0x0000000080000114 (0xa001)
core   0: 1 0x0000000080000114 (0xa001)
core   0: 1 0x0000000080000114 (0xa001)
core   0: 1 0x0000000080000114 (0xa001)
core   0: 1 0x0000000080000114 (0xa001)
core   0: 1 0x0000000080000114 (0xa001)
core   0: 1 0x0000000080000114 (0xa001)
core   0: 1 0x0000000080000114 (0xa001)
core   0: 1 0x0000000080000114 (0xa001)
core   0: 1 0x0000000080000114 (0xa001)
core   0: 1 0x0000000080000114 (0xa001)
core   0: 1 0x0000000080000114 (0xa001)
core   0: 1 0x0000000080000114 (0xa001)
core   0: 1 0x0000000080000114 (0xa001)
core   0: 1 0x0000000080000114 (0xa001)
core   0: 1 0x0000000080000114 (0xa001)
core   0: 1 0x0000000080000114 (0xa001)
core   0: 1 0x0000000080000114 (0xa001)
core   0: 1 0x0000000080000114 (0xa001)
core   0: 1 0x0000000080000114 (0xa001)
core   0: 1 0x0000000080000114 (0xa001)
core   0: 1 0x0000000080000114 (0xa001)
core   0: 1 0x0000000080000114 (0xa001)
core   0: 1 0x0000000080000114 (0xa001)
core   0: 1 0x0000000080000114 (0xa001)
core   0: 1 0x0000000080000114 (0xa001)
core   0: 1 0x0000000080000114 (0xa001)
core   0: 1 0x0000000080000114 (0xa001)
core   0: 1 0x0000000080000114 (0xa001)
core   0: 1 0x0000000080000114 (0xa001)
core   0: 1 0x0000000080000114 (0xa001)
core   0: 1 0x0000000080000114 (0xa001)
core   0: 1 0x0000000080000114 (0xa001)
core   0: 1 0x0000000080000114 (0xa001)
core   0: 1 0x0000000080000114 (0xa001)
core   0: 1 0x0000000080000114 (0xa001)
core   0: 1 0x0000000080000114 (0xa001)
core   0: 1 0x0000000080000114 (0xa001)
core   0: 1 0x0000000080000114 (0xa001)
core   0: 1 0x0000000080000114 (0xa001)
core   0: 1 0x0000000080000114 (0xa001)
core   0: 1 0x0000000080000114 (0xa001)
core   0: 1 0x0000000080000114 (0xa001)
core   0: 1 0x0000000080000114 (0xa001)
core   0: 1 0x0000000080000114 (0xa001)
core   0: 1 0x0000000080000114 (0xa001)
core   0: 1 0x0000000080000114 (0xa001)
core   0: 1 0x0000000080000114 (0xa001)
core   0: 1 0x0000000080000114 (0xa001)
core   0: 1 0x0000000080000114 (0xa001)
core   0: 1 0x0000000080000114 (0xa001)
core   0: 1 0x0000000080000114 (0xa001)
core   0: 1 0x0000000080000114 (0xa001)
core   0: 1 0x0000000080000114 (0xa001)
core   0: 1 0x0000000080000114 (0xa001)
core   0: 1 0x0000000080000114 (0xa001)
core   0: 1 0x0000000080000114 (0xa001)
core   0: 1 0x0000000080000114 (0xa001)
core   0: 1 0x0000000080000114 (0xa001)
core   0: 1 0x0000000080000114 (0xa001)
core   0: 1 0x0000000080000114 (0xa001)
core   0: 1 0x0000000080000114 (0xa001)
core   0: 1 0x0000000080000114 (0xa001)
core   0: 1 0x0000000080000114 (0xa001)
core   0: 1 0x0000000080000114 (0xa001)
core   0: 1 0x0000000080000114 (0xa001)
core   0: 1 0x0000000080000114 (0xa001)
core   0: 1 0x0000000080000114 (0xa001)
core   0: 1 0x0000000080000114 (0xa001)
core   0: 1 0x0000000080000114 (0xa001)
core   0: 1 0x0000000080000114 (0xa001)
core   0: 1 0x0000000080000114 (0xa001)
core   0: 1 0x0000000080000114 (0xa001)
core   0: 1 0x0000000080000114 (0xa001)
core   0: 1 0x0000000080000114 (0xa001)
core   0: 1 0x0000000080000114 (0xa001)
core   0: 1 0x0000000080000114 (0xa001)
core   0: 1 0x0000000080000114 (0xa001)
core   0: 1 0x0000000080000114 (0xa001)
core   0: 1 0x0000000080000114 (0xa001)
core   0: 1 0x0000000080000114 (0xa001)
core   0: 1 0x0000000080000114 (0xa001)
core   0: 1 0x0000000080000114 (0xa001)
core   0: 1 0x0000000080000114 (0xa001)
core   0: 1 0x0000000080000114 (0xa001)
core   0: 1 0x0000000080000114 (0xa001)
core   0: 1 0x0000000080000114 (0xa001)
core   0: 1 0x0000000080000114 (0xa001)
core   0: 1 0x0000000080000114 (0xa001)
core   0: 1 0x0000000080000114 (0xa001)
core   0: 1 0x0000000080000114 (0xa001)
core   0: 1 0x0000000080000114 (0xa001)
core   0: 1 0x0000000080000114 (0xa001)
core   0: 1 0x0000000080000114 (0xa001)
core   0: 1 0x0000000080000114 (0xa001)
core   0: 1 0x0000000080000114 (0xa001)
core   0: 1 0x0000000080000114 (0xa001)
core   0: 1 0x0000000080000114 (0xa001)
core   0: 1 0x0000000080000114 (0xa001)
core   0: 1 0x0000000080000114 (0xa001)
core   0: 1 0x0000000080000114 (0xa001)
core   0: 1 0x0000000080000114 (0xa001)
core   0: 1 0x0000000080000114 (0xa001)
core   0: 1 0x0000000080000114 (0xa001)
core   0: 1 0x0000000080000114 (0xa001)
core   0: 1 0x0000000080000114 (0xa001)
core   0: 1 0x0000000080000114 (0xa001)
core   0: 1 0x0000000080000114 (0xa001)
core   0: 1 0x0000000080000114 (0xa001)
core   0: 1 0x0000000080000114 (0xa001)
core   0: 1 0x0000000080000114 (0xa001)
core   0: 1 0x0000000080000114 (0xa001)
core   0: 1 0x0000000080000114 (0xa001)
core   0: 1 0x0000000080000114 (0xa001)
core   0: 1 0x0000000080000114 (0xa001)
core   0: 1 0x0000000080000114 (0xa001)
core   0: 1 0x0000000080000114 (0xa001)
core   0: 1 0x0000000080000114 (0xa001)
core   0: 1 0x0000000080000114 (0xa001)
core   0: 1 0x0000000080000114 (0xa001)
core   0: 1 0x0000000080000114 (0xa001)
core   0: 1 0x0000000080000114 (0xa001)
core   0: 1 0x0000000080000114 (0xa001)
core   0: 1 0x0000000080000114 (0xa001)
core   0: 1 0x0000000080000114 (0xa001)
core   0: 1 0x0000000080000114 (0xa001)
core   0: 1 0x0000000080000114 (0xa001)
core   0: 1 0x0000000080000114 (0xa001)
core   0: 1 0x0000000080000114 (0xa001)
core   0: 1 0x0000000080000114 (0xa001)
core   0: 1 0x0000000080000114 (0xa001)
core   0: 1 0x0000000080000114 (0xa001)
core   0: 1 0x0000000080000114 (0xa001)
core   0: 1 0x0000000080000114 (0xa001)
core   0: 1 0x0000000080000114 (0xa001)
core   0: 1 0x0000000080000114 (0xa001)
core   0: 1 0x0000000080000114 (0xa001)
core   0: 1 0x0000000080000114 (0xa001)
core   0: 1 0x0000000080000114 (0xa001)
core   0: 1 0x0000000080000114 (0xa001)
core   0: 1 0x0000000080000114 (0xa001)
core   0: 1 0x0000000080000114 (0xa001)
core   0: 1 0x0000000080000114 (0xa001)
core   0: 1 0x0000000080000114 (0xa001)
core   0: 1 0x0000000080000114 (0xa001)
core   0: 1 0x0000000080000114 (0xa001)
core   0: 1 0x0000000080000114 (0xa001)
core   0: 1 0x0000000080000114 (0xa001)
core   0: 1 0x0000000080000114 (0xa001)
core   0: 1 0x0000000080000114 (0xa001)
core   0: 1 0x0000000080000114 (0xa001)
core   0: 1 0x0000000080000114 (0xa001)
core   0: 1 0x0000000080000114 (0xa001)
core   0: 1 0x0000000080000114 (0xa001)
core   0: 1 0x0000000080000114 (0xa001)
core   0: 1 0x0000000080000114 (0xa001)
core   0: 1 0x0000000080000114 (0xa001)
core   0: 1 0x0000000080000114 (0xa001)
core   0: 1 0x0000000080000114 (0xa001)
core   0: 1 0x0000000080000114 (0xa001)
core   0: 1 0x0000000080000114 (0xa001)
core   0: 1 0x0000000080000114 (0xa001)
core   0: 1 0x0000000080000114 (0xa001)
core   0: 1 0x0000000080000114 (0xa001)
core   0: 1 0x0000000080000114 (0xa001)
core   0: 1 0x0000000080000114 (0xa001)
core   0: 1 0x0000000080000114 (0xa001)
core   0: 1 0x0000000080000114 (0xa001)
core   0: 1 0x0000000080000114 (0xa001)
core   0: 1 0x0000000080000114 (0xa001)
core   0: 1 0x0000000080000114 (0xa001)
core   0: 1 0x0000000080000114 (0xa001)
core   0: 1 0x0000000080000114 (0xa001)
core   0: 1 0x0000000080000114 (0xa001)
core   0: 1 0x0000000080000114 (0xa001)
core   0: 1 0x0000000080000114 (0xa001)
core   0: 1 0x0000000080000114 (0xa001)
core   0: 1 0x0000000080000114 (0xa001)
core   0: 1 0x0000000080000114 (0xa001)
core   0: 1 0x0000000080000114 (0xa001)
core   0: 1 0x0000000080000114 (0xa001)
core   0: 1 0x0000000080000114 (0xa001)
core   0: 1 0x0000000080000114 (0xa001)
core   0: 1 0x0000000080000114 (0xa001)
core   0: 1 0x0000000080000114 (0xa001)
core   0: 1 0x0000000080000114 (0xa001)
core   0: 1 0x0000000080000114 (0xa001)
core   0: 1 0x0000000080000114 (0xa001)
core   0: 1 0x0000000080000114 (0xa001)
core   0: 1 0x0000000080000114 (0xa001)
core   0: 1 0x0000000080000114 (0xa001)
core   0: 1 0x0000000080000114 (0xa001)
core   0: 1 0x0000000080000114 (0xa001)
core   0: 1 0x0000000080000114 (0xa001)
core   0: 1 0x0000000080000114 (0xa001)
core   0: 1 0x0000000080000114 (0xa001)
core   0: 1 0x0000000080000114 (0xa001)
core   0: 1 0x0000000080000114 (0xa001)
core   0: 1 0x0000000080000114 (0xa001)
core   0: 1 0x0000000080000114 (0xa001)
core   0: 1 0x0000000080000114 (0xa001)
core   0: 1 0x0000000080000114 (0xa001)
core   0: 1 0x0000000080000114 (0xa001)
core   0: 1 0x0000000080000114 (0xa001)
core   0: 1 0x0000000080000114 (0xa001)
core   0: 1 0x0000000080000114 (0xa001)
core   0: 1 0x0000000080000114 (0xa001)
core   0: 1 0x0000000080000114 (0xa001)
core   0: 1 0x0000000080000114 (0xa001)
core   0: 1 0x0000000080000114 (0xa001)
core   0: 1 0x0000000080000114 (0xa001)
core   0: 1 0x0000000080000114 (0xa001)
core   0: 1 0x0000000080000114 (0xa001)
core   0: 1 0x0000000080000114 (0xa001)
core   0: 1 0x0000000080000114 (0xa001)
core   0: 1 0x0000000080000114 (0xa001)
core   0: 1 0x0000000080000114 (0xa001)
core   0: 1 0x0000000080000114 (0xa001)
core   0: 1 0x0000000080000114 (0xa001)
core   0: 1 0x0000000080000114 (0xa001)
core   0: 1 0x0000000080000114 (0xa001)
core   0: 1 0x0000000080000114 (0xa001)
core   0: 1 0x0000000080000114 (0xa001)
core   0: 1 0x0000000080000114 (0xa001)
core   0: 1 0x0000000080000114 (0xa001)
core   0: 1 0x0000000080000114 (0xa001)
core   0: 1 0x0000000080000114 (0xa001)
core   0: 1 0x0000000080000114 (0xa001)
core   0: 1 0x0000000080000114 (0xa001)
core   0: 1 0x0000000080000114 (0xa001)
core   0: 1 0x0000000080000114 (0xa001)
core   0: 1 0x0000000080000114 (0xa001)
core   0: 1 0x0000000080000114 (0xa001)
core   0: 1 0x0000000080000114 (0xa001)
core   0: 1 0x0000000080000114 (0xa001)
core   0: 1 0x0000000080000114 (0xa001)
core   0: 1 0x0000000080000114 (0xa001)
core   0: 1 0x0000000080000114 (0xa001)
core   0: 1 0x0000000080000114 (0xa001)
core   0: 1 0x0000000080000114 (0xa001)
core   0: 1 0x0000000080000114 (0xa001)
core   0: 1 0x0000000080000114 (0xa001)
core   0: 1 0x0000000080000114 (0xa001)
core   0: 1 0x0000000080000114 (0xa001)
core   0: 1 0x0000000080000114 (0xa001)
core   0: 1 0x0000000080000114 (0xa001)
core   0: 1 0x0000000080000114 (0xa001)
core   0: 1 0x0000000080000114 (0xa001)
core   0: 1 0x0000000080000114 (0xa001)
core   0: 1 0x0000000080000114 (0xa001)
core   0: 1 0x0000000080000114 (0xa001)
core   0: 1 0x0000000080000114 (0xa001)
core   0: 1 0x0000000080000114 (0xa001)
core   0: 1 0x0000000080000114 (0xa001)
core   0: 1 0x0000000080000114 (0xa001)
core   0: 1 0x0000000080000114 (0xa001)
core   0: 1 0x0000000080000114 (0xa001)
core   0: 1 0x0000000080000114 (0xa001)
core   0: 1 0x0000000080000114 (0xa001)
core   0: 1 0x0000000080000114 (0xa001)
core   0: 1 0x0000000080000114 (0xa001)
core   0: 1 0x0000000080000114 (0xa001)
core   0: 1 0x0000000080000114 (0xa001)
core   0: 1 0x0000000080000114 (0xa001)
core   0: 1 0x0000000080000114 (0xa001)
core   0: 1 0x0000000080000114 (0xa001)
core   0: 1 0x0000000080000114 (0xa001)
core   0: 1 0x0000000080000114 (0xa001)
core   0: 1 0x0000000080000114 (0xa001)
core   0: 1 0x0000000080000114 (0xa001)
core   0: 1 0x0000000080000114 (0xa001)
core   0: 1 0x0000000080000114 (0xa001)
core   0: 1 0x0000000080000114 (0xa001)
core   0: 1 0x0000000080000114 (0xa001)
core   0: 1 0x0000000080000114 (0xa001)
core   0: 1 0x0000000080000114 (0xa001)
core   0: 1 0x0000000080000114 (0xa001)
core   0: 1 0x0000000080000114 (0xa001)
core   0: 1 0x0000000080000114 (0xa001)
core   0: 1 0x0000000080000114 (0xa001)
core   0: 1 0x0000000080000114 (0xa001)
core   0: 1 0x0000000080000114 (0xa001)
core   0: 1 0x0000000080000114 (0xa001)
core   0: 1 0x0000000080000114 (0xa001)
core   0: 1 0x0000000080000114 (0xa001)
core   0: 1 0x0000000080000114 (0xa001)
core   0: 1 0x0000000080000114 (0xa001)
core   0: 1 0x0000000080000114 (0xa001)
core   0: 1 0x0000000080000114 (0xa001)
core   0: 1 0x0000000080000114 (0xa001)
core   0: 1 0x0000000080000114 (0xa001)
core   0: 1 0x0000000080000114 (0xa001)
core   0: 1 0x0000000080000114 (0xa001)
core   0: 1 0x0000000080000114 (0xa001)
core   0: 1 0x0000000080000114 (0xa001)
core   0: 1 0x0000000080000114 (0xa001)
core   0: 1 0x0000000080000114 (0xa001)
core   0: 1 0x0000000080000114 (0xa001)
core   0: 1 0x0000000080000114 (0xa001)
core   0: 1 0x0000000080000114 (0xa001)
core   0: 1 0x0000000080000114 (0xa001)
core   0: 1 0x0000000080000114 (0xa001)
core   0: 1 0x0000000080000114 (0xa001)
core   0: 1 0x0000000080000114 (0xa001)
core   0: 1 0x0000000080000114 (0xa001)
core   0: 1 0x0000000080000114 (0xa001)
core   0: 1 0x0000000080000114 (0xa001)
core   0: 1 0x0000000080000114 (0xa001)
core   0: 1 0x0000000080000114 (0xa001)
core   0: 1 0x0000000080000114 (0xa001)
core   0: 1 0x0000000080000114 (0xa001)
core   0: 1 0x0000000080000114 (0xa001)
core   0: 1 0x0000000080000114 (0xa001)
core   0: 1 0x0000000080000114 (0xa001)
core   0: 1 0x0000000080000114 (0xa001)
core   0: 1 0x0000000080000114 (0xa001)
core   0: 1 0x0000000080000114 (0xa001)
core   0: 1 0x0000000080000114 (0xa001)
core   0: 1 0x0000000080000114 (0xa001)
core   0: 1 0x0000000080000114 (0xa001)
core   0: 1 0x0000000080000114 (0xa001)
core   0: 1 0x0000000080000114 (0xa001)
core   0: 1 0x0000000080000114 (0xa001)
core   0: 1 0x0000000080000114 (0xa001)
core   0: 1 0x0000000080000114 (0xa001)
core   0: 1 0x0000000080000114 (0xa001)
core   0: 1 0x0000000080000114 (0xa001)
core   0: 1 0x0000000080000114 (0xa001)
core   0: 1 0x0000000080000114 (0xa001)
core   0: 1 0x0000000080000114 (0xa001)
core   0: 1 0x0000000080000114 (0xa001)
core   0: 1 0x0000000080000114 (0xa001)
core   0: 1 0x0000000080000114 (0xa001)
core   0: 1 0x0000000080000114 (0xa001)
core   0: 1 0x0000000080000114 (0xa001)
core   0: 1 0x0000000080000114 (0xa001)
core   0: 1 0x0000000080000114 (0xa001)
core   0: 1 0x0000000080000114 (0xa001)
core   0: 1 0x0000000080000114 (0xa001)
core   0: 1 0x0000000080000114 (0xa001)
core   0: 1 0x0000000080000114 (0xa001)
core   0: 1 0x0000000080000114 (0xa001)
core   0: 1 0x0000000080000114 (0xa001)
core   0: 1 0x0000000080000114 (0xa001)
core   0: 1 0x0000000080000114 (0xa001)
core   0: 1 0x0000000080000114 (0xa001)
core   0: 1 0x0000000080000114 (0xa001)
core   0: 1 0x0000000080000114 (0xa001)
core   0: 1 0x0000000080000114 (0xa001)
core   0: 1 0x0000000080000114 (0xa001)
core   0: 1 0x0000000080000114 (0xa001)
core   0: 1 0x0000000080000114 (0xa001)
core   0: 1 0x0000000080000114 (0xa001)
core   0: 1 0x0000000080000114 (0xa001)
core   0: 1 0x0000000080000114 (0xa001)
core   0: 1 0x0000000080000114 (0xa001)
core   0: 1 0x0000000080000114 (0xa001)
core   0: 1 0x0000000080000114 (0xa001)
core   0: 1 0x0000000080000114 (0xa001)
core   0: 1 0x0000000080000114 (0xa001)
core   0: 1 0x0000000080000114 (0xa001)
core   0: 1 0x0000000080000114 (0xa001)
core   0: 1 0x0000000080000114 (0xa001)
core   0: 1 0x0000000080000114 (0xa001)
core   0: 1 0x0000000080000114 (0xa001)
core   0: 1 0x0000000080000114 (0xa001)
core   0: 1 0x0000000080000114 (0xa001)
core   0: 1 0x0000000080000114 (0xa001)
core   0: 1 0x0000000080000114 (0xa001)
core   0: 1 0x0000000080000114 (0xa001)
core   0: 1 0x0000000080000114 (0xa001)
core   0: 1 0x0000000080000114 (0xa001)
core   0: 1 0x0000000080000114 (0xa001)
core   0: 1 0x0000000080000114 (0xa001)
core   0: 1 0x0000000080000114 (0xa001)
core   0: 1 0x0000000080000114 (0xa001)
core   0: 1 0x0000000080000114 (0xa001)
core   0: 1 0x0000000080000114 (0xa001)
core   0: 1 0x0000000080000114 (0xa001)
core   0: 1 0x0000000080000114 (0xa001)
core   0: 1 0x0000000080000114 (0xa001)
core   0: 1 0x0000000080000114 (0xa001)
core   0: 1 0x0000000080000114 (0xa001)
core   0: 1 0x0000000080000114 (0xa001)
core   0: 1 0x0000000080000114 (0xa001)
core   0: 1 0x0000000080000114 (0xa001)
core   0: 1 0x0000000080000114 (0xa001)
core   0: 1 0x0000000080000114 (0xa001)
core   0: 1 0x0000000080000114 (0xa001)
core   0: 1 0x0000000080000114 (0xa001)
core   0: 1 0x0000000080000114 (0xa001)
core   0: 1 0x0000000080000114 (0xa001)
core   0: 1 0x0000000080000114 (0xa001)
core   0: 1 0x0000000080000114 (0xa001)
core   0: 1 0x0000000080000114 (0xa001)
core   0: 1 0x0000000080000114 (0xa001)
core   0: 1 0x0000000080000114 (0xa001)
core   0: 1 0x0000000080000114 (0xa001)
core   0: 1 0x0000000080000114 (0xa001)
core   0: 1 0x0000000080000114 (0xa001)
core   0: 1 0x0000000080000114 (0xa001)
core   0: 1 0x0000000080000114 (0xa001)
core   0: 1 0x0000000080000114 (0xa001)
core   0: 1 0x0000000080000114 (0xa001)
core   0: 1 0x0000000080000114 (0xa001)
core   0: 1 0x0000000080000114 (0xa001)
core   0: 1 0x0000000080000114 (0xa001)
core   0: 1 0x0000000080000114 (0xa001)
core   0: 1 0x0000000080000114 (0xa001)
core   0: 1 0x0000000080000114 (0xa001)
core   0: 1 0x0000000080000114 (0xa001)
core   0: 1 0x0000000080000114 (0xa001)
core   0: 1 0x0000000080000114 (0xa001)
core   0: 1 0x0000000080000114 (0xa001)
core   0: 1 0x0000000080000114 (0xa001)
core   0: 1 0x0000000080000114 (0xa001)
core   0: 1 0x0000000080000114 (0xa001)
core   0: 1 0x0000000080000114 (0xa001)
core   0: 1 0x0000000080000114 (0xa001)
core   0: 1 0x0000000080000114 (0xa001)
core   0: 1 0x0000000080000114 (0xa001)
core   0: 1 0x0000000080000114 (0xa001)
core   0: 1 0x0000000080000114 (0xa001)
core   0: 1 0x0000000080000114 (0xa001)
core   0: 1 0x0000000080000114 (0xa001)
core   0: 1 0x0000000080000114 (0xa001)
core   0: 1 0x0000000080000114 (0xa001)
core   0: 1 0x0000000080000114 (0xa001)
core   0: 1 0x0000000080000114 (0xa001)
core   0: 1 0x0000000080000114 (0xa001)
core   0: 1 0x0000000080000114 (0xa001)
core   0: 1 0x0000000080000114 (0xa001)
core   0: 1 0x0000000080000114 (0xa001)
core   0: 1 0x0000000080000114 (0xa001)
core   0: 1 0x0000000080000114 (0xa001)
core   0: 1 0x0000000080000114 (0xa001)
core   0: 1 0x0000000080000114 (0xa001)
core   0: 1 0x0000000080000114 (0xa001)
core   0: 1 0x0000000080000114 (0xa001)
core   0: 1 0x0000000080000114 (0xa001)
core   0: 1 0x0000000080000114 (0xa001)
core   0: 1 0x0000000080000114 (0xa001)
core   0: 1 0x0000000080000114 (0xa001)
core   0: 1 0x0000000080000114 (0xa001)
core   0: 1 0x0000000080000114 (0xa001)
core   0: 1 0x0000000080000114 (0xa001)
core   0: 1 0x0000000080000114 (0xa001)
core   0: 1 0x0000000080000114 (0xa001)
core   0: 1 0x0000000080000114 (0xa001)
core   0: 1 0x0000000080000114 (0xa001)
core   0: 1 0x0000000080000114 (0xa001)
core   0: 1 0x0000000080000114 (0xa001)
core   0: 1 0x0000000080000114 (0xa001)
core   0: 1 0x0000000080000114 (0xa001)
core   0: 1 0x0000000080000114 (0xa001)
core   0: 1 0x0000000080000114 (0xa001)
core   0: 1 0x0000000080000114 (0xa001)
core   0: 1 0x0000000080000114 (0xa001)
core   0: 1 0x0000000080000114 (0xa001)
core   0: 1 0x0000000080000114 (0xa001)
core   0: 1 0x0000000080000114 (0xa001)
core   0: 1 0x0000000080000114 (0xa001)
core   0: 1 0x0000000080000114 (0xa001)
core   0: 1 0x0000000080000114 (0xa001)
core   0: 1 0x0000000080000114 (0xa001)
core   0: 1 0x0000000080000114 (0xa001)
core   0: 1 0x0000000080000114 (0xa001)
core   0: 1 0x0000000080000114 (0xa001)
core   0: 1 0x0000000080000114 (0xa001)
core   0: 1 0x0000000080000114 (0xa001)
core   0: 1 0x0000000080000114 (0xa001)
core   0: 1 0x0000000080000114 (0xa001)
core   0: 1 0x0000000080000114 (0xa001)
core   0: 1 0x0000000080000114 (0xa001)
core   0: 1 0x0000000080000114 (0xa001)
core   0: 1 0x0000000080000114 (0xa001)
core   0: 1 0x0000000080000114 (0xa001)
core   0: 1 0x0000000080000114 (0xa001)
core   0: 1 0x0000000080000114 (0xa001)
core   0: 1 0x0000000080000114 (0xa001)
core   0: 1 0x0000000080000114 (0xa001)
core   0: 1 0x0000000080000114 (0xa001)
core   0: 1 0x0000000080000114 (0xa001)
core   0: 1 0x0000000080000114 (0xa001)
core   0: 1 0x0000000080000114 (0xa001)
core   0: 1 0x0000000080000114 (0xa001)
core   0: 1 0x0000000080000114 (0xa001)
core   0: 1 0x0000000080000114 (0xa001)
core   0: 1 0x0000000080000114 (0xa001)
core   0: 1 0x0000000080000114 (0xa001)
core   0: 1 0x0000000080000114 (0xa001)
core   0: 1 0x0000000080000114 (0xa001)
core   0: 1 0x0000000080000114 (0xa001)
core   0: 1 0x0000000080000114 (0xa001)
core   0: 1 0x0000000080000114 (0xa001)
core   0: 1 0x0000000080000114 (0xa001)
core   0: 1 0x0000000080000114 (0xa001)
core   0: 1 0x0000000080000114 (0xa001)
core   0: 1 0x0000000080000114 (0xa001)
core   0: 1 0x0000000080000114 (0xa001)
core   0: 1 0x0000000080000114 (0xa001)
core   0: 1 0x0000000080000114 (0xa001)
core   0: 1 0x0000000080000114 (0xa001)
core   0: 1 0x0000000080000114 (0xa001)
core   0: 1 0x0000000080000114 (0xa001)
core   0: 1 0x0000000080000114 (0xa001)
core   0: 1 0x0000000080000114 (0xa001)
core   0: 1 0x0000000080000114 (0xa001)
core   0: 1 0x0000000080000114 (0xa001)
core   0: 1 0x0000000080000114 (0xa001)
core   0: 1 0x0000000080000114 (0xa001)
core   0: 1 0x0000000080000114 (0xa001)
core   0: 1 0x0000000080000114 (0xa001)
core   0: 1 0x0000000080000114 (0xa001)
core   0: 1 0x0000000080000114 (0xa001)
core   0: 1 0x0000000080000114 (0xa001)
core   0: 1 0x0000000080000114 (0xa001)
core   0: 1 0x0000000080000114 (0xa001)
core   0: 1 0x0000000080000114 (0xa001)
core   0: 1 0x0000000080000114 (0xa001)
core   0: 1 0x0000000080000114 (0xa001)
core   0: 1 0x0000000080000114 (0xa001)
core   0: 1 0x0000000080000114 (0xa001)
core   0: 1 0x0000000080000114 (0xa001)
core   0: 1 0x0000000080000114 (0xa001)
core   0: 1 0x0000000080000114 (0xa001)
core   0: 1 0x0000000080000114 (0xa001)
core   0: 1 0x0000000080000114 (0xa001)
core   0: 1 0x0000000080000114 (0xa001)
core   0: 1 0x0000000080000114 (0xa001)
core   0: 1 0x0000000080000114 (0xa001)
core   0: 1 0x0000000080000114 (0xa001)
core   0: 1 0x0000000080000114 (0xa001)
core   0: 1 0x0000000080000114 (0xa001)
core   0: 1 0x0000000080000114 (0xa001)
core   0: 1 0x0000000080000114 (0xa001)
core   0: 1 0x0000000080000114 (0xa001)
core   0: 1 0x0000000080000114 (0xa001)
core   0: 1 0x0000000080000114 (0xa001)
core   0: 1 0x0000000080000114 (0xa001)
core   0: 1 0x0000000080000114 (0xa001)
core   0: 1 0x0000000080000114 (0xa001)
core   0: 1 0x0000000080000114 (0xa001)
core   0: 1 0x0000000080000114 (0xa001)
core   0: 1 0x0000000080000114 (0xa001)
core   0: 1 0x0000000080000114 (0xa001)
core   0: 1 0x0000000080000114 (0xa001)
core   0: 1 0x0000000080000114 (0xa001)
core   0: 1 0x0000000080000114 (0xa001)
core   0: 1 0x0000000080000114 (0xa001)
core   0: 1 0x0000000080000114 (0xa001)
core   0: 1 0x0000000080000114 (0xa001)
core   0: 1 0x0000000080000114 (0xa001)
core   0: 1 0x0000000080000114 (0xa001)
core   0: 1 0x0000000080000114 (0xa001)
core   0: 1 0x0000000080000114 (0xa001)
core   0: 1 0x0000000080000114 (0xa001)
core   0: 1 0x0000000080000114 (0xa001)
core   0: 1 0x0000000080000114 (0xa001)
core   0: 1 0x0000000080000114 (0xa001)
core   0: 1 0x0000000080000114 (0xa001)
core   0: 1 0x0000000080000114 (0xa001)
core   0: 1 0x0000000080000114 (0xa001)
core   0: 1 0x0000000080000114 (0xa001)
core   0: 1 0x0000000080000114 (0xa001)
core   0: 1 0x0000000080000114 (0xa001)
core   0: 1 0x0000000080000114 (0xa001)
core   0: 1 0x0000000080000114 (0xa001)
core   0: 1 0x0000000080000114 (0xa001)
core   0: 1 0x0000000080000114 (0xa001)
core   0: 1 0x0000000080000114 (0xa001)
core   0: 1 0x0000000080000114 (0xa001)
core   0: 1 0x0000000080000114 (0xa001)
core   0: 1 0x0000000080000114 (0xa001)
core   0: 1 0x0000000080000114 (0xa001)
core   0: 1 0x0000000080000114 (0xa001)
core   0: 1 0x0000000080000114 (0xa001)
core   0: 1 0x0000000080000114 (0xa001)
core   0: 1 0x0000000080000114 (0xa001)
core   0: 1 0x0000000080000114 (0xa001)
core   0: 1 0x0000000080000114 (0xa001)
core   0: 1 0x0000000080000114 (0xa001)
core   0: 1 0x0000000080000114 (0xa001)
core   0: 1 0x0000000080000114 (0xa001)
core   0: 1 0x0000000080000114 (0xa001)
core   0: 1 0x0000000080000114 (0xa001)
core   0: 1 0x0000000080000114 (0xa001)
core   0: 1 0x0000000080000114 (0xa001)
core   0: 1 0x0000000080000114 (0xa001)
core   0: 1 0x0000000080000114 (0xa001)
core   0: 1 0x0000000080000114 (0xa001)
core   0: 1 0x0000000080000114 (0xa001)
core   0: 1 0x0000000080000114 (0xa001)
core   0: 1 0x0000000080000114 (0xa001)
core   0: 1 0x0000000080000114 (0xa001)
core   0: 1 0x0000000080000114 (0xa001)
core   0: 1 0x0000000080000114 (0xa001)
core   0: 1 0x0000000080000114 (0xa001)
core   0: 1 0x0000000080000114 (0xa001)
core   0: 1 0x0000000080000114 (0xa001)
core   0: 1 0x0000000080000114 (0xa001)
core   0: 1 0x0000000080000114 (0xa001)
core   0: 1 0x0000000080000114 (0xa001)
core   0: 1 0x0000000080000114 (0xa001)
core   0: 1 0x0000000080000114 (0xa001)
core   0: 1 0x0000000080000114 (0xa001)
core   0: 1 0x0000000080000114 (0xa001)
core   0: 1 0x0000000080000114 (0xa001)
core   0: 1 0x0000000080000114 (0xa001)
core   0: 1 0x0000000080000114 (0xa001)
core   0: 1 0x0000000080000114 (0xa001)
core   0: 1 0x0000000080000114 (0xa001)
core   0: 1 0x0000000080000114 (0xa001)
core   0: 1 0x0000000080000114 (0xa001)
core   0: 1 0x0000000080000114 (0xa001)
core   0: 1 0x0000000080000114 (0xa001)
core   0: 1 0x0000000080000114 (0xa001)
core   0: 1 0x0000000080000114 (0xa001)
core   0: 1 0x0000000080000114 (0xa001)
core   0: 1 0x0000000080000114 (0xa001)
core   0: 1 0x0000000080000114 (0xa001)
core   0: 1 0x0000000080000114 (0xa001)
core   0: 1 0x0000000080000114 (0xa001)
core   0: 1 0x0000000080000114 (0xa001)
core   0: 1 0x0000000080000114 (0xa001)
core   0: 1 0x0000000080000114 (0xa001)
core   0: 1 0x0000000080000114 (0xa001)
core   0: 1 0x0000000080000114 (0xa001)
core   0: 1 0x0000000080000114 (0xa001)
core   0: 1 0x0000000080000114 (0xa001)
core   0: 1 0x0000000080000114 (0xa001)
core   0: 1 0x0000000080000114 (0xa001)
core   0: 1 0x0000000080000114 (0xa001)
core   0: 1 0x0000000080000114 (0xa001)
core   0: 1 0x0000000080000114 (0xa001)
core   0: 1 0x0000000080000114 (0xa001)
core   0: 1 0x0000000080000114 (0xa001)
core   0: 1 0x0000000080000114 (0xa001)
core   0: 1 0x0000000080000114 (0xa001)
core   0: 1 0x0000000080000114 (0xa001)
core   0: 1 0x0000000080000114 (0xa001)
core   0: 1 0x0000000080000114 (0xa001)
core   0: 1 0x0000000080000114 (0xa001)
core   0: 1 0x0000000080000114 (0xa001)
core   0: 1 0x0000000080000114 (0xa001)
core   0: 1 0x0000000080000114 (0xa001)
core   0: 1 0x0000000080000114 (0xa001)
core   0: 1 0x0000000080000114 (0xa001)
core   0: 1 0x0000000080000114 (0xa001)
core   0: 1 0x0000000080000114 (0xa001)
core   0: 1 0x0000000080000114 (0xa001)
core   0: 1 0x0000000080000114 (0xa001)
core   0: 1 0x0000000080000114 (0xa001)
core   0: 1 0x0000000080000114 (0xa001)
core   0: 1 0x0000000080000114 (0xa001)
core   0: 1 0x0000000080000114 (0xa001)
core   0: 1 0x0000000080000114 (0xa001)
core   0: 1 0x0000000080000114 (0xa001)
core   0: 1 0x0000000080000114 (0xa001)
core   0: 1 0x0000000080000114 (0xa001)
core   0: 1 0x0000000080000114 (0xa001)
core   0: 1 0x0000000080000114 (0xa001)
core   0: 1 0x0000000080000114 (0xa001)
core   0: 1 0x0000000080000114 (0xa001)
core   0: 1 0x0000000080000114 (0xa001)
core   0: 1 0x0000000080000114 (0xa001)
core   0: 1 0x0000000080000114 (0xa001)
core   0: 1 0x0000000080000114 (0xa001)
core   0: 1 0x0000000080000114 (0xa001)
core   0: 1 0x0000000080000114 (0xa001)
core   0: 1 0x0000000080000114 (0xa001)
core   0: 1 0x0000000080000114 (0xa001)
core   0: 1 0x0000000080000114 (0xa001)
core   0: 1 0x0000000080000114 (0xa001)
core   0: 1 0x0000000080000114 (0xa001)
core   0: 1 0x0000000080000114 (0xa001)
core   0: 1 0x0000000080000114 (0xa001)
core   0: 1 0x0000000080000114 (0xa001)
core   0: 1 0x0000000080000114 (0xa001)
core   0: 1 0x0000000080000114 (0xa001)
core   0: 1 0x0000000080000114 (0xa001)
core   0: 1 0x0000000080000114 (0xa001)
core   0: 1 0x0000000080000114 (0xa001)
core   0: 1 0x0000000080000114 (0xa001)
core   0: 1 0x0000000080000114 (0xa001)
core   0: 1 0x0000000080000114 (0xa001)
core   0: 1 0x0000000080000114 (0xa001)
core   0: 1 0x0000000080000114 (0xa001)
core   0: 1 0x0000000080000114 (0xa001)
core   0: 1 0x0000000080000114 (0xa001)
core   0: 1 0x0000000080000114 (0xa001)
core   0: 1 0x0000000080000114 (0xa001)
core   0: 1 0x0000000080000114 (0xa001)
core   0: 1 0x0000000080000114 (0xa001)
core   0: 1 0x0000000080000114 (0xa001)
core   0: 1 0x0000000080000114 (0xa001)
core   0: 1 0x0000000080000114 (0xa001)
core   0: 1 0x0000000080000114 (0xa001)
core   0: 1 0x0000000080000114 (0xa001)
core   0: 1 0x0000000080000114 (0xa001)
core   0: 1 0x0000000080000114 (0xa001)
core   0: 1 0x0000000080000114 (0xa001)
core   0: 1 0x0000000080000114 (0xa001)
core   0: 1 0x0000000080000114 (0xa001)
core   0: 1 0x0000000080000114 (0xa001)
core   0: 1 0x0000000080000114 (0xa001)
core   0: 1 0x0000000080000114 (0xa001)
core   0: 1 0x0000000080000114 (0xa001)
core   0: 1 0x0000000080000114 (0xa001)
core   0: 1 0x0000000080000114 (0xa001)
core   0: 1 0x0000000080000114 (0xa001)
core   0: 1 0x0000000080000114 (0xa001)
core   0: 1 0x0000000080000114 (0xa001)
core   0: 1 0x0000000080000114 (0xa001)
core   0: 1 0x0000000080000114 (0xa001)
core   0: 1 0x0000000080000114 (0xa001)
core   0: 1 0x0000000080000114 (0xa001)
core   0: 1 0x0000000080000114 (0xa001)
core   0: 1 0x0000000080000114 (0xa001)
core   0: 1 0x0000000080000114 (0xa001)
core   0: 1 0x0000000080000114 (0xa001)
core   0: 1 0x0000000080000114 (0xa001)
core   0: 1 0x0000000080000114 (0xa001)
core   0: 1 0x0000000080000114 (0xa001)
core   0: 1 0x0000000080000114 (0xa001)
core   0: 1 0x0000000080000114 (0xa001)
core   0: 1 0x0000000080000114 (0xa001)
core   0: 1 0x0000000080000114 (0xa001)
core   0: 1 0x0000000080000114 (0xa001)
core   0: 1 0x0000000080000114 (0xa001)
core   0: 1 0x0000000080000114 (0xa001)
core   0: 1 0x0000000080000114 (0xa001)
core   0: 1 0x0000000080000114 (0xa001)
core   0: 1 0x0000000080000114 (0xa001)
core   0: 1 0x0000000080000114 (0xa001)
core   0: 1 0x0000000080000114 (0xa001)
core   0: 1 0x0000000080000114 (0xa001)
core   0: 1 0x0000000080000114 (0xa001)
core   0: 1 0x0000000080000114 (0xa001)
core   0: 1 0x0000000080000114 (0xa001)
core   0: 1 0x0000000080000114 (0xa001)
core   0: 1 0x0000000080000114 (0xa001)
core   0: 1 0x0000000080000114 (0xa001)
core   0: 1 0x0000000080000114 (0xa001)
core   0: 1 0x0000000080000114 (0xa001)
core   0: 1 0x0000000080000114 (0xa001)
core   0: 1 0x0000000080000114 (0xa001)
core   0: 1 0x0000000080000114 (0xa001)
core   0: 1 0x0000000080000114 (0xa001)
core   0: 1 0x0000000080000114 (0xa001)
core   0: 1 0x0000000080000114 (0xa001)
core   0: 1 0x0000000080000114 (0xa001)
core   0: 1 0x0000000080000114 (0xa001)
core   0: 1 0x0000000080000114 (0xa001)
core   0: 1 0x0000000080000114 (0xa001)
core   0: 1 0x0000000080000114 (0xa001)
core   0: 1 0x0000000080000114 (0xa001)
core   0: 1 0x0000000080000114 (0xa001)
core   0: 1 0x0000000080000114 (0xa001)
core   0: 1 0x0000000080000114 (0xa001)
core   0: 1 0x0000000080000114 (0xa001)
core   0: 1 0x0000000080000114 (0xa001)
core   0: 1 0x0000000080000114 (0xa001)
core   0: 1 0x0000000080000114 (0xa001)
core   0: 1 0x0000000080000114 (0xa001)
core   0: 1 0x0000000080000114 (0xa001)
core   0: 1 0x0000000080000114 (0xa001)
core   0: 1 0x0000000080000114 (0xa001)
core   0: 1 0x0000000080000114 (0xa001)
core   0: 1 0x0000000080000114 (0xa001)
core   0: 1 0x0000000080000114 (0xa001)
core   0: 1 0x0000000080000114 (0xa001)
core   0: 1 0x0000000080000114 (0xa001)
core   0: 1 0x0000000080000114 (0xa001)
core   0: 1 0x0000000080000114 (0xa001)
core   0: 1 0x0000000080000114 (0xa001)
core   0: 1 0x0000000080000114 (0xa001)
core   0: 1 0x0000000080000114 (0xa001)
core   0: 1 0x0000000080000114 (0xa001)
core   0: 1 0x0000000080000114 (0xa001)
core   0: 1 0x0000000080000114 (0xa001)
core   0: 1 0x0000000080000114 (0xa001)
core   0: 1 0x0000000080000114 (0xa001)
core   0: 1 0x0000000080000114 (0xa001)
core   0: 1 0x0000000080000114 (0xa001)
core   0: 1 0x0000000080000114 (0xa001)
core   0: 1 0x0000000080000114 (0xa001)
core   0: 1 0x0000000080000114 (0xa001)
core   0: 1 0x0000000080000114 (0xa001)
core   0: 1 0x0000000080000114 (0xa001)
core   0: 1 0x0000000080000114 (0xa001)
core   0: 1 0x0000000080000114 (0xa001)
core   0: 1 0x0000000080000114 (0xa001)
core   0: 1 0x0000000080000114 (0xa001)
core   0: 1 0x0000000080000114 (0xa001)
core   0: 1 0x0000000080000114 (0xa001)
core   0: 1 0x0000000080000114 (0xa001)
core   0: 1 0x0000000080000114 (0xa001)
core   0: 1 0x0000000080000114 (0xa001)
core   0: 1 0x0000000080000114 (0xa001)
core   0: 1 0x0000000080000114 (0xa001)
core   0: 1 0x0000000080000114 (0xa001)
core   0: 1 0x0000000080000114 (0xa001)
core   0: 1 0x0000000080000114 (0xa001)
core   0: 1 0x0000000080000114 (0xa001)
core   0: 1 0x0000000080000114 (0xa001)
core   0: 1 0x0000000080000114 (0xa001)
core   0: 1 0x0000000080000114 (0xa001)
core   0: 1 0x0000000080000114 (0xa001)
core   0: 1 0x0000000080000114 (0xa001)
core   0: 1 0x0000000080000114 (0xa001)
core   0: 1 0x0000000080000114 (0xa001)
core   0: 1 0x0000000080000114 (0xa001)
core   0: 1 0x0000000080000114 (0xa001)
core   0: 1 0x0000000080000114 (0xa001)
core   0: 1 0x0000000080000114 (0xa001)
core   0: 1 0x0000000080000114 (0xa001)
core   0: 1 0x0000000080000114 (0xa001)
core   0: 1 0x0000000080000114 (0xa001)
core   0: 1 0x0000000080000114 (0xa001)
core   0: 1 0x0000000080000114 (0xa001)
core   0: 1 0x0000000080000114 (0xa001)
core   0: 1 0x0000000080000114 (0xa001)
core   0: 1 0x0000000080000114 (0xa001)
core   0: 1 0x0000000080000114 (0xa001)
core   0: 1 0x0000000080000114 (0xa001)
core   0: 1 0x0000000080000114 (0xa001)
core   0: 1 0x0000000080000114 (0xa001)
core   0: 1 0x0000000080000114 (0xa001)
core   0: 1 0x0000000080000114 (0xa001)
core   0: 1 0x0000000080000114 (0xa001)
core   0: 1 0x0000000080000114 (0xa001)
core   0: 1 0x0000000080000114 (0xa001)
core   0: 1 0x0000000080000114 (0xa001)
core   0: 1 0x0000000080000114 (0xa001)
core   0: 1 0x0000000080000114 (0xa001)
core   0: 1 0x0000000080000114 (0xa001)
core   0: 1 0x0000000080000114 (0xa001)
core   0: 1 0x0000000080000114 (0xa001)
core   0: 1 0x0000000080000114 (0xa001)
core   0: 1 0x0000000080000114 (0xa001)
core   0: 1 0x0000000080000114 (0xa001)
core   0: 1 0x0000000080000114 (0xa001)
core   0: 1 0x0000000080000114 (0xa001)
core   0: 1 0x0000000080000114 (0xa001)
core   0: 1 0x0000000080000114 (0xa001)
core   0: 1 0x0000000080000114 (0xa001)
core   0: 1 0x0000000080000114 (0xa001)
core   0: 1 0x0000000080000114 (0xa001)
core   0: 1 0x0000000080000114 (0xa001)
core   0: 1 0x0000000080000114 (0xa001)
core   0: 1 0x0000000080000114 (0xa001)
core   0: 1 0x0000000080000114 (0xa001)
core   0: 1 0x0000000080000114 (0xa001)
core   0: 1 0x0000000080000114 (0xa001)
core   0: 1 0x0000000080000114 (0xa001)
core   0: 1 0x0000000080000114 (0xa001)
core   0: 1 0x0000000080000114 (0xa001)
core   0: 1 0x0000000080000114 (0xa001)
core   0: 1 0x0000000080000114 (0xa001)
core   0: 1 0x0000000080000114 (0xa001)
core   0: 1 0x0000000080000114 (0xa001)
core   0: 1 0x0000000080000114 (0xa001)
core   0: 1 0x0000000080000114 (0xa001)
core   0: 1 0x0000000080000114 (0xa001)
core   0: 1 0x0000000080000114 (0xa001)
core   0: 1 0x0000000080000114 (0xa001)
core   0: 1 0x0000000080000114 (0xa001)
core   0: 1 0x0000000080000114 (0xa001)
core   0: 1 0x0000000080000114 (0xa001)
core   0: 1 0x0000000080000114 (0xa001)
core   0: 1 0x0000000080000114 (0xa001)
core   0: 1 0x0000000080000114 (0xa001)
core   0: 1 0x0000000080000114 (0xa001)
core   0: 1 0x0000000080000114 (0xa001)
core   0: 1 0x0000000080000114 (0xa001)
core   0: 1 0x0000000080000114 (0xa001)
core   0: 1 0x0000000080000114 (0xa001)
core   0: 1 0x0000000080000114 (0xa001)
core   0: 1 0x0000000080000114 (0xa001)
core   0: 1 0x0000000080000114 (0xa001)
core   0: 1 0x0000000080000114 (0xa001)
core   0: 1 0x0000000080000114 (0xa001)
core   0: 1 0x0000000080000114 (0xa001)
core   0: 1 0x0000000080000114 (0xa001)
core   0: 1 0x0000000080000114 (0xa001)
core   0: 1 0x0000000080000114 (0xa001)
core   0: 1 0x0000000080000114 (0xa001)
core   0: 1 0x0000000080000114 (0xa001)
core   0: 1 0x0000000080000114 (0xa001)
core   0: 1 0x0000000080000114 (0xa001)
core   0: 1 0x0000000080000114 (0xa001)
core   0: 1 0x0000000080000114 (0xa001)
core   0: 1 0x0000000080000114 (0xa001)
core   0: 1 0x0000000080000114 (0xa001)
core   0: 1 0x0000000080000114 (0xa001)
core   0: 1 0x0000000080000114 (0xa001)
core   0: 1 0x0000000080000114 (0xa001)
core   0: 1 0x0000000080000114 (0xa001)
core   0: 1 0x0000000080000114 (0xa001)
core   0: 1 0x0000000080000114 (0xa001)
core   0: 1 0x0000000080000114 (0xa001)
core   0: 1 0x0000000080000114 (0xa001)
core   0: 1 0x0000000080000114 (0xa001)
core   0: 1 0x0000000080000114 (0xa001)
core   0: 1 0x0000000080000114 (0xa001)
core   0: 1 0x0000000080000114 (0xa001)
core   0: 1 0x0000000080000114 (0xa001)
core   0: 1 0x0000000080000114 (0xa001)
core   0: 1 0x0000000080000114 (0xa001)
core   0: 1 0x0000000080000114 (0xa001)
core   0: 1 0x0000000080000114 (0xa001)
core   0: 1 0x0000000080000114 (0xa001)
core   0: 1 0x0000000080000114 (0xa001)
core   0: 1 0x0000000080000114 (0xa001)
core   0: 1 0x0000000080000114 (0xa001)
core   0: 1 0x0000000080000114 (0xa001)
core   0: 1 0x0000000080000114 (0xa001)
core   0: 1 0x0000000080000114 (0xa001)
core   0: 1 0x0000000080000114 (0xa001)
core   0: 1 0x0000000080000114 (0xa001)
core   0: 1 0x0000000080000114 (0xa001)
core   0: 1 0x0000000080000114 (0xa001)
core   0: 1 0x0000000080000114 (0xa001)
core   0: 1 0x0000000080000114 (0xa001)
core   0: 1 0x0000000080000114 (0xa001)
core   0: 1 0x0000000080000114 (0xa001)
core   0: 1 0x0000000080000114 (0xa001)
core   0: 1 0x0000000080000114 (0xa001)
core   0: 1 0x0000000080000114 (0xa001)
core   0: 1 0x0000000080000114 (0xa001)
core   0: 1 0x0000000080000114 (0xa001)
core   0: 1 0x0000000080000114 (0xa001)
core   0: 1 0x0000000080000114 (0xa001)
core   0: 1 0x0000000080000114 (0xa001)
core   0: 1 0x0000000080000114 (0xa001)
core   0: 1 0x0000000080000114 (0xa001)
core   0: 1 0x0000000080000114 (0xa001)
core   0: 1 0x0000000080000114 (0xa001)
core   0: 1 0x0000000080000114 (0xa001)
core   0: 1 0x0000000080000114 (0xa001)
core   0: 1 0x0000000080000114 (0xa001)
core   0: 1 0x0000000080000114 (0xa001)
core   0: 1 0x0000000080000114 (0xa001)
core   0: 1 0x0000000080000114 (0xa001)
core   0: 1 0x0000000080000114 (0xa001)
core   0: 1 0x0000000080000114 (0xa001)
core   0: 1 0x0000000080000114 (0xa001)
core   0: 1 0x0000000080000114 (0xa001)
core   0: 1 0x0000000080000114 (0xa001)
core   0: 1 0x0000000080000114 (0xa001)
core   0: 1 0x0000000080000114 (0xa001)
core   0: 1 0x0000000080000114 (0xa001)
core   0: 1 0x0000000080000114 (0xa001)
core   0: 1 0x0000000080000114 (0xa001)
core   0: 1 0x0000000080000114 (0xa001)
core   0: 1 0x0000000080000114 (0xa001)
core   0: 1 0x0000000080000114 (0xa001)
core   0: 1 0x0000000080000114 (0xa001)
core   0: 1 0x0000000080000114 (0xa001)
core   0: 1 0x0000000080000114 (0xa001)
core   0: 1 0x0000000080000114 (0xa001)
core   0: 1 0x0000000080000114 (0xa001)
core   0: 1 0x0000000080000114 (0xa001)
core   0: 1 0x0000000080000114 (0xa001)
core   0: 1 0x0000000080000114 (0xa001)
core   0: 1 0x0000000080000114 (0xa001)
core   0: 1 0x0000000080000114 (0xa001)
core   0: 1 0x0000000080000114 (0xa001)
core   0: 1 0x0000000080000114 (0xa001)
core   0: 1 0x0000000080000114 (0xa001)
core   0: 1 0x0000000080000114 (0xa001)
core   0: 1 0x0000000080000114 (0xa001)
core   0: 1 0x0000000080000114 (0xa001)
core   0: 1 0x0000000080000114 (0xa001)
core   0: 1 0x0000000080000114 (0xa001)
core   0: 1 0x0000000080000114 (0xa001)
core   0: 1 0x0000000080000114 (0xa001)
core   0: 1 0x0000000080000114 (0xa001)
core   0: 1 0x0000000080000114 (0xa001)
core   0: 1 0x0000000080000114 (0xa001)
core   0: 1 0x0000000080000114 (0xa001)
core   0: 1 0x0000000080000114 (0xa001)
core   0: 1 0x0000000080000114 (0xa001)
core   0: 1 0x0000000080000114 (0xa001)
core   0: 1 0x0000000080000114 (0xa001)
core   0: 1 0x0000000080000114 (0xa001)
core   0: 1 0x0000000080000114 (0xa001)
core   0: 1 0x0000000080000114 (0xa001)
core   0: 1 0x0000000080000114 (0xa001)
core   0: 1 0x0000000080000114 (0xa001)
core   0: 1 0x0000000080000114 (0xa001)
core   0: 1 0x0000000080000114 (0xa001)
core   0: 1 0x0000000080000114 (0xa001)
core   0: 1 0x0000000080000114 (0xa001)
core   0: 1 0x0000000080000114 (0xa001)
core   0: 1 0x0000000080000114 (0xa001)
core   0: 1 0x0000000080000114 (0xa001)
core   0: 1 0x0000000080000114 (0xa001)
core   0: 1 0x0000000080000114 (0xa001)
core   0: 1 0x0000000080000114 (0xa001)
core   0: 1 0x0000000080000114 (0xa001)
core   0: 1 0x0000000080000114 (0xa001)
core   0: 1 0x0000000080000114 (0xa001)
core   0: 1 0x0000000080000114 (0xa001)
core   0: 1 0x0000000080000114 (0xa001)
core   0: 1 0x0000000080000114 (0xa001)
core   0: 1 0x0000000080000114 (0xa001)
core   0: 1 0x0000000080000114 (0xa001)
core   0: 1 0x0000000080000114 (0xa001)
core   0: 1 0x0000000080000114 (0xa001)
core   0: 1 0x0000000080000114 (0xa001)
core   0: 1 0x0000000080000114 (0xa001)
core   0: 1 0x0000000080000114 (0xa001)
core   0: 1 0x0000000080000114 (0xa001)
core   0: 1 0x0000000080000114 (0xa001)
core   0: 1 0x0000000080000114 (0xa001)
core   0: 1 0x0000000080000114 (0xa001)
core   0: 1 0x0000000080000114 (0xa001)
core   0: 1 0x0000000080000114 (0xa001)
core   0: 1 0x0000000080000114 (0xa001)
core   0: 1 0x0000000080000114 (0xa001)
core   0: 1 0x0000000080000114 (0xa001)
core   0: 1 0x0000000080000114 (0xa001)
core   0: 1 0x0000000080000114 (0xa001)
core   0: 1 0x0000000080000114 (0xa001)
core   0: 1 0x0000000080000114 (0xa001)
core   0: 1 0x0000000080000114 (0xa001)
core   0: 1 0x0000000080000114 (0xa001)
core   0: 1 0x0000000080000114 (0xa001)
core   0: 1 0x0000000080000114 (0xa001)
core   0: 1 0x0000000080000114 (0xa001)
core   0: 1 0x0000000080000114 (0xa001)
core   0: 1 0x0000000080000114 (0xa001)
core   0: 1 0x0000000080000114 (0xa001)
core   0: 1 0x0000000080000114 (0xa001)
core   0: 1 0x0000000080000114 (0xa001)
core   0: 1 0x0000000080000114 (0xa001)
core   0: 1 0x0000000080000114 (0xa001)
core   0: 1 0x0000000080000114 (0xa001)
core   0: 1 0x0000000080000114 (0xa001)
core   0: 1 0x0000000080000114 (0xa001)
core   0: 1 0x0000000080000114 (0xa001)
core   0: 1 0x0000000080000114 (0xa001)
core   0: 1 0x0000000080000114 (0xa001)
core   0: 1 0x0000000080000114 (0xa001)
core   0: 1 0x0000000080000114 (0xa001)
core   0: 1 0x0000000080000114 (0xa001)
core   0: 1 0x0000000080000114 (0xa001)
core   0: 1 0x0000000080000114 (0xa001)
core   0: 1 0x0000000080000114 (0xa001)
core   0: 1 0x0000000080000114 (0xa001)
core   0: 1 0x0000000080000114 (0xa001)
core   0: 1 0x0000000080000114 (0xa001)
core   0: 1 0x0000000080000114 (0xa001)
core   0: 1 0x0000000080000114 (0xa001)
core   0: 1 0x0000000080000114 (0xa001)
core   0: 1 0x0000000080000114 (0xa001)
core   0: 1 0x0000000080000114 (0xa001)
core   0: 1 0x0000000080000114 (0xa001)
core   0: 1 0x0000000080000114 (0xa001)
core   0: 1 0x0000000080000114 (0xa001)
core   0: 1 0x0000000080000114 (0xa001)
core   0: 1 0x0000000080000114 (0xa001)
core   0: 1 0x0000000080000114 (0xa001)
core   0: 1 0x0000000080000114 (0xa001)
core   0: 1 0x0000000080000114 (0xa001)
core   0: 1 0x0000000080000114 (0xa001)
core   0: 1 0x0000000080000114 (0xa001)
core   0: 1 0x0000000080000114 (0xa001)
core   0: 1 0x0000000080000114 (0xa001)
core   0: 1 0x0000000080000114 (0xa001)
core   0: 1 0x0000000080000114 (0xa001)
core   0: 1 0x0000000080000114 (0xa001)
core   0: 1 0x0000000080000114 (0xa001)
core   0: 1 0x0000000080000114 (0xa001)
core   0: 1 0x0000000080000114 (0xa001)
core   0: 1 0x0000000080000114 (0xa001)
core   0: 1 0x0000000080000114 (0xa001)
core   0: 1 0x0000000080000114 (0xa001)
core   0: 1 0x0000000080000114 (0xa001)
core   0: 1 0x0000000080000114 (0xa001)
core   0: 1 0x0000000080000114 (0xa001)
core   0: 1 0x0000000080000114 (0xa001)
core   0: 1 0x0000000080000114 (0xa001)
core   0: 1 0x0000000080000114 (0xa001)
core   0: 1 0x0000000080000114 (0xa001)
core   0: 1 0x0000000080000114 (0xa001)
core   0: 1 0x0000000080000114 (0xa001)
core   0: 1 0x0000000080000114 (0xa001)
core   0: 1 0x0000000080000114 (0xa001)
core   0: 1 0x0000000080000114 (0xa001)
core   0: 1 0x0000000080000114 (0xa001)
core   0: 1 0x0000000080000114 (0xa001)
core   0: 1 0x0000000080000114 (0xa001)
core   0: 1 0x0000000080000114 (0xa001)
core   0: 1 0x0000000080000114 (0xa001)
core   0: 1 0x0000000080000114 (0xa001)
core   0: 1 0x0000000080000114 (0xa001)
core   0: 1 0x0000000080000114 (0xa001)
core   0: 1 0x0000000080000114 (0xa001)
core   0: 1 0x0000000080000114 (0xa001)
core   0: 1 0x0000000080000114 (0xa001)
core   0: 1 0x0000000080000114 (0xa001)
core   0: 1 0x0000000080000114 (0xa001)
core   0: 1 0x0000000080000114 (0xa001)
core   0: 1 0x0000000080000114 (0xa001)
core   0: 1 0x0000000080000114 (0xa001)
core   0: 1 0x0000000080000114 (0xa001)
core   0: 1 0x0000000080000114 (0xa001)
core   0: 1 0x0000000080000114 (0xa001)
core   0: 1 0x0000000080000114 (0xa001)
core   0: 1 0x0000000080000114 (0xa001)
core   0: 1 0x0000000080000114 (0xa001)
core   0: 1 0x0000000080000114 (0xa001)
core   0: 1 0x0000000080000114 (0xa001)
core   0: 1 0x0000000080000114 (0xa001)
core   0: 1 0x0000000080000114 (0xa001)
core   0: 1 0x0000000080000114 (0xa001)
core   0: 1 0x0000000080000114 (0xa001)
core   0: 1 0x0000000080000114 (0xa001)
core   0: 1 0x0000000080000114 (0xa001)
core   0: 1 0x0000000080000114 (0xa001)
core   0: 1 0x0000000080000114 (0xa001)
core   0: 1 0x0000000080000114 (0xa001)
core   0: 1 0x0000000080000114 (0xa001)
core   0: 1 0x0000000080000114 (0xa001)
core   0: 1 0x0000000080000114 (0xa001)
core   0: 1 0x0000000080000114 (0xa001)
core   0: 1 0x0000000080000114 (0xa001)
core   0: 1 0x0000000080000114 (0xa001)
core   0: 1 0x0000000080000114 (0xa001)
core   0: 1 0x0000000080000114 (0xa001)
core   0: 1 0x0000000080000114 (0xa001)
core   0: 1 0x0000000080000114 (0xa001)
core   0: 1 0x0000000080000114 (0xa001)
core   0: 1 0x0000000080000114 (0xa001)
core   0: 1 0x0000000080000114 (0xa001)
core   0: 1 0x0000000080000114 (0xa001)
core   0: 1 0x0000000080000114 (0xa001)
core   0: 1 0x0000000080000114 (0xa001)
core   0: 1 0x0000000080000114 (0xa001)
core   0: 1 0x0000000080000114 (0xa001)
core   0: 1 0x0000000080000114 (0xa001)
core   0: 1 0x0000000080000114 (0xa001)
core   0: 1 0x0000000080000114 (0xa001)
core   0: 1 0x0000000080000114 (0xa001)
core   0: 1 0x0000000080000114 (0xa001)
core   0: 1 0x0000000080000114 (0xa001)
core   0: 1 0x0000000080000114 (0xa001)
core   0: 1 0x0000000080000114 (0xa001)
core   0: 1 0x0000000080000114 (0xa001)
core   0: 1 0x0000000080000114 (0xa001)
core   0: 1 0x0000000080000114 (0xa001)
core   0: 1 0x0000000080000114 (0xa001)
core   0: 1 0x0000000080000114 (0xa001)
core   0: 1 0x0000000080000114 (0xa001)
core   0: 1 0x0000000080000114 (0xa001)
core   0: 1 0x0000000080000114 (0xa001)
core   0: 1 0x0000000080000114 (0xa001)
core   0: 1 0x0000000080000114 (0xa001)
core   0: 1 0x0000000080000114 (0xa001)
core   0: 1 0x0000000080000114 (0xa001)
core   0: 1 0x0000000080000114 (0xa001)
core   0: 1 0x0000000080000114 (0xa001)
core   0: 1 0x0000000080000114 (0xa001)
core   0: 1 0x0000000080000114 (0xa001)
core   0: 1 0x0000000080000114 (0xa001)
core   0: 1 0x0000000080000114 (0xa001)
core   0: 1 0x0000000080000114 (0xa001)
core   0: 1 0x0000000080000114 (0xa001)
core   0: 1 0x0000000080000114 (0xa001)
core   0: 1 0x0000000080000114 (0xa001)
core   0: 1 0x0000000080000114 (0xa001)
core   0: 1 0x0000000080000114 (0xa001)
core   0: 1 0x0000000080000114 (0xa001)
core   0: 1 0x0000000080000114 (0xa001)
core   0: 1 0x0000000080000114 (0xa001)
core   0: 1 0x0000000080000114 (0xa001)
core   0: 1 0x0000000080000114 (0xa001)
core   0: 1 0x0000000080000114 (0xa001)
core   0: 1 0x0000000080000114 (0xa001)
core   0: 1 0x0000000080000114 (0xa001)
core   0: 1 0x0000000080000114 (0xa001)
core   0: 1 0x0000000080000114 (0xa001)
core   0: 1 0x0000000080000114 (0xa001)
core   0: 1 0x0000000080000114 (0xa001)
core   0: 1 0x0000000080000114 (0xa001)
core   0: 1 0x0000000080000114 (0xa001)
core   0: 1 0x0000000080000114 (0xa001)
core   0: 1 0x0000000080000114 (0xa001)
core   0: 1 0x0000000080000114 (0xa001)
core   0: 1 0x0000000080000114 (0xa001)
core   0: 1 0x0000000080000114 (0xa001)
core   0: 1 0x0000000080000114 (0xa001)
core   0: 1 0x0000000080000114 (0xa001)
core   0: 1 0x0000000080000114 (0xa001)
core   0: 1 0x0000000080000114 (0xa001)
core   0: 1 0x0000000080000114 (0xa001)
core   0: 1 0x0000000080000114 (0xa001)
core   0: 1 0x0000000080000114 (0xa001)
core   0: 1 0x0000000080000114 (0xa001)
core   0: 1 0x0000000080000114 (0xa001)
core   0: 1 0x0000000080000114 (0xa001)
core   0: 1 0x0000000080000114 (0xa001)
core   0: 1 0x0000000080000114 (0xa001)
core   0: 1 0x0000000080000114 (0xa001)
core   0: 1 0x0000000080000114 (0xa001)
core   0: 1 0x0000000080000114 (0xa001)
core   0: 1 0x0000000080000114 (0xa001)
core   0: 1 0x0000000080000114 (0xa001)
core   0: 1 0x0000000080000114 (0xa001)
core   0: 1 0x0000000080000114 (0xa001)
core   0: 1 0x0000000080000114 (0xa001)
core   0: 1 0x0000000080000114 (0xa001)
core   0: 1 0x0000000080000114 (0xa001)
core   0: 1 0x0000000080000114 (0xa001)
core   0: 1 0x0000000080000114 (0xa001)
core   0: 1 0x0000000080000114 (0xa001)
core   0: 1 0x0000000080000114 (0xa001)
core   0: 1 0x0000000080000114 (0xa001)
core   0: 1 0x0000000080000114 (0xa001)
core   0: 1 0x0000000080000114 (0xa001)
core   0: 1 0x0000000080000114 (0xa001)
core   0: 1 0x0000000080000114 (0xa001)
core   0: 1 0x0000000080000114 (0xa001)
core   0: 1 0x0000000080000114 (0xa001)
core   0: 1 0x0000000080000114 (0xa001)
core   0: 1 0x0000000080000114 (0xa001)
core   0: 1 0x0000000080000114 (0xa001)
core   0: 1 0x0000000080000114 (0xa001)
core   0: 1 0x0000000080000114 (0xa001)
core   0: 1 0x0000000080000114 (0xa001)
core   0: 1 0x0000000080000114 (0xa001)
core   0: 1 0x0000000080000114 (0xa001)
core   0: 1 0x0000000080000114 (0xa001)
core   0: 1 0x0000000080000114 (0xa001)
core   0: 1 0x0000000080000114 (0xa001)
core   0: 1 0x0000000080000114 (0xa001)
core   0: 1 0x0000000080000114 (0xa001)
core   0: 1 0x0000000080000114 (0xa001)
core   0: 1 0x0000000080000114 (0xa001)
core   0: 1 0x0000000080000114 (0xa001)
core   0: 1 0x0000000080000114 (0xa001)
core   0: 1 0x0000000080000114 (0xa001)
core   0: 1 0x0000000080000114 (0xa001)
core   0: 1 0x0000000080000114 (0xa001)
core   0: 1 0x0000000080000114 (0xa001)
core   0: 1 0x0000000080000114 (0xa001)
core   0: 1 0x0000000080000114 (0xa001)
core   0: 1 0x0000000080000114 (0xa001)
core   0: 1 0x0000000080000114 (0xa001)
core   0: 1 0x0000000080000114 (0xa001)
core   0: 1 0x0000000080000114 (0xa001)
core   0: 1 0x0000000080000114 (0xa001)
core   0: 1 0x0000000080000114 (0xa001)
core   0: 1 0x0000000080000114 (0xa001)
core   0: 1 0x0000000080000114 (0xa001)
core   0: 1 0x0000000080000114 (0xa001)
core   0: 1 0x0000000080000114 (0xa001)
core   0: 1 0x0000000080000114 (0xa001)
core   0: 1 0x0000000080000114 (0xa001)
core   0: 1 0x0000000080000114 (0xa001)
core   0: 1 0x0000000080000114 (0xa001)
core   0: 1 0x0000000080000114 (0xa001)
core   0: 1 0x0000000080000114 (0xa001)
core   0: 1 0x0000000080000114 (0xa001)
core   0: 1 0x0000000080000114 (0xa001)
core   0: 1 0x0000000080000114 (0xa001)
core   0: 1 0x0000000080000114 (0xa001)
core   0: 1 0x0000000080000114 (0xa001)
core   0: 1 0x0000000080000114 (0xa001)
core   0: 1 0x0000000080000114 (0xa001)
core   0: 1 0x0000000080000114 (0xa001)
core   0: 1 0x0000000080000114 (0xa001)
core   0: 1 0x0000000080000114 (0xa001)
core   0: 1 0x0000000080000114 (0xa001)
core   0: 1 0x0000000080000114 (0xa001)
core   0: 1 0x0000000080000114 (0xa001)
core   0: 1 0x0000000080000114 (0xa001)
core   0: 1 0x0000000080000114 (0xa001)
core   0: 1 0x0000000080000114 (0xa001)
core   0: 1 0x0000000080000114 (0xa001)
core   0: 1 0x0000000080000114 (0xa001)
core   0: 1 0x0000000080000114 (0xa001)
core   0: 1 0x0000000080000114 (0xa001)
core   0: 1 0x0000000080000114 (0xa001)
core   0: 1 0x0000000080000114 (0xa001)
core   0: 1 0x0000000080000114 (0xa001)
core   0: 1 0x0000000080000114 (0xa001)
core   0: 1 0x0000000080000114 (0xa001)
core   0: 1 0x0000000080000114 (0xa001)
core   0: 1 0x0000000080000114 (0xa001)
core   0: 1 0x0000000080000114 (0xa001)
core   0: 1 0x0000000080000114 (0xa001)
core   0: 1 0x0000000080000114 (0xa001)
core   0: 1 0x0000000080000114 (0xa001)
core   0: 1 0x0000000080000114 (0xa001)
core   0: 1 0x0000000080000114 (0xa001)
core   0: 1 0x0000000080000114 (0xa001)
core   0: 1 0x0000000080000114 (0xa001)
core   0: 1 0x0000000080000114 (0xa001)
core   0: 1 0x0000000080000114 (0xa001)
core   0: 1 0x0000000080000114 (0xa001)
core   0: 1 0x0000000080000114 (0xa001)
core   0: 1 0x0000000080000114 (0xa001)
core   0: 1 0x0000000080000114 (0xa001)
core   0: 1 0x0000000080000114 (0xa001)
core   0: 1 0x0000000080000114 (0xa001)
core   0: 1 0x0000000080000114 (0xa001)
core   0: 1 0x0000000080000114 (0xa001)
core   0: 1 0x0000000080000114 (0xa001)
core   0: 1 0x0000000080000114 (0xa001)
core   0: 1 0x0000000080000114 (0xa001)
core   0: 1 0x0000000080000114 (0xa001)
core   0: 1 0x0000000080000114 (0xa001)
core   0: 1 0x0000000080000114 (0xa001)
core   0: 1 0x0000000080000114 (0xa001)
core   0: 1 0x0000000080000114 (0xa001)
core   0: 1 0x0000000080000114 (0xa001)
core   0: 1 0x0000000080000114 (0xa001)
core   0: 1 0x0000000080000114 (0xa001)
core   0: 1 0x0000000080000114 (0xa001)
core   0: 1 0x0000000080000114 (0xa001)
core   0: 1 0x0000000080000114 (0xa001)
core   0: 1 0x0000000080000114 (0xa001)
core   0: 1 0x0000000080000114 (0xa001)
core   0: 1 0x0000000080000114 (0xa001)
core   0: 1 0x0000000080000114 (0xa001)
core   0: 1 0x0000000080000114 (0xa001)
core   0: 1 0x0000000080000114 (0xa001)
core   0: 1 0x0000000080000114 (0xa001)
core   0: 1 0x0000000080000114 (0xa001)
core   0: 1 0x0000000080000114 (0xa001)
core   0: 1 0x0000000080000114 (0xa001)
core   0: 1 0x0000000080000114 (0xa001)
core   0: 1 0x0000000080000114 (0xa001)
core   0: 1 0x0000000080000114 (0xa001)
core   0: 1 0x0000000080000114 (0xa001)
core   0: 1 0x0000000080000114 (0xa001)
core   0: 1 0x0000000080000114 (0xa001)
core   0: 1 0x0000000080000114 (0xa001)
core   0: 1 0x0000000080000114 (0xa001)
core   0: 1 0x0000000080000114 (0xa001)
core   0: 1 0x0000000080000114 (0xa001)
core   0: 1 0x0000000080000114 (0xa001)
core   0: 1 0x0000000080000114 (0xa001)
core   0: 1 0x0000000080000114 (0xa001)
core   0: 1 0x0000000080000114 (0xa001)
core   0: 1 0x0000000080000114 (0xa001)
core   0: 1 0x0000000080000114 (0xa001)
core   0: 1 0x0000000080000114 (0xa001)
core   0: 1 0x0000000080000114 (0xa001)
core   0: 1 0x0000000080000114 (0xa001)
core   0: 1 0x0000000080000114 (0xa001)
core   0: 1 0x0000000080000114 (0xa001)
core   0: 1 0x0000000080000114 (0xa001)
core   0: 1 0x0000000080000114 (0xa001)
core   0: 1 0x0000000080000114 (0xa001)
core   0: 1 0x0000000080000114 (0xa001)
core   0: 1 0x0000000080000114 (0xa001)
core   0: 1 0x0000000080000114 (0xa001)
core   0: 1 0x0000000080000114 (0xa001)
core   0: 1 0x0000000080000114 (0xa001)
core   0: 1 0x0000000080000114 (0xa001)
core   0: 1 0x0000000080000114 (0xa001)
core   0: 1 0x0000000080000114 (0xa001)
core   0: 1 0x0000000080000114 (0xa001)
core   0: 1 0x0000000080000114 (0xa001)
core   0: 1 0x0000000080000114 (0xa001)
core   0: 1 0x0000000080000114 (0xa001)
core   0: 1 0x0000000080000114 (0xa001)
core   0: 1 0x0000000080000114 (0xa001)
core   0: 1 0x0000000080000114 (0xa001)
core   0: 1 0x0000000080000114 (0xa001)
core   0: 1 0x0000000080000114 (0xa001)
core   0: 1 0x0000000080000114 (0xa001)
core   0: 1 0x0000000080000114 (0xa001)
core   0: 1 0x0000000080000114 (0xa001)
core   0: 1 0x0000000080000114 (0xa001)
core   0: 1 0x0000000080000114 (0xa001)
core   0: 1 0x0000000080000114 (0xa001)
core   0: 1 0x0000000080000114 (0xa001)
core   0: 1 0x0000000080000114 (0xa001)
core   0: 1 0x0000000080000114 (0xa001)
core   0: 1 0x0000000080000114 (0xa001)
core   0: 1 0x0000000080000114 (0xa001)
core   0: 1 0x0000000080000114 (0xa001)
core   0: 1 0x0000000080000114 (0xa001)
core   0: 1 0x0000000080000114 (0xa001)
core   0: 1 0x0000000080000114 (0xa001)
core   0: 1 0x0000000080000114 (0xa001)
core   0: 1 0x0000000080000114 (0xa001)
core   0: 1 0x0000000080000114 (0xa001)
core   0: 1 0x0000000080000114 (0xa001)
core   0: 1 0x0000000080000114 (0xa001)
core   0: 1 0x0000000080000114 (0xa001)
core   0: 1 0x0000000080000114 (0xa001)
core   0: 1 0x0000000080000114 (0xa001)
core   0: 1 0x0000000080000114 (0xa001)
core   0: 1 0x0000000080000114 (0xa001)
core   0: 1 0x0000000080000114 (0xa001)
core   0: 1 0x0000000080000114 (0xa001)
core   0: 1 0x0000000080000114 (0xa001)
core   0: 1 0x0000000080000114 (0xa001)
core   0: 1 0x0000000080000114 (0xa001)
core   0: 1 0x0000000080000114 (0xa001)
core   0: 1 0x0000000080000114 (0xa001)
core   0: 1 0x0000000080000114 (0xa001)
core   0: 1 0x0000000080000114 (0xa001)
core   0: 1 0x0000000080000114 (0xa001)
core   0: 1 0x0000000080000114 (0xa001)
core   0: 1 0x0000000080000114 (0xa001)
core   0: 1 0x0000000080000114 (0xa001)
core   0: 1 0x0000000080000114 (0xa001)
core   0: 1 0x0000000080000114 (0xa001)
core   0: 1 0x0000000080000114 (0xa001)
core   0: 1 0x0000000080000114 (0xa001)
core   0: 1 0x0000000080000114 (0xa001)
core   0: 1 0x0000000080000114 (0xa001)
core   0: 1 0x0000000080000114 (0xa001)
core   0: 1 0x0000000080000114 (0xa001)
core   0: 1 0x0000000080000114 (0xa001)
core   0: 1 0x0000000080000114 (0xa001)
core   0: 1 0x0000000080000114 (0xa001)
core   0: 1 0x0000000080000114 (0xa001)
core   0: 1 0x0000000080000114 (0xa001)
core   0: 1 0x0000000080000114 (0xa001)
